order_id,date,product_category,sales_amount,quantity,payment_method,customer_rating,month,day_of_week,total_revenue
1001,2025-04-13,Unknown,323.84,1,PayPal,4,Apr,Sunday,323.84
1002,2025-12-15,Unknown,137.13,4,PayPal,3,Dec,Monday,548.52
1003,2025-09-28,Unknown,51.48,5,Credit Card,2,Sep,Sunday,257.4
1004,2025-04-17,Unknown,68.44,1,Debit Card,3,Apr,Thursday,68.44
1005,2025-03-13,Unknown,120.05,5,Debit Card,1,Mar,Thursday,600.25
1006,2025-07-08,Unknown,255.1,2,PayPal,3,Jul,Tuesday,510.2
1007,2025-01-21,Unknown,421.82,3,Credit Card,2,Jan,Tuesday,1265.46
1008,2025-04-13,Unknown,353.63,5,PayPal,2,Apr,Sunday,1768.15
1009,2025-05-02,Unknown,396.63,4,PayPal,4,May,Friday,1586.52
1010,2025-08-03,Unknown,181.98,5,PayPal,1,Aug,Sunday,909.9
1011,2025-11-27,Beauty,208.28,5,Credit Card,5,Nov,Thursday,1041.4
1012,2025-03-29,Clothing,202.9,5,UPI,4,Mar,Saturday,1014.5
1013,2025-04-10,Clothing,104.02,5,Credit Card,3,Apr,Thursday,520.1
1014,2025-12-26,Home & Kitchen,40.0,4,PayPal,3,Dec,Friday,160.0
1015,2025-06-01,Beauty,299.55,4,UPI,2,Jun,Sunday,1198.2
1016,2025-05-11,Sports,494.72,5,PayPal,2,May,Sunday,2473.6000000000004
1017,2025-05-30,Clothing,91.75,3,Credit Card,2,May,Friday,275.25
1018,2025-11-05,Home & Kitchen,32.88,5,Credit Card,5,Nov,Wednesday,164.4
1019,2025-09-15,Beauty,391.97,4,UPI,5,Sep,Monday,1567.88
1020,2025-12-10,Beauty,133.77,2,Credit Card,4,Dec,Wednesday,267.54
1021,2025-10-21,Electronics,416.53,5,PayPal,5,Oct,Tuesday,2082.6499999999996
1022,2025-07-11,Electronics,354.93,5,UPI,2,Jul,Friday,1774.65
1023,2025-10-04,Clothing,473.38,5,Debit Card,4,Oct,Saturday,2366.9
1024,2025-06-10,Electronics,210.37,5,PayPal,4,Jun,Tuesday,1051.85
1025,2025-11-10,Clothing,334.37,1,Debit Card,1,Nov,Monday,334.37
1026,2025-01-22,Sports,237.78,5,UPI,5,Jan,Wednesday,1188.9
1027,2025-09-10,Clothing,318.99,4,UPI,3,Sep,Wednesday,1275.96
1028,2025-08-24,Electronics,230.3,4,PayPal,3,Aug,Sunday,921.2
1029,2025-12-11,Sports,102.43,1,Credit Card,1,Dec,Thursday,102.43
1030,2025-02-18,Electronics,258.87,5,PayPal,2,Feb,Tuesday,1294.35
1031,2025-02-28,Clothing,269.01,3,Credit Card,1,Feb,Friday,807.03
1032,2025-06-19,Home & Kitchen,407.2,5,Credit Card,2,Jun,Thursday,2036.0
1033,2025-07-07,Beauty,370.41,4,PayPal,5,Jul,Monday,1481.64
1034,2025-09-28,Electronics,335.26,2,UPI,5,Sep,Sunday,670.52
1035,2025-07-09,Clothing,65.56,2,PayPal,4,Jul,Wednesday,131.12
1036,2025-06-24,Sports,363.1,3,Debit Card,4,Jun,Tuesday,1089.3000000000002
1037,2025-02-20,Electronics,255.15,5,UPI,4,Feb,Thursday,1275.75
1038,2025-12-30,Electronics,448.11,1,Credit Card,4,Dec,Tuesday,448.11
1039,2025-02-24,Beauty,460.74,5,UPI,3,Feb,Monday,2303.7
1040,2025-09-01,Clothing,37.03,3,PayPal,4,Sep,Monday,111.09
1041,2025-11-16,Home & Kitchen,412.11,3,UPI,4,Nov,Sunday,1236.33
1042,2025-05-11,Sports,28.47,3,Credit Card,4,May,Sunday,85.41
1043,2025-11-03,Clothing,189.91,2,Credit Card,2,Nov,Monday,379.82
1044,2025-05-15,Sports,275.73,5,UPI,4,May,Thursday,1378.65
1045,2025-01-21,Electronics,82.57,5,Debit Card,1,Jan,Tuesday,412.84999999999997
1046,2025-11-25,Beauty,375.69,1,Credit Card,4,Nov,Tuesday,375.69
1047,2025-06-16,Beauty,14.09,3,Debit Card,4,Jun,Monday,42.269999999999996
1048,2025-10-01,Home & Kitchen,92.61,3,Credit Card,3,Oct,Wednesday,277.83
1049,2025-03-30,Beauty,294.59,4,UPI,4,Mar,Sunday,1178.36
1050,2025-11-12,Electronics,360.05,4,Credit Card,2,Nov,Wednesday,1440.2
1051,2025-01-14,Home & Kitchen,459.16,2,Debit Card,5,Jan,Tuesday,918.32
1052,2025-08-30,Clothing,355.69,5,Debit Card,4,Aug,Saturday,1778.45
1053,2025-09-22,Beauty,339.17,1,UPI,4,Sep,Monday,339.17
1054,2025-12-12,Home & Kitchen,203.23,1,Debit Card,4,Dec,Friday,203.23
1055,2025-02-22,Electronics,10.63,3,Debit Card,3,Feb,Saturday,31.89
1056,2025-12-06,Sports,68.88,1,UPI,5,Dec,Saturday,68.88
1057,2025-04-02,Sports,271.93,3,Credit Card,3,Apr,Wednesday,815.79
1058,2025-09-21,Electronics,340.81,5,UPI,3,Sep,Sunday,1704.05
1059,2025-02-04,Electronics,214.55,1,Credit Card,3,Feb,Tuesday,214.55
1060,2025-07-25,Sports,368.03,3,Credit Card,2,Jul,Friday,1104.09
1061,2025-03-22,Home & Kitchen,265.71,5,Credit Card,5,Mar,Saturday,1328.55
1062,2025-02-19,Sports,46.35,5,PayPal,2,Feb,Wednesday,231.75
1063,2025-12-26,Electronics,104.09,3,Credit Card,2,Dec,Friday,312.27
1064,2025-01-02,Beauty,421.6,3,UPI,5,Jan,Thursday,1264.8000000000002
1065,2025-02-23,Clothing,365.21,2,UPI,2,Feb,Sunday,730.42
1066,2025-04-16,Beauty,448.43,5,UPI,5,Apr,Wednesday,2242.15
1067,2025-09-17,Beauty,67.6,3,PayPal,4,Sep,Wednesday,202.79999999999998
1068,2025-11-06,Electronics,495.21,5,Debit Card,3,Nov,Thursday,2476.0499999999997
1069,2025-07-10,Sports,112.61,1,PayPal,2,Jul,Thursday,112.61
1070,2025-08-06,Home & Kitchen,15.77,4,UPI,5,Aug,Wednesday,63.08
1071,2025-02-13,Beauty,498.74,4,UPI,1,Feb,Thursday,1994.96
1072,2025-06-11,Sports,147.73,3,Debit Card,2,Jun,Wednesday,443.18999999999994
1073,2025-07-21,Home & Kitchen,337.33,3,PayPal,2,Jul,Monday,1011.99
1074,2025-09-27,Beauty,96.57,5,UPI,5,Sep,Saturday,482.84999999999997
1075,2025-12-17,Home & Kitchen,294.31,3,Credit Card,1,Dec,Wednesday,882.9300000000001
1076,2025-10-31,Sports,452.98,5,Credit Card,1,Oct,Friday,2264.9
1077,2025-09-28,Clothing,166.89,3,UPI,4,Sep,Sunday,500.66999999999996
1078,2025-08-03,Sports,338.42,5,Credit Card,2,Aug,Sunday,1692.1000000000001
1079,2025-09-09,Electronics,102.07,3,Debit Card,3,Sep,Tuesday,306.21
1080,2025-07-09,Home & Kitchen,316.15,2,UPI,2,Jul,Wednesday,632.3
1081,2025-10-23,Clothing,174.86,5,PayPal,3,Oct,Thursday,874.3000000000001
1082,2025-08-01,Home & Kitchen,113.49,2,UPI,3,Aug,Friday,226.98
1083,2025-07-27,Home & Kitchen,163.46,2,Debit Card,5,Jul,Sunday,326.92
1084,2025-08-25,Beauty,97.63,2,PayPal,2,Aug,Monday,195.26
1085,2025-12-04,Electronics,451.94,2,Debit Card,5,Dec,Thursday,903.88
1086,2025-02-22,Home & Kitchen,204.62,1,Credit Card,4,Feb,Saturday,204.62
1087,2025-10-07,Sports,130.19,4,Credit Card,3,Oct,Tuesday,520.76
1088,2025-08-05,Sports,229.72,1,Credit Card,1,Aug,Tuesday,229.72
1089,2025-09-09,Beauty,167.06,3,Debit Card,3,Sep,Tuesday,501.18
1090,2025-07-07,Electronics,374.77,3,Debit Card,4,Jul,Monday,1124.31
1091,2025-02-10,Electronics,485.9,4,UPI,3,Feb,Monday,1943.6
1092,2025-06-06,Sports,224.64,4,PayPal,5,Jun,Friday,898.56
1093,2025-01-15,Clothing,431.91,4,PayPal,2,Jan,Wednesday,1727.64
1094,2025-10-28,Beauty,287.27,2,Debit Card,1,Oct,Tuesday,574.54
1095,2025-03-06,Beauty,87.05,1,Debit Card,5,Mar,Thursday,87.05
1096,2025-12-11,Sports,348.41,3,Credit Card,2,Dec,Thursday,1045.23
1097,2025-11-23,Sports,261.58,1,Debit Card,1,Nov,Sunday,261.58
1098,2025-01-09,Clothing,328.8,1,Credit Card,4,Jan,Thursday,328.8
1099,2025-12-10,Clothing,445.95,1,Debit Card,3,Dec,Wednesday,445.95
1100,2025-05-09,Electronics,225.81,4,PayPal,1,May,Friday,903.24
1101,2025-05-16,Beauty,451.58,4,UPI,4,May,Friday,1806.32
1102,2025-03-04,Beauty,377.83,3,Debit Card,2,Mar,Tuesday,1133.49
1103,2025-05-19,Sports,249.42,3,Credit Card,1,May,Monday,748.26
1104,2025-03-22,Electronics,305.58,3,UPI,4,Mar,Saturday,916.74
1105,2025-06-12,Beauty,169.53,1,Credit Card,2,Jun,Thursday,169.53
1106,2025-10-16,Electronics,491.96,4,Credit Card,5,Oct,Thursday,1967.84
1107,2025-09-18,Electronics,337.0,2,UPI,3,Sep,Thursday,674.0
1108,2025-08-19,Sports,31.48,1,UPI,4,Aug,Tuesday,31.48
1109,2025-02-10,Electronics,170.04,5,UPI,5,Feb,Monday,850.1999999999999
1110,2025-01-28,Clothing,315.42,1,Debit Card,2,Jan,Tuesday,315.42
1111,2025-05-15,Clothing,37.6,4,UPI,1,May,Thursday,150.4
1112,2025-07-20,Home & Kitchen,21.7,5,Debit Card,3,Jul,Sunday,108.5
1113,2025-11-24,Sports,230.51,1,PayPal,2,Nov,Monday,230.51
1114,2025-09-25,Home & Kitchen,173.02,4,PayPal,4,Sep,Thursday,692.08
1115,2025-02-02,Clothing,224.77,4,Credit Card,3,Feb,Sunday,899.08
1116,2025-02-17,Home & Kitchen,138.72,2,Credit Card,5,Feb,Monday,277.44
1117,2025-03-03,Sports,90.71,1,Debit Card,3,Mar,Monday,90.71
1118,2025-08-04,Sports,347.68,4,Credit Card,5,Aug,Monday,1390.72
1119,2025-10-20,Electronics,262.14,3,PayPal,2,Oct,Monday,786.42
1120,2025-04-09,Beauty,108.08,4,Debit Card,1,Apr,Wednesday,432.32
1121,2025-06-21,Electronics,166.6,2,Debit Card,3,Jun,Saturday,333.2
1122,2025-12-26,Sports,299.99,4,UPI,1,Dec,Friday,1199.96
1123,2025-08-02,Clothing,45.39,1,Debit Card,1,Aug,Saturday,45.39
1124,2025-02-04,Clothing,82.25,1,Credit Card,3,Feb,Tuesday,82.25
1125,2025-08-15,Electronics,45.89,5,PayPal,3,Aug,Friday,229.45
1126,2025-04-11,Sports,408.04,1,Credit Card,1,Apr,Friday,408.04
1127,2025-05-11,Clothing,378.68,5,PayPal,4,May,Sunday,1893.4
1128,2025-09-14,Sports,379.12,3,UPI,4,Sep,Sunday,1137.3600000000001
1129,2025-01-05,Clothing,361.0,2,PayPal,3,Jan,Sunday,722.0
1130,2025-08-06,Sports,338.0,3,UPI,1,Aug,Wednesday,1014.0
1131,2025-09-12,Home & Kitchen,243.73,5,Credit Card,1,Sep,Friday,1218.6499999999999
1132,2025-12-25,Sports,324.72,4,UPI,2,Dec,Thursday,1298.88
1133,2025-10-10,Sports,28.8,4,Debit Card,1,Oct,Friday,115.2
1134,2025-07-26,Electronics,314.52,3,Debit Card,4,Jul,Saturday,943.56
1135,2025-01-15,Home & Kitchen,391.16,4,PayPal,2,Jan,Wednesday,1564.64
1136,2025-12-12,Beauty,255.18,5,Credit Card,4,Dec,Friday,1275.9
1137,2025-02-11,Electronics,185.18,2,Credit Card,5,Feb,Tuesday,370.36
1138,2025-06-28,Beauty,145.94,1,PayPal,3,Jun,Saturday,145.94
1139,2025-03-04,Clothing,324.97,5,Debit Card,5,Mar,Tuesday,1624.8500000000001
1140,2025-12-18,Beauty,349.47,5,UPI,3,Dec,Thursday,1747.3500000000001
1141,2025-08-19,Sports,436.77,1,PayPal,4,Aug,Tuesday,436.77
1142,2025-08-29,Beauty,177.74,1,UPI,4,Aug,Friday,177.74
1143,2025-02-21,Electronics,387.19,2,UPI,5,Feb,Friday,774.38
1144,2025-04-06,Electronics,285.06,2,Credit Card,3,Apr,Sunday,570.12
1145,2025-08-10,Beauty,442.59,2,Debit Card,3,Aug,Sunday,885.18
1146,2025-08-19,Electronics,268.63,4,UPI,2,Aug,Tuesday,1074.52
1147,2025-08-25,Electronics,263.64,5,Debit Card,1,Aug,Monday,1318.1999999999998
1148,2025-05-23,Beauty,293.16,1,Credit Card,2,May,Friday,293.16
1149,2025-06-20,Home & Kitchen,377.16,5,PayPal,4,Jun,Friday,1885.8000000000002
1150,2025-01-29,Home & Kitchen,482.7,5,PayPal,5,Jan,Wednesday,2413.5
1151,2025-02-05,Clothing,46.05,2,Credit Card,3,Feb,Wednesday,92.1
1152,2025-01-13,Electronics,36.18,2,Credit Card,2,Jan,Monday,72.36
1153,2025-06-09,Beauty,469.4,5,UPI,5,Jun,Monday,2347.0
1154,2025-11-23,Electronics,269.64,2,Credit Card,5,Nov,Sunday,539.28
1155,2025-07-06,Sports,311.3,4,PayPal,1,Jul,Sunday,1245.2
1156,2025-08-31,Electronics,246.39,1,Debit Card,3,Aug,Sunday,246.39
1157,2025-03-27,Electronics,55.89,5,Debit Card,5,Mar,Thursday,279.45
1158,2025-10-11,Home & Kitchen,386.36,1,Debit Card,3,Oct,Saturday,386.36
1159,2025-03-07,Beauty,376.14,4,Debit Card,2,Mar,Friday,1504.56
1160,2025-06-19,Electronics,162.73,2,Credit Card,5,Jun,Thursday,325.46
1161,2025-02-14,Home & Kitchen,160.06,3,Credit Card,5,Feb,Friday,480.18
1162,2025-03-03,Clothing,420.54,4,Debit Card,2,Mar,Monday,1682.16
1163,2025-05-14,Home & Kitchen,45.46,3,Credit Card,3,May,Wednesday,136.38
1164,2025-10-11,Home & Kitchen,441.74,1,UPI,3,Oct,Saturday,441.74
1165,2025-01-28,Home & Kitchen,135.76,5,Credit Card,5,Jan,Tuesday,678.8
1166,2025-04-18,Electronics,300.56,2,UPI,2,Apr,Friday,601.12
1167,2025-02-13,Electronics,468.64,4,UPI,4,Feb,Thursday,1874.56
1168,2025-12-06,Clothing,342.28,2,Credit Card,3,Dec,Saturday,684.56
1169,2025-10-13,Sports,213.07,3,Debit Card,4,Oct,Monday,639.21
1170,2025-11-27,Sports,347.87,3,UPI,5,Nov,Thursday,1043.6100000000001
1171,2025-05-08,Sports,178.55,5,Credit Card,4,May,Thursday,892.75
1172,2025-12-14,Clothing,145.86,3,PayPal,4,Dec,Sunday,437.58000000000004
1173,2025-08-19,Sports,498.37,5,Debit Card,3,Aug,Tuesday,2491.85
1174,2025-07-09,Sports,377.89,4,PayPal,5,Jul,Wednesday,1511.56
1175,2025-08-13,Home & Kitchen,325.91,5,UPI,4,Aug,Wednesday,1629.5500000000002
1176,2025-10-10,Electronics,184.09,3,PayPal,3,Oct,Friday,552.27
1177,2025-05-01,Electronics,34.09,1,Credit Card,4,May,Thursday,34.09
1178,2025-04-26,Home & Kitchen,25.22,5,Debit Card,3,Apr,Saturday,126.1
1179,2025-08-21,Home & Kitchen,281.55,2,UPI,5,Aug,Thursday,563.1
1180,2025-09-16,Home & Kitchen,383.4,1,Credit Card,2,Sep,Tuesday,383.4
1181,2025-12-25,Electronics,273.32,5,Debit Card,3,Dec,Thursday,1366.6
1182,2025-07-17,Sports,421.98,2,UPI,3,Jul,Thursday,843.96
1183,2025-05-17,Home & Kitchen,26.38,1,UPI,4,May,Saturday,26.38
1184,2025-11-14,Clothing,189.71,5,UPI,5,Nov,Friday,948.5500000000001
1185,2025-06-14,Home & Kitchen,126.16,4,UPI,1,Jun,Saturday,504.64
1186,2025-08-13,Beauty,229.16,2,PayPal,1,Aug,Wednesday,458.32
1187,2025-11-03,Home & Kitchen,45.46,4,PayPal,2,Nov,Monday,181.84
1188,2025-08-22,Electronics,477.52,3,PayPal,5,Aug,Friday,1432.56
1189,2025-06-21,Home & Kitchen,119.4,5,UPI,3,Jun,Saturday,597.0
1190,2025-06-01,Beauty,461.93,5,PayPal,1,Jun,Sunday,2309.65
1191,2025-11-11,Clothing,218.69,2,Debit Card,2,Nov,Tuesday,437.38
1192,2025-06-09,Sports,492.91,5,UPI,5,Jun,Monday,2464.55
1193,2025-04-06,Home & Kitchen,281.49,3,Debit Card,2,Apr,Sunday,844.47
1194,2025-08-21,Beauty,466.11,5,Debit Card,1,Aug,Thursday,2330.55
1195,2025-06-29,Beauty,12.62,1,PayPal,4,Jun,Sunday,12.62
1196,2025-04-23,Clothing,376.64,4,UPI,4,Apr,Wednesday,1506.56
1197,2025-11-14,Electronics,452.49,3,PayPal,5,Nov,Friday,1357.47
1198,2025-02-21,Home & Kitchen,78.46,3,PayPal,2,Feb,Friday,235.38
1199,2025-09-25,Beauty,57.1,4,PayPal,3,Sep,Thursday,228.4
1200,2025-10-22,Clothing,218.04,4,UPI,1,Oct,Wednesday,872.16
1201,2025-04-23,Sports,467.5,3,UPI,4,Apr,Wednesday,1402.5
1202,2025-04-11,Beauty,275.77,4,PayPal,4,Apr,Friday,1103.08
1203,2025-04-23,Clothing,268.45,2,Debit Card,2,Apr,Wednesday,536.9
1204,2025-03-22,Electronics,79.15,4,Debit Card,4,Mar,Saturday,316.6
1205,2025-07-06,Electronics,10.39,1,UPI,2,Jul,Sunday,10.39
1206,2025-04-23,Beauty,406.97,1,Credit Card,1,Apr,Wednesday,406.97
1207,2025-01-02,Beauty,52.91,2,PayPal,2,Jan,Thursday,105.82
1208,2025-05-10,Home & Kitchen,320.59,4,PayPal,4,May,Saturday,1282.36
1209,2025-08-08,Clothing,458.16,1,Credit Card,2,Aug,Friday,458.16
1210,2025-02-23,Beauty,112.24,5,UPI,4,Feb,Sunday,561.1999999999999
1211,2025-12-09,Home & Kitchen,335.98,4,Debit Card,5,Dec,Tuesday,1343.92
1212,2025-08-12,Home & Kitchen,48.56,2,UPI,4,Aug,Tuesday,97.12
1213,2025-08-13,Beauty,305.84,4,Debit Card,4,Aug,Wednesday,1223.36
1214,2025-05-06,Electronics,90.33,3,Debit Card,4,May,Tuesday,270.99
1215,2025-05-10,Clothing,370.62,3,UPI,5,May,Saturday,1111.8600000000001
1216,2025-02-22,Clothing,157.6,1,PayPal,3,Feb,Saturday,157.6
1217,2025-06-21,Electronics,237.06,3,PayPal,4,Jun,Saturday,711.1800000000001
1218,2025-08-06,Beauty,303.72,2,PayPal,3,Aug,Wednesday,607.44
1219,2025-06-09,Clothing,93.92,1,Debit Card,1,Jun,Monday,93.92
1220,2025-07-17,Beauty,373.4,2,PayPal,2,Jul,Thursday,746.8
1221,2025-09-04,Beauty,158.29,2,Debit Card,3,Sep,Thursday,316.58
1222,2025-11-20,Home & Kitchen,334.56,3,PayPal,1,Nov,Thursday,1003.6800000000001
1223,2025-07-22,Electronics,87.56,3,UPI,2,Jul,Tuesday,262.68
1224,2025-07-03,Beauty,347.18,2,Credit Card,4,Jul,Thursday,694.36
1225,2025-05-03,Sports,72.81,3,Debit Card,4,May,Saturday,218.43
1226,2025-09-12,Electronics,218.42,3,UPI,4,Sep,Friday,655.26
1227,2025-10-21,Clothing,131.13,3,Debit Card,5,Oct,Tuesday,393.39
1228,2025-10-07,Home & Kitchen,376.7,4,Debit Card,5,Oct,Tuesday,1506.8
1229,2025-11-21,Clothing,138.4,2,UPI,5,Nov,Friday,276.8
1230,2025-04-08,Clothing,442.04,5,PayPal,5,Apr,Tuesday,2210.2000000000003
1231,2025-07-17,Electronics,446.99,2,Debit Card,1,Jul,Thursday,893.98
1232,2025-08-28,Clothing,106.26,1,Credit Card,1,Aug,Thursday,106.26
1233,2025-05-24,Beauty,310.78,3,Credit Card,4,May,Saturday,932.3399999999999
1234,2025-04-07,Clothing,52.98,3,UPI,2,Apr,Monday,158.94
1235,2025-07-20,Home & Kitchen,201.85,5,Credit Card,5,Jul,Sunday,1009.25
1236,2025-05-04,Home & Kitchen,359.53,1,UPI,2,May,Sunday,359.53
1237,2025-07-06,Sports,333.12,4,UPI,1,Jul,Sunday,1332.48
1238,2025-11-22,Home & Kitchen,316.1,2,Debit Card,5,Nov,Saturday,632.2
1239,2025-12-15,Clothing,148.45,4,UPI,1,Dec,Monday,593.8
1240,2025-09-16,Home & Kitchen,195.23,1,UPI,1,Sep,Tuesday,195.23
1241,2025-05-28,Electronics,60.44,5,PayPal,3,May,Wednesday,302.2
1242,2025-09-09,Home & Kitchen,362.32,1,Debit Card,1,Sep,Tuesday,362.32
1243,2025-12-12,Beauty,256.91,5,Credit Card,4,Dec,Friday,1284.5500000000002
1244,2025-05-27,Electronics,357.3,4,PayPal,1,May,Tuesday,1429.2
1245,2025-05-28,Sports,131.98,4,PayPal,5,May,Wednesday,527.92
1246,2025-12-18,Beauty,168.97,1,Debit Card,4,Dec,Thursday,168.97
1247,2025-07-18,Clothing,173.77,1,Debit Card,1,Jul,Friday,173.77
1248,2025-11-04,Clothing,22.61,3,PayPal,4,Nov,Tuesday,67.83
1249,2025-05-08,Clothing,177.11,5,Debit Card,1,May,Thursday,885.5500000000001
1250,2025-02-08,Beauty,403.62,3,Debit Card,4,Feb,Saturday,1210.8600000000001
1251,2025-12-04,Beauty,449.68,2,UPI,2,Dec,Thursday,899.36
1252,2025-12-26,Beauty,263.93,2,Debit Card,3,Dec,Friday,527.86
1253,2025-05-09,Electronics,233.2,1,UPI,4,May,Friday,233.2
1254,2025-09-24,Electronics,25.1,4,PayPal,5,Sep,Wednesday,100.4
1255,2025-05-31,Clothing,440.81,2,PayPal,3,May,Saturday,881.62
1256,2025-10-25,Home & Kitchen,16.38,2,Credit Card,3,Oct,Saturday,32.76
1257,2025-04-09,Clothing,472.93,3,Debit Card,1,Apr,Wednesday,1418.79
1258,2025-09-20,Sports,249.72,3,PayPal,4,Sep,Saturday,749.16
1259,2025-09-09,Electronics,177.55,2,UPI,3,Sep,Tuesday,355.1
1260,2025-05-24,Beauty,462.87,1,PayPal,5,May,Saturday,462.87
1261,2025-12-12,Electronics,21.95,3,Debit Card,5,Dec,Friday,65.85
1262,2025-04-22,Beauty,294.9,2,Credit Card,5,Apr,Tuesday,589.8
1263,2025-03-01,Sports,278.98,4,Credit Card,1,Mar,Saturday,1115.92
1264,2025-01-02,Sports,117.47,3,PayPal,2,Jan,Thursday,352.40999999999997
1265,2025-10-31,Electronics,220.15,2,Credit Card,4,Oct,Friday,440.3
1266,2025-09-11,Beauty,329.61,5,Debit Card,3,Sep,Thursday,1648.0500000000002
1267,2025-05-20,Sports,366.29,3,Debit Card,4,May,Tuesday,1098.8700000000001
1268,2025-02-06,Clothing,10.35,5,Credit Card,3,Feb,Thursday,51.75
1269,2025-06-09,Clothing,469.06,3,UPI,1,Jun,Monday,1407.18
1270,2025-01-09,Beauty,90.62,3,Credit Card,4,Jan,Thursday,271.86
1271,2025-08-21,Electronics,124.45,5,Credit Card,1,Aug,Thursday,622.25
1272,2025-04-09,Sports,139.1,1,PayPal,1,Apr,Wednesday,139.1
1273,2025-05-27,Electronics,28.53,2,UPI,4,May,Tuesday,57.06
1274,2025-10-31,Clothing,70.3,1,Credit Card,4,Oct,Friday,70.3
1275,2025-07-27,Sports,493.31,1,PayPal,3,Jul,Sunday,493.31
1276,2025-05-11,Electronics,164.46,2,PayPal,5,May,Sunday,328.92
1277,2025-06-01,Home & Kitchen,66.5,4,PayPal,1,Jun,Sunday,266.0
1278,2025-02-23,Beauty,62.43,1,Debit Card,2,Feb,Sunday,62.43
1279,2025-04-30,Beauty,362.54,1,PayPal,3,Apr,Wednesday,362.54
1280,2025-06-10,Home & Kitchen,428.74,1,PayPal,3,Jun,Tuesday,428.74
1281,2025-04-26,Clothing,135.91,4,Debit Card,5,Apr,Saturday,543.64
1282,2025-03-16,Sports,20.25,3,Debit Card,5,Mar,Sunday,60.75
1283,2025-04-23,Beauty,119.31,5,PayPal,1,Apr,Wednesday,596.55
1284,2025-04-14,Home & Kitchen,37.69,5,Credit Card,3,Apr,Monday,188.45
1285,2025-12-06,Home & Kitchen,60.66,4,UPI,3,Dec,Saturday,242.64
1286,2025-09-11,Clothing,221.44,1,Debit Card,2,Sep,Thursday,221.44
1287,2025-08-15,Clothing,122.66,5,UPI,1,Aug,Friday,613.3
1288,2025-04-22,Electronics,262.81,4,Debit Card,1,Apr,Tuesday,1051.24
1289,2025-04-09,Beauty,134.21,2,PayPal,5,Apr,Wednesday,268.42
1290,2025-06-02,Electronics,470.86,5,Debit Card,1,Jun,Monday,2354.3
1291,2025-12-15,Home & Kitchen,453.91,2,PayPal,2,Dec,Monday,907.82
1292,2025-12-04,Sports,287.73,1,UPI,1,Dec,Thursday,287.73
1293,2025-07-13,Sports,183.67,5,Credit Card,4,Jul,Sunday,918.3499999999999
1294,2025-11-06,Clothing,196.76,4,PayPal,4,Nov,Thursday,787.04
1295,2025-06-12,Sports,211.81,3,UPI,2,Jun,Thursday,635.4300000000001
1296,2025-07-27,Sports,366.51,5,UPI,5,Jul,Sunday,1832.55
1297,2025-06-18,Sports,231.3,5,Debit Card,3,Jun,Wednesday,1156.5
1298,2025-06-10,Home & Kitchen,429.8,5,PayPal,1,Jun,Tuesday,2149.0
1299,2025-03-09,Sports,472.61,5,UPI,5,Mar,Sunday,2363.05
1300,2025-10-16,Sports,174.61,4,Credit Card,5,Oct,Thursday,698.44
1301,2025-10-04,Sports,284.74,4,Debit Card,1,Oct,Saturday,1138.96
1302,2025-10-31,Electronics,56.58,3,Debit Card,3,Oct,Friday,169.74
1303,2025-05-15,Home & Kitchen,108.23,4,UPI,1,May,Thursday,432.92
1304,2025-07-14,Clothing,212.6,4,PayPal,3,Jul,Monday,850.4
1305,2025-05-08,Electronics,111.04,1,Debit Card,2,May,Thursday,111.04
1306,2025-02-02,Beauty,439.51,1,PayPal,3,Feb,Sunday,439.51
1307,2025-06-25,Home & Kitchen,87.56,2,UPI,5,Jun,Wednesday,175.12
1308,2025-01-22,Home & Kitchen,233.27,3,UPI,2,Jan,Wednesday,699.8100000000001
1309,2025-08-26,Beauty,306.79,1,PayPal,4,Aug,Tuesday,306.79
1310,2025-06-07,Beauty,349.01,3,Credit Card,2,Jun,Saturday,1047.03
1311,2025-02-07,Beauty,197.7,3,Debit Card,3,Feb,Friday,593.0999999999999
1312,2025-08-18,Clothing,435.86,5,UPI,2,Aug,Monday,2179.3
1313,2025-12-31,Sports,288.48,3,Credit Card,2,Dec,Wednesday,865.44
1314,2025-02-20,Home & Kitchen,225.36,5,Credit Card,4,Feb,Thursday,1126.8000000000002
1315,2025-09-21,Sports,42.95,2,PayPal,3,Sep,Sunday,85.9
1316,2025-10-10,Sports,237.7,2,PayPal,5,Oct,Friday,475.4
1317,2025-01-27,Beauty,412.16,2,PayPal,2,Jan,Monday,824.32
1318,2025-08-14,Clothing,311.13,5,Credit Card,1,Aug,Thursday,1555.65
1319,2025-10-04,Electronics,417.76,5,Debit Card,5,Oct,Saturday,2088.8
1320,2025-10-13,Clothing,252.07,2,PayPal,2,Oct,Monday,504.14
1321,2025-04-07,Sports,68.05,5,Debit Card,5,Apr,Monday,340.25
1322,2025-10-11,Clothing,16.68,4,PayPal,1,Oct,Saturday,66.72
1323,2025-11-13,Beauty,158.58,4,Credit Card,5,Nov,Thursday,634.32
1324,2025-10-31,Electronics,352.02,5,Debit Card,5,Oct,Friday,1760.1
1325,2025-05-27,Beauty,397.23,5,Debit Card,1,May,Tuesday,1986.15
1326,2025-01-04,Electronics,154.92,1,Credit Card,1,Jan,Saturday,154.92
1327,2025-02-04,Sports,252.87,1,Debit Card,1,Feb,Tuesday,252.87
1328,2025-07-11,Electronics,216.35,3,Credit Card,4,Jul,Friday,649.05
1329,2025-02-18,Electronics,211.16,3,Credit Card,1,Feb,Tuesday,633.48
1330,2025-01-17,Electronics,123.36,3,UPI,5,Jan,Friday,370.08
1331,2025-06-21,Clothing,76.82,2,PayPal,1,Jun,Saturday,153.64
1332,2025-08-08,Clothing,106.38,4,UPI,2,Aug,Friday,425.52
1333,2025-06-07,Sports,37.11,2,Credit Card,1,Jun,Saturday,74.22
1334,2025-02-15,Electronics,107.08,5,Credit Card,1,Feb,Saturday,535.4
1335,2025-01-06,Home & Kitchen,14.51,1,Debit Card,3,Jan,Monday,14.51
1336,2025-04-09,Sports,317.36,5,Credit Card,5,Apr,Wednesday,1586.8000000000002
1337,2025-08-21,Electronics,165.02,5,Credit Card,5,Aug,Thursday,825.1
1338,2025-02-06,Electronics,486.84,1,Credit Card,2,Feb,Thursday,486.84
1339,2025-10-07,Clothing,104.92,5,PayPal,4,Oct,Tuesday,524.6
1340,2025-12-15,Sports,179.46,3,UPI,3,Dec,Monday,538.38
1341,2025-10-29,Electronics,185.34,1,UPI,2,Oct,Wednesday,185.34
1342,2025-06-30,Electronics,14.14,5,PayPal,2,Jun,Monday,70.7
1343,2025-04-05,Sports,421.21,3,PayPal,5,Apr,Saturday,1263.6299999999999
1344,2025-04-09,Home & Kitchen,25.68,3,PayPal,3,Apr,Wednesday,77.03999999999999
1345,2025-07-07,Sports,470.69,4,UPI,5,Jul,Monday,1882.76
1346,2025-04-26,Sports,447.12,3,UPI,4,Apr,Saturday,1341.3600000000001
1347,2025-07-10,Home & Kitchen,272.41,2,Credit Card,5,Jul,Thursday,544.82
1348,2025-09-10,Sports,276.36,1,UPI,1,Sep,Wednesday,276.36
1349,2025-06-10,Electronics,330.35,1,Debit Card,5,Jun,Tuesday,330.35
1350,2025-09-13,Sports,199.65,1,UPI,1,Sep,Saturday,199.65
1351,2025-11-19,Home & Kitchen,327.14,5,PayPal,2,Nov,Wednesday,1635.6999999999998
1352,2025-05-08,Beauty,31.94,5,UPI,4,May,Thursday,159.70000000000002
1353,2025-01-18,Sports,36.48,2,Credit Card,1,Jan,Saturday,72.96
1354,2025-10-08,Clothing,234.04,3,UPI,4,Oct,Wednesday,702.12
1355,2025-08-11,Electronics,279.31,5,PayPal,5,Aug,Monday,1396.55
1356,2025-02-23,Electronics,445.03,3,Debit Card,5,Feb,Sunday,1335.09
1357,2025-02-27,Clothing,61.28,3,PayPal,2,Feb,Thursday,183.84
1358,2025-11-19,Clothing,413.1,5,Debit Card,5,Nov,Wednesday,2065.5
1359,2025-12-26,Sports,112.92,5,Credit Card,1,Dec,Friday,564.6
1360,2025-06-23,Clothing,203.1,2,Credit Card,2,Jun,Monday,406.2
1361,2025-10-07,Beauty,165.14,4,UPI,4,Oct,Tuesday,660.56
1362,2025-04-24,Home & Kitchen,206.08,1,Credit Card,2,Apr,Thursday,206.08
1363,2025-10-15,Clothing,83.74,5,Credit Card,4,Oct,Wednesday,418.7
1364,2025-12-08,Clothing,256.75,5,PayPal,3,Dec,Monday,1283.75
1365,2025-05-31,Beauty,402.8,3,PayPal,1,May,Saturday,1208.4
1366,2025-05-07,Electronics,226.35,4,UPI,1,May,Wednesday,905.4
1367,2025-06-04,Electronics,250.4,5,UPI,4,Jun,Wednesday,1252.0
1368,2025-09-30,Sports,425.9,4,UPI,5,Sep,Tuesday,1703.6
1369,2025-04-14,Beauty,355.97,1,UPI,5,Apr,Monday,355.97
1370,2025-10-26,Home & Kitchen,250.32,3,PayPal,3,Oct,Sunday,750.96
1371,2025-09-03,Home & Kitchen,136.27,2,UPI,4,Sep,Wednesday,272.54
1372,2025-06-25,Beauty,443.61,1,UPI,3,Jun,Wednesday,443.61
1373,2025-02-08,Home & Kitchen,292.74,4,Credit Card,4,Feb,Saturday,1170.96
1374,2025-06-19,Electronics,118.36,4,UPI,3,Jun,Thursday,473.44
1375,2025-09-04,Home & Kitchen,141.87,1,Debit Card,4,Sep,Thursday,141.87
1376,2025-01-26,Home & Kitchen,403.54,4,Credit Card,1,Jan,Sunday,1614.16
1377,2025-12-21,Beauty,31.63,2,PayPal,3,Dec,Sunday,63.26
1378,2025-11-02,Beauty,496.13,2,Debit Card,3,Nov,Sunday,992.26
1379,2025-01-13,Home & Kitchen,73.87,4,UPI,4,Jan,Monday,295.48
1380,2025-11-12,Clothing,400.07,4,Credit Card,2,Nov,Wednesday,1600.28
1381,2025-11-09,Beauty,203.44,2,UPI,2,Nov,Sunday,406.88
1382,2025-02-05,Sports,251.19,4,Credit Card,1,Feb,Wednesday,1004.76
1383,2025-06-22,Sports,441.52,5,UPI,5,Jun,Sunday,2207.6
1384,2025-01-20,Electronics,212.33,3,Debit Card,5,Jan,Monday,636.99
1385,2025-11-17,Home & Kitchen,273.37,5,PayPal,1,Nov,Monday,1366.85
1386,2025-09-21,Clothing,34.16,4,Debit Card,5,Sep,Sunday,136.64
1387,2025-05-22,Electronics,11.15,4,Debit Card,4,May,Thursday,44.6
1388,2025-05-23,Home & Kitchen,129.95,3,PayPal,2,May,Friday,389.84999999999997
1389,2025-04-02,Beauty,343.49,4,Credit Card,1,Apr,Wednesday,1373.96
1390,2025-12-20,Sports,69.42,3,Credit Card,4,Dec,Saturday,208.26
1391,2025-11-18,Clothing,65.74,2,PayPal,1,Nov,Tuesday,131.48
1392,2025-10-15,Sports,211.37,3,UPI,2,Oct,Wednesday,634.11
1393,2025-08-03,Beauty,327.44,3,Credit Card,5,Aug,Sunday,982.3199999999999
1394,2025-12-08,Home & Kitchen,358.92,5,Debit Card,4,Dec,Monday,1794.6000000000001
1395,2025-02-20,Beauty,97.44,4,PayPal,2,Feb,Thursday,389.76
1396,2025-06-02,Beauty,49.0,2,Debit Card,1,Jun,Monday,98.0
1397,2025-07-05,Sports,470.79,1,Credit Card,3,Jul,Saturday,470.79
1398,2025-03-04,Clothing,137.73,3,PayPal,4,Mar,Tuesday,413.18999999999994
1399,2025-07-09,Beauty,428.14,1,PayPal,1,Jul,Wednesday,428.14
1400,2025-05-05,Sports,433.11,4,Credit Card,1,May,Monday,1732.44
1401,2025-05-30,Clothing,388.54,3,Credit Card,2,May,Friday,1165.6200000000001
1402,2025-11-10,Home & Kitchen,92.73,1,PayPal,1,Nov,Monday,92.73
1403,2025-02-27,Home & Kitchen,412.68,5,UPI,4,Feb,Thursday,2063.4
1404,2025-12-08,Electronics,386.93,1,PayPal,4,Dec,Monday,386.93
1405,2025-11-01,Sports,302.39,5,UPI,1,Nov,Saturday,1511.9499999999998
1406,2025-06-29,Clothing,175.23,2,Debit Card,2,Jun,Sunday,350.46
1407,2025-06-19,Beauty,138.63,4,UPI,4,Jun,Thursday,554.52
1408,2025-11-22,Home & Kitchen,69.73,1,UPI,3,Nov,Saturday,69.73
1409,2025-09-28,Clothing,259.78,3,Credit Card,5,Sep,Sunday,779.3399999999999
1410,2025-02-23,Sports,296.78,4,PayPal,2,Feb,Sunday,1187.12
1411,2025-04-11,Electronics,186.08,1,Debit Card,2,Apr,Friday,186.08
1412,2025-09-21,Home & Kitchen,242.93,3,PayPal,5,Sep,Sunday,728.79
1413,2025-02-22,Clothing,188.12,3,UPI,5,Feb,Saturday,564.36
1414,2025-03-01,Clothing,324.09,3,UPI,4,Mar,Saturday,972.27
1415,2025-04-18,Clothing,451.62,3,UPI,1,Apr,Friday,1354.8600000000001
1416,2025-01-05,Sports,90.32,1,PayPal,1,Jan,Sunday,90.32
1417,2025-04-13,Sports,196.89,2,UPI,3,Apr,Sunday,393.78
1418,2025-07-15,Sports,79.03,5,PayPal,1,Jul,Tuesday,395.15
1419,2025-09-19,Beauty,316.22,5,Debit Card,3,Sep,Friday,1581.1000000000001
1420,2025-12-31,Clothing,367.15,5,Debit Card,3,Dec,Wednesday,1835.75
1421,2025-12-16,Home & Kitchen,466.64,2,PayPal,2,Dec,Tuesday,933.28
1422,2025-02-16,Sports,146.65,3,Debit Card,2,Feb,Sunday,439.95000000000005
1423,2025-12-21,Sports,475.6,3,Credit Card,4,Dec,Sunday,1426.8000000000002
1424,2025-11-07,Clothing,41.0,4,UPI,5,Nov,Friday,164.0
1425,2025-11-04,Sports,305.48,5,UPI,5,Nov,Tuesday,1527.4
1426,2025-05-24,Beauty,38.0,5,UPI,3,May,Saturday,190.0
1427,2025-09-26,Beauty,447.95,3,Credit Card,5,Sep,Friday,1343.85
1428,2025-05-04,Sports,269.61,5,UPI,3,May,Sunday,1348.0500000000002
1429,2025-04-16,Clothing,337.98,3,PayPal,5,Apr,Wednesday,1013.94
1430,2025-06-07,Clothing,417.47,3,UPI,4,Jun,Saturday,1252.41
1431,2025-05-27,Clothing,83.65,3,PayPal,2,May,Tuesday,250.95000000000002
1432,2025-05-25,Electronics,28.91,1,Debit Card,2,May,Sunday,28.91
1433,2025-04-30,Sports,440.65,1,PayPal,3,Apr,Wednesday,440.65
1434,2025-11-15,Clothing,164.32,1,PayPal,5,Nov,Saturday,164.32
1435,2025-10-02,Beauty,73.2,1,PayPal,1,Oct,Thursday,73.2
1436,2025-04-02,Home & Kitchen,239.55,2,UPI,4,Apr,Wednesday,479.1
1437,2025-02-27,Home & Kitchen,303.17,4,Credit Card,5,Feb,Thursday,1212.68
1438,2025-12-12,Clothing,25.18,4,Credit Card,1,Dec,Friday,100.72
1439,2025-08-17,Home & Kitchen,144.7,3,PayPal,4,Aug,Sunday,434.09999999999997
1440,2025-04-27,Home & Kitchen,26.07,5,UPI,4,Apr,Sunday,130.35
1441,2025-11-14,Electronics,215.96,1,Credit Card,2,Nov,Friday,215.96
1442,2025-10-06,Beauty,448.6,4,Debit Card,3,Oct,Monday,1794.4
1443,2025-05-07,Beauty,491.5,4,Debit Card,5,May,Wednesday,1966.0
1444,2025-05-09,Electronics,322.15,1,UPI,4,May,Friday,322.15
1445,2025-02-27,Electronics,89.2,2,Debit Card,5,Feb,Thursday,178.4
1446,2025-05-02,Home & Kitchen,453.87,2,Debit Card,4,May,Friday,907.74
1447,2025-01-01,Sports,262.96,4,Debit Card,2,Jan,Wednesday,1051.84
1448,2025-08-27,Home & Kitchen,85.34,2,Credit Card,3,Aug,Wednesday,170.68
1449,2025-10-17,Electronics,461.65,1,Debit Card,1,Oct,Friday,461.65
1450,2025-04-06,Beauty,381.16,4,PayPal,1,Apr,Sunday,1524.64
1451,2025-05-06,Home & Kitchen,368.54,1,PayPal,2,May,Tuesday,368.54
1452,2025-04-28,Sports,357.5,2,Debit Card,4,Apr,Monday,715.0
1453,2025-02-17,Home & Kitchen,108.17,1,PayPal,2,Feb,Monday,108.17
1454,2025-03-30,Clothing,113.39,2,Credit Card,3,Mar,Sunday,226.78
1455,2025-08-25,Home & Kitchen,347.26,2,UPI,1,Aug,Monday,694.52
1456,2025-09-29,Electronics,117.66,1,PayPal,5,Sep,Monday,117.66
1457,2025-07-08,Beauty,224.95,2,Debit Card,1,Jul,Tuesday,449.9
1458,2025-07-11,Beauty,393.18,3,UPI,3,Jul,Friday,1179.54
1459,2025-03-10,Electronics,394.14,1,UPI,4,Mar,Monday,394.14
1460,2025-10-05,Clothing,232.1,3,Debit Card,2,Oct,Sunday,696.3
1461,2025-12-15,Electronics,398.17,1,PayPal,1,Dec,Monday,398.17
1462,2025-09-04,Home & Kitchen,420.92,2,Credit Card,1,Sep,Thursday,841.84
1463,2025-03-17,Electronics,330.84,2,PayPal,5,Mar,Monday,661.68
1464,2025-06-03,Electronics,121.93,4,PayPal,2,Jun,Tuesday,487.72
1465,2025-05-24,Clothing,144.27,4,Credit Card,5,May,Saturday,577.08
1466,2025-03-27,Home & Kitchen,164.27,3,UPI,5,Mar,Thursday,492.81000000000006
1467,2025-07-04,Sports,67.23,2,Credit Card,4,Jul,Friday,134.46
1468,2025-10-12,Sports,143.85,4,Credit Card,1,Oct,Sunday,575.4
1469,2025-08-08,Beauty,112.66,2,Debit Card,2,Aug,Friday,225.32
1470,2025-03-10,Electronics,233.11,1,Debit Card,4,Mar,Monday,233.11
1471,2025-02-16,Beauty,455.13,4,PayPal,4,Feb,Sunday,1820.52
1472,2025-04-04,Clothing,61.2,3,Debit Card,4,Apr,Friday,183.60000000000002
1473,2025-08-26,Sports,362.93,4,Credit Card,3,Aug,Tuesday,1451.72
1474,2025-07-23,Electronics,346.77,2,Credit Card,3,Jul,Wednesday,693.54
1475,2025-08-06,Clothing,56.92,5,Debit Card,4,Aug,Wednesday,284.6
1476,2025-12-07,Clothing,462.06,5,Debit Card,3,Dec,Sunday,2310.3
1477,2025-02-08,Electronics,288.55,2,Debit Card,2,Feb,Saturday,577.1
1478,2025-04-10,Clothing,188.23,1,Credit Card,1,Apr,Thursday,188.23
1479,2025-10-16,Electronics,380.7,4,UPI,2,Oct,Thursday,1522.8
1480,2025-09-11,Electronics,136.11,5,UPI,1,Sep,Thursday,680.5500000000001
1481,2025-08-10,Home & Kitchen,349.82,1,Debit Card,3,Aug,Sunday,349.82
1482,2025-12-23,Beauty,29.46,2,PayPal,2,Dec,Tuesday,58.92
1483,2025-01-23,Clothing,421.31,1,PayPal,5,Jan,Thursday,421.31
1484,2025-09-07,Clothing,229.6,2,UPI,4,Sep,Sunday,459.2
1485,2025-01-10,Home & Kitchen,321.98,4,Debit Card,1,Jan,Friday,1287.92
1486,2025-09-03,Home & Kitchen,118.41,1,Credit Card,1,Sep,Wednesday,118.41
1487,2025-11-21,Home & Kitchen,341.77,4,PayPal,5,Nov,Friday,1367.08
1488,2025-04-10,Sports,388.4,1,PayPal,5,Apr,Thursday,388.4
1489,2025-10-17,Sports,241.87,2,Credit Card,4,Oct,Friday,483.74
1490,2025-06-29,Sports,312.69,2,Credit Card,3,Jun,Sunday,625.38
1491,2025-08-11,Electronics,233.6,1,Debit Card,2,Aug,Monday,233.6
1492,2025-09-07,Clothing,448.1,2,Credit Card,2,Sep,Sunday,896.2
1493,2025-05-27,Beauty,253.96,3,Credit Card,2,May,Tuesday,761.88
1494,2025-04-06,Electronics,422.49,3,Credit Card,3,Apr,Sunday,1267.47
1495,2025-09-14,Clothing,402.66,4,UPI,4,Sep,Sunday,1610.64
1496,2025-11-21,Clothing,211.15,3,Credit Card,2,Nov,Friday,633.45
1497,2025-01-04,Home & Kitchen,122.74,3,PayPal,1,Jan,Saturday,368.21999999999997
1498,2025-01-16,Home & Kitchen,208.98,5,Debit Card,1,Jan,Thursday,1044.8999999999999
1499,2025-10-07,Electronics,414.85,5,Debit Card,1,Oct,Tuesday,2074.25
1500,2025-12-02,Home & Kitchen,121.54,5,Debit Card,5,Dec,Tuesday,607.7
1501,2025-09-04,Clothing,266.97,5,UPI,5,Sep,Thursday,1334.8500000000001
1502,2025-09-15,Home & Kitchen,404.99,2,PayPal,3,Sep,Monday,809.98
1503,2025-06-09,Sports,183.2,4,Credit Card,2,Jun,Monday,732.8
1504,2025-12-06,Home & Kitchen,324.68,4,PayPal,5,Dec,Saturday,1298.72
1505,2025-06-01,Clothing,130.36,3,Debit Card,1,Jun,Sunday,391.08000000000004
1506,2025-06-27,Electronics,63.55,4,Credit Card,5,Jun,Friday,254.2
1507,2025-06-12,Beauty,399.25,3,Debit Card,1,Jun,Thursday,1197.75
1508,2025-02-02,Home & Kitchen,58.49,4,Debit Card,2,Feb,Sunday,233.96
1509,2025-06-28,Clothing,142.98,1,Debit Card,3,Jun,Saturday,142.98
1510,2025-04-11,Beauty,429.0,1,PayPal,4,Apr,Friday,429.0
1511,2025-09-25,Beauty,179.77,4,PayPal,4,Sep,Thursday,719.08
1512,2025-11-19,Sports,486.79,2,Debit Card,1,Nov,Wednesday,973.58
1513,2025-03-06,Beauty,490.07,3,Debit Card,5,Mar,Thursday,1470.21
1514,2025-06-17,Clothing,141.46,4,Credit Card,5,Jun,Tuesday,565.84
1515,2025-11-26,Clothing,30.08,3,Debit Card,1,Nov,Wednesday,90.24
1516,2025-02-12,Home & Kitchen,355.48,5,Debit Card,2,Feb,Wednesday,1777.4
1517,2025-02-13,Home & Kitchen,230.98,4,Debit Card,1,Feb,Thursday,923.92
1518,2025-10-12,Home & Kitchen,59.37,2,Debit Card,2,Oct,Sunday,118.74
1519,2025-01-12,Beauty,356.69,5,PayPal,3,Jan,Sunday,1783.45
1520,2025-04-05,Beauty,25.28,4,Debit Card,3,Apr,Saturday,101.12
1521,2025-10-29,Sports,436.4,1,UPI,1,Oct,Wednesday,436.4
1522,2025-09-10,Home & Kitchen,77.94,4,Debit Card,3,Sep,Wednesday,311.76
1523,2025-08-30,Electronics,72.38,1,PayPal,5,Aug,Saturday,72.38
1524,2025-02-04,Sports,96.08,1,UPI,2,Feb,Tuesday,96.08
1525,2025-08-03,Electronics,480.53,4,UPI,4,Aug,Sunday,1922.12
1526,2025-12-03,Beauty,349.65,4,Debit Card,4,Dec,Wednesday,1398.6
1527,2025-03-31,Sports,402.67,1,Debit Card,3,Mar,Monday,402.67
1528,2025-09-21,Sports,204.84,3,PayPal,2,Sep,Sunday,614.52
1529,2025-04-03,Clothing,174.79,5,UPI,5,Apr,Thursday,873.9499999999999
1530,2025-03-31,Beauty,124.9,2,UPI,4,Mar,Monday,249.8
1531,2025-04-25,Beauty,245.52,4,PayPal,5,Apr,Friday,982.08
1532,2025-04-15,Sports,280.4,5,Debit Card,5,Apr,Tuesday,1402.0
1533,2025-07-15,Beauty,319.57,5,Credit Card,4,Jul,Tuesday,1597.85
1534,2025-11-10,Sports,135.99,3,Credit Card,4,Nov,Monday,407.97
1535,2025-04-24,Clothing,474.84,5,UPI,3,Apr,Thursday,2374.2
1536,2025-03-16,Sports,93.18,4,UPI,2,Mar,Sunday,372.72
1537,2025-08-05,Beauty,483.17,5,Debit Card,1,Aug,Tuesday,2415.85
1538,2025-10-04,Beauty,17.28,4,Credit Card,2,Oct,Saturday,69.12
1539,2025-09-06,Sports,245.75,4,UPI,1,Sep,Saturday,983.0
1540,2025-06-13,Sports,173.35,1,Debit Card,4,Jun,Friday,173.35
1541,2025-12-23,Sports,230.07,3,Credit Card,5,Dec,Tuesday,690.21
1542,2025-07-11,Home & Kitchen,289.63,2,PayPal,2,Jul,Friday,579.26
1543,2025-08-15,Beauty,223.44,1,UPI,5,Aug,Friday,223.44
1544,2025-06-26,Beauty,213.27,2,PayPal,2,Jun,Thursday,426.54
1545,2025-04-09,Home & Kitchen,369.03,4,Credit Card,2,Apr,Wednesday,1476.12
1546,2025-02-05,Sports,346.08,1,Debit Card,5,Feb,Wednesday,346.08
1547,2025-04-06,Clothing,418.3,5,Debit Card,3,Apr,Sunday,2091.5
1548,2025-06-01,Sports,132.48,5,Credit Card,4,Jun,Sunday,662.4
1549,2025-05-31,Sports,308.67,2,PayPal,3,May,Saturday,617.34
1550,2025-07-09,Home & Kitchen,296.75,4,Debit Card,3,Jul,Wednesday,1187.0
1551,2025-08-12,Beauty,191.17,2,UPI,2,Aug,Tuesday,382.34
1552,2025-02-06,Sports,248.17,3,PayPal,4,Feb,Thursday,744.51
1553,2025-09-25,Beauty,163.75,5,PayPal,2,Sep,Thursday,818.75
1554,2025-07-02,Electronics,79.5,1,UPI,1,Jul,Wednesday,79.5
1555,2025-01-13,Beauty,114.76,1,Credit Card,2,Jan,Monday,114.76
1556,2025-10-06,Clothing,61.7,1,Debit Card,5,Oct,Monday,61.7
1557,2025-08-05,Clothing,344.7,5,PayPal,2,Aug,Tuesday,1723.5
1558,2025-12-21,Sports,333.76,4,Debit Card,1,Dec,Sunday,1335.04
1559,2025-12-27,Beauty,475.8,5,Debit Card,2,Dec,Saturday,2379.0
1560,2025-10-13,Sports,367.54,5,PayPal,1,Oct,Monday,1837.7
1561,2025-09-30,Home & Kitchen,35.5,1,Credit Card,4,Sep,Tuesday,35.5
1562,2025-03-03,Clothing,443.28,5,PayPal,2,Mar,Monday,2216.3999999999996
1563,2025-03-25,Sports,432.71,1,Credit Card,1,Mar,Tuesday,432.71
1564,2025-08-05,Home & Kitchen,227.23,4,UPI,4,Aug,Tuesday,908.92
1565,2025-12-08,Sports,297.07,3,Credit Card,5,Dec,Monday,891.21
1566,2025-07-06,Beauty,488.28,1,Credit Card,3,Jul,Sunday,488.28
1567,2025-01-19,Beauty,270.83,2,PayPal,1,Jan,Sunday,541.66
1568,2025-06-26,Beauty,453.61,3,Debit Card,5,Jun,Thursday,1360.83
1569,2025-04-10,Beauty,50.69,4,Debit Card,4,Apr,Thursday,202.76
1570,2025-08-21,Electronics,103.62,3,Credit Card,5,Aug,Thursday,310.86
1571,2025-03-17,Home & Kitchen,225.97,1,Credit Card,2,Mar,Monday,225.97
1572,2025-09-22,Home & Kitchen,296.53,4,PayPal,3,Sep,Monday,1186.12
1573,2025-10-11,Beauty,409.95,2,Credit Card,1,Oct,Saturday,819.9
1574,2025-07-25,Electronics,494.25,1,PayPal,4,Jul,Friday,494.25
1575,2025-08-11,Beauty,200.54,1,UPI,3,Aug,Monday,200.54
1576,2025-02-21,Electronics,33.23,4,Credit Card,4,Feb,Friday,132.92
1577,2025-12-05,Beauty,402.57,4,UPI,5,Dec,Friday,1610.28
1578,2025-05-24,Clothing,306.15,3,Credit Card,4,May,Saturday,918.4499999999999
1579,2025-03-10,Clothing,107.29,2,Credit Card,4,Mar,Monday,214.58
1580,2025-04-09,Sports,252.47,3,UPI,5,Apr,Wednesday,757.41
1581,2025-01-25,Beauty,373.73,3,UPI,5,Jan,Saturday,1121.19
1582,2025-02-22,Home & Kitchen,387.5,1,PayPal,3,Feb,Saturday,387.5
1583,2025-05-31,Sports,254.81,4,PayPal,1,May,Saturday,1019.24
1584,2025-05-24,Clothing,159.56,1,UPI,5,May,Saturday,159.56
1585,2025-02-26,Beauty,487.13,2,Credit Card,3,Feb,Wednesday,974.26
1586,2025-02-08,Sports,335.05,3,PayPal,4,Feb,Saturday,1005.1500000000001
1587,2025-04-19,Beauty,210.04,2,Credit Card,4,Apr,Saturday,420.08
1588,2025-06-30,Clothing,147.43,4,Debit Card,2,Jun,Monday,589.72
1589,2025-02-11,Sports,368.24,4,PayPal,5,Feb,Tuesday,1472.96
1590,2025-07-05,Clothing,128.67,5,PayPal,3,Jul,Saturday,643.3499999999999
1591,2025-08-11,Electronics,94.14,2,PayPal,3,Aug,Monday,188.28
1592,2025-05-02,Clothing,269.62,1,Debit Card,1,May,Friday,269.62
1593,2025-05-13,Beauty,152.09,2,UPI,3,May,Tuesday,304.18
1594,2025-06-12,Home & Kitchen,318.16,3,Credit Card,5,Jun,Thursday,954.48
1595,2025-08-03,Clothing,67.79,4,Debit Card,3,Aug,Sunday,271.16
1596,2025-08-09,Home & Kitchen,330.92,4,UPI,2,Aug,Saturday,1323.68
1597,2025-08-23,Electronics,148.82,2,PayPal,4,Aug,Saturday,297.64
1598,2025-11-27,Sports,10.12,2,UPI,4,Nov,Thursday,20.24
1599,2025-05-26,Sports,72.2,2,UPI,3,May,Monday,144.4
1600,2025-08-27,Home & Kitchen,467.47,3,UPI,3,Aug,Wednesday,1402.41
1601,2025-03-17,Sports,435.0,3,Credit Card,3,Mar,Monday,1305.0
1602,2025-01-09,Clothing,124.47,1,UPI,3,Jan,Thursday,124.47
1603,2025-03-15,Home & Kitchen,391.4,2,UPI,2,Mar,Saturday,782.8
1604,2025-09-10,Beauty,308.2,1,UPI,5,Sep,Wednesday,308.2
1605,2025-08-18,Clothing,485.74,5,UPI,2,Aug,Monday,2428.7
1606,2025-01-07,Clothing,193.07,3,Debit Card,2,Jan,Tuesday,579.21
1607,2025-06-23,Clothing,343.92,4,Debit Card,2,Jun,Monday,1375.68
1608,2025-05-21,Beauty,41.13,5,UPI,4,May,Wednesday,205.65
1609,2025-06-17,Electronics,204.16,4,UPI,2,Jun,Tuesday,816.64
1610,2025-06-19,Sports,482.27,5,UPI,3,Jun,Thursday,2411.35
1611,2025-10-10,Home & Kitchen,274.1,1,PayPal,2,Oct,Friday,274.1
1612,2025-05-02,Electronics,151.06,1,UPI,3,May,Friday,151.06
1613,2025-07-13,Home & Kitchen,68.93,3,UPI,5,Jul,Sunday,206.79000000000002
1614,2025-01-05,Sports,354.73,4,Debit Card,4,Jan,Sunday,1418.92
1615,2025-01-29,Beauty,325.98,5,Debit Card,5,Jan,Wednesday,1629.9
1616,2025-06-14,Clothing,193.23,2,Debit Card,5,Jun,Saturday,386.46
1617,2025-12-05,Clothing,475.96,2,Credit Card,4,Dec,Friday,951.92
1618,2025-05-16,Beauty,20.88,3,PayPal,3,May,Friday,62.64
1619,2025-12-31,Electronics,158.82,4,UPI,3,Dec,Wednesday,635.28
1620,2025-11-17,Electronics,461.32,2,Debit Card,3,Nov,Monday,922.64
1621,2025-12-08,Home & Kitchen,167.26,3,Credit Card,4,Dec,Monday,501.78
1622,2025-05-25,Beauty,133.6,3,UPI,2,May,Sunday,400.79999999999995
1623,2025-11-23,Electronics,271.77,4,UPI,1,Nov,Sunday,1087.08
1624,2025-08-05,Beauty,413.66,2,Debit Card,2,Aug,Tuesday,827.32
1625,2025-10-28,Sports,60.54,2,UPI,2,Oct,Tuesday,121.08
1626,2025-05-12,Clothing,472.08,2,UPI,5,May,Monday,944.16
1627,2025-10-19,Clothing,399.59,1,UPI,1,Oct,Sunday,399.59
1628,2025-03-11,Clothing,98.81,2,Debit Card,3,Mar,Tuesday,197.62
1629,2025-09-09,Beauty,358.88,5,Credit Card,2,Sep,Tuesday,1794.4
1630,2025-10-02,Beauty,198.63,1,UPI,4,Oct,Thursday,198.63
1631,2025-12-30,Home & Kitchen,207.12,1,Credit Card,2,Dec,Tuesday,207.12
1632,2025-07-01,Clothing,393.81,1,UPI,3,Jul,Tuesday,393.81
1633,2025-06-16,Home & Kitchen,481.76,1,Debit Card,2,Jun,Monday,481.76
1634,2025-04-01,Clothing,72.06,3,Credit Card,5,Apr,Tuesday,216.18
1635,2025-07-21,Home & Kitchen,216.11,5,Debit Card,5,Jul,Monday,1080.5500000000002
1636,2025-12-12,Home & Kitchen,245.66,4,PayPal,2,Dec,Friday,982.64
1637,2025-01-19,Sports,194.39,2,UPI,5,Jan,Sunday,388.78
1638,2025-02-08,Home & Kitchen,187.96,1,PayPal,4,Feb,Saturday,187.96
1639,2025-05-06,Beauty,35.61,4,PayPal,1,May,Tuesday,142.44
1640,2025-06-22,Home & Kitchen,345.91,3,PayPal,2,Jun,Sunday,1037.73
1641,2025-05-21,Clothing,223.75,4,UPI,4,May,Wednesday,895.0
1642,2025-08-30,Home & Kitchen,105.45,1,Debit Card,4,Aug,Saturday,105.45
1643,2025-08-08,Electronics,409.86,5,PayPal,4,Aug,Friday,2049.3
1644,2025-05-06,Clothing,403.25,4,Credit Card,3,May,Tuesday,1613.0
1645,2025-02-27,Electronics,248.33,1,UPI,2,Feb,Thursday,248.33
1646,2025-05-28,Clothing,156.24,1,Debit Card,2,May,Wednesday,156.24
1647,2025-11-13,Beauty,322.67,2,Debit Card,2,Nov,Thursday,645.34
1648,2025-12-27,Beauty,151.19,2,PayPal,1,Dec,Saturday,302.38
1649,2025-01-01,Beauty,125.64,5,UPI,4,Jan,Wednesday,628.2
1650,2025-12-14,Electronics,367.95,2,PayPal,2,Dec,Sunday,735.9
1651,2025-07-09,Sports,29.76,5,Credit Card,5,Jul,Wednesday,148.8
1652,2025-07-10,Clothing,56.44,3,Debit Card,3,Jul,Thursday,169.32
1653,2025-11-08,Beauty,13.33,3,Debit Card,1,Nov,Saturday,39.99
1654,2025-04-27,Clothing,84.94,2,UPI,3,Apr,Sunday,169.88
1655,2025-05-14,Electronics,43.81,3,Debit Card,4,May,Wednesday,131.43
1656,2025-02-27,Sports,497.94,4,UPI,5,Feb,Thursday,1991.76
1657,2025-02-13,Electronics,151.52,4,PayPal,4,Feb,Thursday,606.08
1658,2025-06-22,Clothing,83.14,4,Credit Card,2,Jun,Sunday,332.56
1659,2025-06-09,Sports,128.09,3,UPI,3,Jun,Monday,384.27
1660,2025-06-22,Sports,468.7,4,PayPal,5,Jun,Sunday,1874.8
1661,2025-11-13,Electronics,264.88,5,Credit Card,3,Nov,Thursday,1324.4
1662,2025-10-30,Beauty,188.76,1,Debit Card,1,Oct,Thursday,188.76
1663,2025-05-29,Clothing,437.96,2,Credit Card,5,May,Thursday,875.92
1664,2025-03-21,Home & Kitchen,203.55,5,Credit Card,1,Mar,Friday,1017.75
1665,2025-08-01,Home & Kitchen,174.15,4,Credit Card,5,Aug,Friday,696.6
1666,2025-07-22,Electronics,111.57,1,Debit Card,2,Jul,Tuesday,111.57
1667,2025-09-09,Clothing,195.12,2,UPI,3,Sep,Tuesday,390.24
1668,2025-08-17,Clothing,165.18,5,UPI,3,Aug,Sunday,825.9000000000001
1669,2025-06-13,Electronics,341.88,2,Credit Card,4,Jun,Friday,683.76
1670,2025-08-15,Clothing,151.9,3,PayPal,5,Aug,Friday,455.70000000000005
1671,2025-05-27,Beauty,292.83,4,PayPal,5,May,Tuesday,1171.32
1672,2025-01-20,Electronics,42.29,5,Credit Card,1,Jan,Monday,211.45
1673,2025-02-16,Beauty,103.73,5,Credit Card,5,Feb,Sunday,518.65
1674,2025-08-21,Clothing,209.63,1,PayPal,3,Aug,Thursday,209.63
1675,2025-11-01,Electronics,469.11,1,Credit Card,5,Nov,Saturday,469.11
1676,2025-01-14,Clothing,194.85,1,Credit Card,4,Jan,Tuesday,194.85
1677,2025-05-23,Electronics,335.4,2,UPI,4,May,Friday,670.8
1678,2025-01-01,Clothing,134.99,4,UPI,3,Jan,Wednesday,539.96
1679,2025-02-23,Beauty,72.25,2,Credit Card,3,Feb,Sunday,144.5
1680,2025-09-16,Beauty,38.68,4,Credit Card,3,Sep,Tuesday,154.72
1681,2025-05-24,Clothing,159.65,5,Debit Card,5,May,Saturday,798.25
1682,2025-01-12,Electronics,87.25,2,UPI,5,Jan,Sunday,174.5
1683,2025-11-26,Home & Kitchen,95.27,2,Credit Card,2,Nov,Wednesday,190.54
1684,2025-08-12,Beauty,382.77,2,Debit Card,1,Aug,Tuesday,765.54
1685,2025-09-29,Beauty,17.76,3,Debit Card,5,Sep,Monday,53.28
1686,2025-12-24,Home & Kitchen,283.33,4,Debit Card,2,Dec,Wednesday,1133.32
1687,2025-06-05,Clothing,195.94,4,Debit Card,2,Jun,Thursday,783.76
1688,2025-01-08,Electronics,258.21,2,UPI,4,Jan,Wednesday,516.42
1689,2025-05-02,Clothing,285.79,3,Debit Card,5,May,Friday,857.3700000000001
1690,2025-12-14,Sports,163.55,2,UPI,2,Dec,Sunday,327.1
1691,2025-06-13,Beauty,154.6,4,Debit Card,4,Jun,Friday,618.4
1692,2025-03-31,Sports,369.37,5,Debit Card,1,Mar,Monday,1846.85
1693,2025-05-16,Beauty,436.93,3,PayPal,4,May,Friday,1310.79
1694,2025-07-05,Beauty,104.36,3,UPI,1,Jul,Saturday,313.08
1695,2025-11-12,Sports,57.83,2,PayPal,3,Nov,Wednesday,115.66
1696,2025-06-27,Sports,449.92,5,PayPal,3,Jun,Friday,2249.6
1697,2025-01-28,Clothing,181.45,4,Debit Card,4,Jan,Tuesday,725.8
1698,2025-08-08,Sports,280.15,1,UPI,3,Aug,Friday,280.15
1699,2025-12-23,Clothing,186.18,4,Credit Card,5,Dec,Tuesday,744.72
1700,2025-02-10,Clothing,71.64,4,Debit Card,4,Feb,Monday,286.56
1701,2025-08-16,Clothing,298.77,5,UPI,2,Aug,Saturday,1493.85
1702,2025-07-11,Beauty,267.32,3,PayPal,5,Jul,Friday,801.96
1703,2025-05-25,Beauty,109.47,4,UPI,4,May,Sunday,437.88
1704,2025-07-20,Sports,231.42,3,Debit Card,1,Jul,Sunday,694.26
1705,2025-07-31,Beauty,400.5,5,UPI,3,Jul,Thursday,2002.5
1706,2025-08-08,Sports,299.31,5,PayPal,3,Aug,Friday,1496.55
1707,2025-08-28,Beauty,57.49,2,UPI,3,Aug,Thursday,114.98
1708,2025-02-15,Electronics,278.53,1,UPI,4,Feb,Saturday,278.53
1709,2025-02-04,Electronics,354.34,5,PayPal,5,Feb,Tuesday,1771.6999999999998
1710,2025-09-10,Sports,398.42,5,Debit Card,1,Sep,Wednesday,1992.1000000000001
1711,2025-03-23,Beauty,318.27,3,Credit Card,3,Mar,Sunday,954.81
1712,2025-09-13,Beauty,84.8,5,PayPal,5,Sep,Saturday,424.0
1713,2025-07-16,Clothing,357.98,4,PayPal,2,Jul,Wednesday,1431.92
1714,2025-10-30,Home & Kitchen,341.9,2,Debit Card,2,Oct,Thursday,683.8
1715,2025-01-10,Sports,21.97,2,Debit Card,1,Jan,Friday,43.94
1716,2025-11-08,Home & Kitchen,211.76,4,UPI,3,Nov,Saturday,847.04
1717,2025-10-13,Home & Kitchen,173.15,5,PayPal,2,Oct,Monday,865.75
1718,2025-08-30,Sports,338.01,1,UPI,5,Aug,Saturday,338.01
1719,2025-09-08,Beauty,115.91,5,UPI,5,Sep,Monday,579.55
1720,2025-12-31,Sports,299.53,2,Debit Card,2,Dec,Wednesday,599.06
1721,2025-01-05,Home & Kitchen,457.47,1,Debit Card,3,Jan,Sunday,457.47
1722,2025-04-29,Beauty,400.92,3,UPI,1,Apr,Tuesday,1202.76
1723,2025-10-16,Electronics,461.51,3,PayPal,3,Oct,Thursday,1384.53
1724,2025-03-06,Sports,489.47,5,PayPal,4,Mar,Thursday,2447.3500000000004
1725,2025-05-26,Sports,15.23,5,UPI,2,May,Monday,76.15
1726,2025-08-12,Beauty,315.14,1,Credit Card,4,Aug,Tuesday,315.14
1727,2025-08-27,Electronics,212.29,1,Credit Card,2,Aug,Wednesday,212.29
1728,2025-06-26,Electronics,431.33,5,Debit Card,1,Jun,Thursday,2156.65
1729,2025-09-24,Beauty,133.39,2,PayPal,3,Sep,Wednesday,266.78
1730,2025-12-07,Clothing,490.7,3,UPI,3,Dec,Sunday,1472.1
1731,2025-10-09,Sports,310.72,1,UPI,2,Oct,Thursday,310.72
1732,2025-03-04,Sports,398.83,2,PayPal,5,Mar,Tuesday,797.66
1733,2025-08-05,Home & Kitchen,51.94,5,Debit Card,4,Aug,Tuesday,259.7
1734,2025-12-08,Beauty,99.89,4,Debit Card,3,Dec,Monday,399.56
1735,2025-11-11,Home & Kitchen,381.62,1,Credit Card,3,Nov,Tuesday,381.62
1736,2025-10-10,Home & Kitchen,20.77,4,PayPal,2,Oct,Friday,83.08
1737,2025-06-26,Electronics,410.27,2,PayPal,5,Jun,Thursday,820.54
1738,2025-04-08,Sports,16.84,3,UPI,4,Apr,Tuesday,50.519999999999996
1739,2025-04-15,Home & Kitchen,331.99,2,PayPal,5,Apr,Tuesday,663.98
1740,2025-04-09,Electronics,188.9,3,Credit Card,5,Apr,Wednesday,566.7
1741,2025-11-07,Beauty,309.63,2,PayPal,2,Nov,Friday,619.26
1742,2025-01-06,Home & Kitchen,351.06,1,UPI,5,Jan,Monday,351.06
1743,2025-07-16,Sports,177.81,1,Credit Card,4,Jul,Wednesday,177.81
1744,2025-12-17,Home & Kitchen,62.9,4,UPI,1,Dec,Wednesday,251.6
1745,2025-05-13,Beauty,44.13,2,PayPal,1,May,Tuesday,88.26
1746,2025-12-24,Home & Kitchen,298.58,2,Debit Card,4,Dec,Wednesday,597.16
1747,2025-09-16,Sports,265.12,4,PayPal,2,Sep,Tuesday,1060.48
1748,2025-01-23,Electronics,373.68,5,PayPal,3,Jan,Thursday,1868.4
1749,2025-02-22,Sports,259.77,2,UPI,2,Feb,Saturday,519.54
1750,2025-06-14,Electronics,217.0,2,Debit Card,4,Jun,Saturday,434.0
1751,2025-07-21,Clothing,205.06,2,PayPal,5,Jul,Monday,410.12
1752,2025-03-24,Sports,22.96,5,Credit Card,1,Mar,Monday,114.80000000000001
1753,2025-05-25,Sports,174.42,1,Credit Card,5,May,Sunday,174.42
1754,2025-03-26,Beauty,488.25,4,UPI,2,Mar,Wednesday,1953.0
1755,2025-03-19,Home & Kitchen,438.04,5,UPI,4,Mar,Wednesday,2190.2000000000003
1756,2025-01-01,Electronics,171.4,3,Debit Card,1,Jan,Wednesday,514.2
1757,2025-02-20,Electronics,298.02,3,UPI,4,Feb,Thursday,894.06
1758,2025-06-22,Beauty,425.18,5,Debit Card,1,Jun,Sunday,2125.9
1759,2025-07-24,Beauty,226.22,5,PayPal,1,Jul,Thursday,1131.1
1760,2025-09-17,Home & Kitchen,18.8,1,Credit Card,1,Sep,Wednesday,18.8
1761,2025-10-15,Home & Kitchen,46.51,3,Credit Card,2,Oct,Wednesday,139.53
1762,2025-02-03,Sports,260.09,4,Credit Card,4,Feb,Monday,1040.36
1763,2025-12-14,Clothing,485.03,2,UPI,3,Dec,Sunday,970.06
1764,2025-04-05,Home & Kitchen,349.67,2,UPI,3,Apr,Saturday,699.34
1765,2025-03-13,Beauty,44.75,1,PayPal,3,Mar,Thursday,44.75
1766,2025-02-08,Home & Kitchen,102.79,1,UPI,4,Feb,Saturday,102.79
1767,2025-06-03,Electronics,387.95,3,Debit Card,5,Jun,Tuesday,1163.85
1768,2025-09-07,Clothing,422.31,4,Credit Card,4,Sep,Sunday,1689.24
1769,2025-06-11,Sports,312.67,4,PayPal,1,Jun,Wednesday,1250.68
1770,2025-04-28,Electronics,325.77,5,Debit Card,5,Apr,Monday,1628.85
1771,2025-09-16,Electronics,23.89,1,Debit Card,1,Sep,Tuesday,23.89
1772,2025-11-02,Clothing,415.98,2,UPI,1,Nov,Sunday,831.96
1773,2025-09-25,Sports,396.25,2,UPI,4,Sep,Thursday,792.5
1774,2025-02-23,Beauty,136.93,3,Credit Card,3,Feb,Sunday,410.79
1775,2025-08-24,Sports,357.25,2,PayPal,5,Aug,Sunday,714.5
1776,2025-08-10,Home & Kitchen,115.28,4,Debit Card,2,Aug,Sunday,461.12
1777,2025-09-08,Electronics,29.76,4,UPI,3,Sep,Monday,119.04
1778,2025-11-09,Home & Kitchen,108.56,1,UPI,2,Nov,Sunday,108.56
1779,2025-04-22,Beauty,97.53,3,PayPal,4,Apr,Tuesday,292.59000000000003
1780,2025-09-12,Home & Kitchen,175.5,2,PayPal,5,Sep,Friday,351.0
1781,2025-10-30,Sports,215.04,1,UPI,4,Oct,Thursday,215.04
1782,2025-07-26,Home & Kitchen,259.18,5,UPI,2,Jul,Saturday,1295.9
1783,2025-08-17,Beauty,243.61,5,Credit Card,1,Aug,Sunday,1218.0500000000002
1784,2025-12-07,Beauty,142.63,2,PayPal,4,Dec,Sunday,285.26
1785,2025-03-07,Beauty,24.29,2,Debit Card,5,Mar,Friday,48.58
1786,2025-03-16,Sports,306.5,2,UPI,4,Mar,Sunday,613.0
1787,2025-04-13,Beauty,203.91,4,UPI,3,Apr,Sunday,815.64
1788,2025-07-11,Electronics,156.35,2,UPI,4,Jul,Friday,312.7
1789,2025-09-09,Beauty,434.8,5,UPI,2,Sep,Tuesday,2174.0
1790,2025-08-14,Home & Kitchen,375.9,2,Credit Card,4,Aug,Thursday,751.8
1791,2025-10-21,Home & Kitchen,430.31,3,PayPal,5,Oct,Tuesday,1290.93
1792,2025-11-02,Home & Kitchen,252.54,5,UPI,4,Nov,Sunday,1262.7
1793,2025-04-08,Sports,74.16,3,PayPal,4,Apr,Tuesday,222.48
1794,2025-12-04,Home & Kitchen,351.15,5,Debit Card,5,Dec,Thursday,1755.75
1795,2025-10-13,Sports,110.98,1,Debit Card,4,Oct,Monday,110.98
1796,2025-12-01,Sports,226.2,5,Debit Card,5,Dec,Monday,1131.0
1797,2025-12-13,Beauty,41.85,5,Debit Card,2,Dec,Saturday,209.25
1798,2025-11-04,Electronics,414.4,3,PayPal,5,Nov,Tuesday,1243.1999999999998
1799,2025-09-06,Beauty,71.71,3,Debit Card,2,Sep,Saturday,215.13
1800,2025-06-15,Beauty,452.52,5,Debit Card,2,Jun,Sunday,2262.6
1801,2025-12-01,Sports,433.47,5,UPI,5,Dec,Monday,2167.3500000000004
1802,2025-01-30,Sports,237.65,4,UPI,4,Jan,Thursday,950.6
1803,2025-09-04,Home & Kitchen,374.74,1,UPI,3,Sep,Thursday,374.74
1804,2025-04-16,Home & Kitchen,313.53,1,Credit Card,5,Apr,Wednesday,313.53
1805,2025-02-20,Beauty,403.51,2,UPI,4,Feb,Thursday,807.02
1806,2025-03-22,Clothing,221.58,5,Debit Card,2,Mar,Saturday,1107.9
1807,2025-05-13,Clothing,395.05,5,PayPal,1,May,Tuesday,1975.25
1808,2025-10-12,Home & Kitchen,236.6,5,Debit Card,3,Oct,Sunday,1183.0
1809,2025-05-18,Clothing,471.07,5,PayPal,4,May,Sunday,2355.35
1810,2025-07-03,Home & Kitchen,248.32,1,Debit Card,3,Jul,Thursday,248.32
1811,2025-11-26,Sports,236.68,3,Credit Card,1,Nov,Wednesday,710.04
1812,2025-09-30,Beauty,394.69,4,UPI,1,Sep,Tuesday,1578.76
1813,2025-12-06,Electronics,412.57,3,Debit Card,1,Dec,Saturday,1237.71
1814,2025-03-10,Beauty,281.7,3,UPI,5,Mar,Monday,845.0999999999999
1815,2025-02-03,Home & Kitchen,98.1,1,Credit Card,3,Feb,Monday,98.1
1816,2025-09-19,Home & Kitchen,239.2,4,Credit Card,5,Sep,Friday,956.8
1817,2025-02-22,Beauty,484.36,5,UPI,1,Feb,Saturday,2421.8
1818,2025-07-24,Home & Kitchen,378.96,1,UPI,4,Jul,Thursday,378.96
1819,2025-05-06,Clothing,407.47,1,PayPal,1,May,Tuesday,407.47
1820,2025-08-23,Clothing,26.08,4,UPI,5,Aug,Saturday,104.32
1821,2025-02-12,Home & Kitchen,239.25,2,UPI,1,Feb,Wednesday,478.5
1822,2025-08-28,Home & Kitchen,326.84,1,PayPal,1,Aug,Thursday,326.84
1823,2025-04-21,Clothing,416.72,3,Debit Card,5,Apr,Monday,1250.16
1824,2025-09-06,Home & Kitchen,34.14,3,PayPal,5,Sep,Saturday,102.42
1825,2025-05-31,Home & Kitchen,427.7,5,Debit Card,4,May,Saturday,2138.5
1826,2025-07-02,Beauty,278.72,1,Debit Card,5,Jul,Wednesday,278.72
1827,2025-12-02,Electronics,106.68,5,Debit Card,4,Dec,Tuesday,533.4000000000001
1828,2025-04-05,Clothing,165.46,1,PayPal,2,Apr,Saturday,165.46
1829,2025-01-08,Beauty,148.15,4,PayPal,2,Jan,Wednesday,592.6
1830,2025-12-26,Electronics,270.12,1,Credit Card,5,Dec,Friday,270.12
1831,2025-07-03,Home & Kitchen,35.33,2,Debit Card,1,Jul,Thursday,70.66
1832,2025-10-08,Home & Kitchen,87.68,3,PayPal,3,Oct,Wednesday,263.04
1833,2025-07-14,Beauty,408.22,4,Credit Card,1,Jul,Monday,1632.88
1834,2025-12-18,Home & Kitchen,74.98,3,Debit Card,5,Dec,Thursday,224.94
1835,2025-07-14,Sports,124.36,5,PayPal,4,Jul,Monday,621.8
1836,2025-06-04,Beauty,232.15,4,PayPal,1,Jun,Wednesday,928.6
1837,2025-04-03,Electronics,263.39,2,PayPal,2,Apr,Thursday,526.78
1838,2025-06-09,Beauty,384.17,3,UPI,5,Jun,Monday,1152.51
1839,2025-03-02,Clothing,229.19,1,Credit Card,1,Mar,Sunday,229.19
1840,2025-05-02,Beauty,397.03,1,PayPal,1,May,Friday,397.03
1841,2025-02-20,Home & Kitchen,312.99,1,UPI,4,Feb,Thursday,312.99
1842,2025-10-04,Home & Kitchen,65.42,4,Credit Card,4,Oct,Saturday,261.68
1843,2025-01-05,Sports,86.6,2,Credit Card,4,Jan,Sunday,173.2
1844,2025-04-02,Sports,224.15,2,UPI,3,Apr,Wednesday,448.3
1845,2025-06-19,Sports,204.48,2,Credit Card,5,Jun,Thursday,408.96
1846,2025-11-13,Electronics,374.34,3,UPI,5,Nov,Thursday,1123.02
1847,2025-01-22,Sports,294.56,4,Debit Card,2,Jan,Wednesday,1178.24
1848,2025-11-22,Electronics,200.19,1,PayPal,2,Nov,Saturday,200.19
1849,2025-01-01,Sports,93.67,3,UPI,5,Jan,Wednesday,281.01
1850,2025-05-13,Electronics,121.15,2,Credit Card,1,May,Tuesday,242.3
1851,2025-08-21,Beauty,292.0,1,Credit Card,5,Aug,Thursday,292.0
1852,2025-01-12,Beauty,217.49,4,Debit Card,3,Jan,Sunday,869.96
1853,2025-12-12,Home & Kitchen,262.31,5,Debit Card,2,Dec,Friday,1311.55
1854,2025-02-15,Electronics,93.63,2,Debit Card,2,Feb,Saturday,187.26
1855,2025-02-03,Clothing,334.82,2,Debit Card,2,Feb,Monday,669.64
1856,2025-03-19,Home & Kitchen,427.74,2,Debit Card,5,Mar,Wednesday,855.48
1857,2025-08-06,Beauty,136.39,2,PayPal,2,Aug,Wednesday,272.78
1858,2025-10-28,Electronics,250.84,1,UPI,2,Oct,Tuesday,250.84
1859,2025-03-14,Sports,488.01,4,Debit Card,5,Mar,Friday,1952.04
1860,2025-10-09,Clothing,173.29,3,Debit Card,1,Oct,Thursday,519.87
1861,2025-09-06,Beauty,301.57,1,PayPal,2,Sep,Saturday,301.57
1862,2025-02-16,Home & Kitchen,54.2,4,UPI,2,Feb,Sunday,216.8
1863,2025-05-01,Electronics,306.95,3,Debit Card,2,May,Thursday,920.8499999999999
1864,2025-08-02,Clothing,53.92,2,UPI,3,Aug,Saturday,107.84
1865,2025-08-27,Electronics,480.03,4,UPI,5,Aug,Wednesday,1920.12
1866,2025-02-25,Sports,360.67,2,PayPal,2,Feb,Tuesday,721.34
1867,2025-12-16,Home & Kitchen,396.2,4,PayPal,3,Dec,Tuesday,1584.8
1868,2025-04-17,Electronics,355.01,5,Debit Card,1,Apr,Thursday,1775.05
1869,2025-11-15,Beauty,298.97,2,Credit Card,1,Nov,Saturday,597.94
1870,2025-02-17,Home & Kitchen,230.46,2,PayPal,3,Feb,Monday,460.92
1871,2025-03-02,Beauty,430.6,2,UPI,1,Mar,Sunday,861.2
1872,2025-12-03,Electronics,478.85,1,UPI,4,Dec,Wednesday,478.85
1873,2025-01-26,Home & Kitchen,254.53,3,Debit Card,1,Jan,Sunday,763.59
1874,2025-10-19,Beauty,466.45,2,Debit Card,4,Oct,Sunday,932.9
1875,2025-09-14,Sports,295.83,2,Debit Card,3,Sep,Sunday,591.66
1876,2025-01-08,Sports,273.81,1,UPI,4,Jan,Wednesday,273.81
1877,2025-04-23,Electronics,232.7,1,PayPal,1,Apr,Wednesday,232.7
1878,2025-12-21,Home & Kitchen,112.55,5,Credit Card,2,Dec,Sunday,562.75
1879,2025-09-10,Clothing,11.82,4,PayPal,4,Sep,Wednesday,47.28
1880,2025-06-29,Home & Kitchen,128.34,2,Credit Card,1,Jun,Sunday,256.68
1881,2025-07-26,Sports,259.76,4,PayPal,2,Jul,Saturday,1039.04
1882,2025-10-30,Beauty,196.18,1,Debit Card,3,Oct,Thursday,196.18
1883,2025-05-07,Clothing,229.76,1,UPI,3,May,Wednesday,229.76
1884,2025-02-25,Electronics,490.52,5,Credit Card,5,Feb,Tuesday,2452.6
1885,2025-08-02,Clothing,181.63,3,PayPal,3,Aug,Saturday,544.89
1886,2025-01-14,Electronics,231.57,1,UPI,5,Jan,Tuesday,231.57
1887,2025-01-28,Clothing,75.42,2,Credit Card,3,Jan,Tuesday,150.84
1888,2025-03-19,Electronics,33.5,5,Credit Card,3,Mar,Wednesday,167.5
1889,2025-08-04,Electronics,389.95,3,UPI,3,Aug,Monday,1169.85
1890,2025-12-31,Clothing,289.63,5,Debit Card,5,Dec,Wednesday,1448.15
1891,2025-06-03,Clothing,382.75,1,UPI,5,Jun,Tuesday,382.75
1892,2025-01-14,Electronics,83.43,3,Debit Card,4,Jan,Tuesday,250.29000000000002
1893,2025-07-06,Sports,290.2,4,PayPal,1,Jul,Sunday,1160.8
1894,2025-11-08,Clothing,134.28,3,PayPal,1,Nov,Saturday,402.84000000000003
1895,2025-01-07,Home & Kitchen,121.75,2,UPI,1,Jan,Tuesday,243.5
1896,2025-01-03,Beauty,15.65,4,Debit Card,3,Jan,Friday,62.6
1897,2025-04-21,Electronics,73.87,4,PayPal,1,Apr,Monday,295.48
1898,2025-08-26,Electronics,161.54,2,Debit Card,5,Aug,Tuesday,323.08
1899,2025-12-29,Beauty,67.27,4,Debit Card,4,Dec,Monday,269.08
1900,2025-08-27,Sports,493.07,1,Debit Card,2,Aug,Wednesday,493.07
1901,2025-10-01,Beauty,161.23,3,UPI,4,Oct,Wednesday,483.68999999999994
1902,2025-10-21,Clothing,73.86,3,Debit Card,1,Oct,Tuesday,221.57999999999998
1903,2025-08-15,Beauty,107.55,2,UPI,1,Aug,Friday,215.1
1904,2025-01-15,Electronics,297.97,1,PayPal,5,Jan,Wednesday,297.97
1905,2025-07-11,Beauty,41.38,4,PayPal,4,Jul,Friday,165.52
1906,2025-04-29,Home & Kitchen,432.59,3,Credit Card,5,Apr,Tuesday,1297.77
1907,2025-01-28,Clothing,481.13,3,Credit Card,5,Jan,Tuesday,1443.3899999999999
1908,2025-07-21,Beauty,130.91,3,PayPal,2,Jul,Monday,392.73
1909,2025-02-08,Electronics,230.55,3,Debit Card,5,Feb,Saturday,691.6500000000001
1910,2025-09-30,Clothing,20.85,5,Debit Card,5,Sep,Tuesday,104.25
1911,2025-08-19,Electronics,323.95,2,PayPal,2,Aug,Tuesday,647.9
1912,2025-03-27,Sports,212.82,4,PayPal,3,Mar,Thursday,851.28
1913,2025-05-06,Home & Kitchen,142.33,4,Credit Card,3,May,Tuesday,569.32
1914,2025-10-27,Sports,111.35,2,Debit Card,2,Oct,Monday,222.7
1915,2025-01-25,Home & Kitchen,330.47,1,PayPal,5,Jan,Saturday,330.47
1916,2025-05-25,Beauty,213.95,2,Credit Card,1,May,Sunday,427.9
1917,2025-01-13,Clothing,98.03,3,Credit Card,4,Jan,Monday,294.09000000000003
1918,2025-07-31,Beauty,347.66,3,Debit Card,1,Jul,Thursday,1042.98
1919,2025-01-25,Home & Kitchen,286.89,2,Credit Card,1,Jan,Saturday,573.78
1920,2025-03-09,Home & Kitchen,430.75,2,Credit Card,5,Mar,Sunday,861.5
1921,2025-03-08,Home & Kitchen,67.56,4,UPI,4,Mar,Saturday,270.24
1922,2025-08-21,Electronics,394.98,4,PayPal,4,Aug,Thursday,1579.92
1923,2025-04-19,Clothing,340.02,5,Debit Card,3,Apr,Saturday,1700.1
1924,2025-05-26,Beauty,66.36,5,PayPal,2,May,Monday,331.8
1925,2025-04-21,Beauty,350.46,3,UPI,5,Apr,Monday,1051.3799999999999
1926,2025-08-16,Sports,226.36,5,Debit Card,4,Aug,Saturday,1131.8000000000002
1927,2025-04-21,Home & Kitchen,473.04,5,PayPal,5,Apr,Monday,2365.2000000000003
1928,2025-02-03,Home & Kitchen,79.39,1,Credit Card,3,Feb,Monday,79.39
1929,2025-04-21,Home & Kitchen,324.99,2,Debit Card,1,Apr,Monday,649.98
1930,2025-09-21,Beauty,197.17,4,UPI,4,Sep,Sunday,788.68
1931,2025-08-24,Sports,478.84,5,Credit Card,3,Aug,Sunday,2394.2
1932,2025-03-24,Electronics,171.69,4,UPI,5,Mar,Monday,686.76
1933,2025-02-11,Clothing,481.47,5,Credit Card,3,Feb,Tuesday,2407.3500000000004
1934,2025-04-11,Electronics,451.73,5,PayPal,3,Apr,Friday,2258.65
1935,2025-01-06,Beauty,142.49,3,PayPal,3,Jan,Monday,427.47
1936,2025-06-29,Home & Kitchen,403.74,1,PayPal,3,Jun,Sunday,403.74
1937,2025-10-09,Clothing,497.85,2,UPI,3,Oct,Thursday,995.7
1938,2025-11-16,Beauty,133.8,2,Debit Card,3,Nov,Sunday,267.6
1939,2025-08-14,Beauty,224.02,3,PayPal,2,Aug,Thursday,672.0600000000001
1940,2025-11-11,Beauty,264.89,3,UPI,5,Nov,Tuesday,794.67
1941,2025-12-31,Clothing,154.52,2,Credit Card,1,Dec,Wednesday,309.04
1942,2025-08-17,Clothing,17.48,2,PayPal,5,Aug,Sunday,34.96
1943,2025-10-16,Sports,117.86,1,Credit Card,4,Oct,Thursday,117.86
1944,2025-05-30,Sports,148.15,5,PayPal,4,May,Friday,740.75
1945,2025-10-04,Electronics,227.36,1,Credit Card,5,Oct,Saturday,227.36
1946,2025-07-17,Clothing,93.84,2,UPI,3,Jul,Thursday,187.68
1947,2025-03-11,Clothing,437.89,5,PayPal,2,Mar,Tuesday,2189.45
1948,2025-04-22,Clothing,355.41,2,UPI,1,Apr,Tuesday,710.82
1949,2025-01-04,Sports,51.75,1,UPI,3,Jan,Saturday,51.75
1950,2025-12-16,Beauty,328.55,1,Credit Card,5,Dec,Tuesday,328.55
1951,2025-11-27,Home & Kitchen,330.29,1,PayPal,5,Nov,Thursday,330.29
1952,2025-11-14,Sports,478.55,5,Debit Card,2,Nov,Friday,2392.75
1953,2025-12-16,Clothing,11.48,4,Debit Card,2,Dec,Tuesday,45.92
1954,2025-04-05,Sports,131.49,4,UPI,5,Apr,Saturday,525.96
1955,2025-06-01,Electronics,464.62,2,Credit Card,3,Jun,Sunday,929.24
1956,2025-11-07,Clothing,466.75,5,Credit Card,3,Nov,Friday,2333.75
1957,2025-05-17,Electronics,363.09,3,Credit Card,3,May,Saturday,1089.27
1958,2025-09-04,Clothing,385.22,4,PayPal,1,Sep,Thursday,1540.88
1959,2025-08-31,Sports,54.83,5,PayPal,1,Aug,Sunday,274.15
1960,2025-01-31,Beauty,261.8,5,Credit Card,3,Jan,Friday,1309.0
1961,2025-02-09,Home & Kitchen,123.48,4,Debit Card,5,Feb,Sunday,493.92
1962,2025-08-17,Electronics,98.8,5,Debit Card,2,Aug,Sunday,494.0
1963,2025-02-05,Sports,407.05,5,PayPal,4,Feb,Wednesday,2035.25
1964,2025-08-11,Beauty,76.17,4,Credit Card,2,Aug,Monday,304.68
1965,2025-01-06,Sports,239.64,1,Debit Card,2,Jan,Monday,239.64
1966,2025-11-18,Electronics,469.9,2,Debit Card,4,Nov,Tuesday,939.8
1967,2025-08-08,Home & Kitchen,101.06,3,PayPal,3,Aug,Friday,303.18
1968,2025-03-16,Sports,489.22,2,PayPal,2,Mar,Sunday,978.44
1969,2025-01-04,Clothing,497.2,1,Debit Card,4,Jan,Saturday,497.2
1970,2025-12-01,Beauty,282.25,1,Credit Card,5,Dec,Monday,282.25
1971,2025-05-14,Sports,93.37,5,Debit Card,5,May,Wednesday,466.85
1972,2025-04-28,Beauty,164.89,2,Debit Card,5,Apr,Monday,329.78
1973,2025-04-04,Clothing,218.0,1,Credit Card,3,Apr,Friday,218.0
1974,2025-03-03,Home & Kitchen,161.57,2,PayPal,2,Mar,Monday,323.14
1975,2025-07-13,Home & Kitchen,147.51,1,Credit Card,2,Jul,Sunday,147.51
1976,2025-12-01,Clothing,486.39,3,Credit Card,1,Dec,Monday,1459.17
1977,2025-07-22,Beauty,85.15,1,Credit Card,5,Jul,Tuesday,85.15
1978,2025-01-26,Sports,369.33,2,Credit Card,3,Jan,Sunday,738.66
1979,2025-06-22,Clothing,10.2,5,PayPal,4,Jun,Sunday,51.0
1980,2025-10-27,Electronics,302.13,2,Debit Card,3,Oct,Monday,604.26
1981,2025-05-13,Beauty,458.81,4,UPI,2,May,Tuesday,1835.24
1982,2025-11-22,Home & Kitchen,151.09,2,PayPal,5,Nov,Saturday,302.18
1983,2025-04-28,Clothing,100.91,3,Credit Card,1,Apr,Monday,302.73
1984,2025-11-20,Home & Kitchen,329.32,3,Debit Card,3,Nov,Thursday,987.96
1985,2025-10-02,Beauty,359.17,3,Debit Card,1,Oct,Thursday,1077.51
1986,2025-07-31,Home & Kitchen,347.13,1,Credit Card,2,Jul,Thursday,347.13
1987,2025-08-13,Clothing,166.47,3,PayPal,4,Aug,Wednesday,499.40999999999997
1988,2025-01-20,Beauty,133.58,2,Credit Card,3,Jan,Monday,267.16
1989,2025-04-23,Electronics,478.4,5,Debit Card,2,Apr,Wednesday,2392.0
1990,2025-05-20,Clothing,462.42,3,Debit Card,5,May,Tuesday,1387.26
1991,2025-02-16,Sports,234.09,2,PayPal,3,Feb,Sunday,468.18
1992,2025-01-01,Clothing,424.63,1,UPI,1,Jan,Wednesday,424.63
1993,2025-03-31,Beauty,231.64,1,Credit Card,3,Mar,Monday,231.64
1994,2025-05-22,Clothing,217.95,5,UPI,2,May,Thursday,1089.75
1995,2025-11-16,Electronics,86.81,5,Debit Card,2,Nov,Sunday,434.05
1996,2025-02-07,Electronics,218.94,2,UPI,1,Feb,Friday,437.88
1997,2025-10-20,Sports,273.33,5,Credit Card,2,Oct,Monday,1366.6499999999999
1998,2025-05-19,Home & Kitchen,21.03,5,Credit Card,3,May,Monday,105.15
1999,2025-12-22,Beauty,227.62,1,Debit Card,1,Dec,Monday,227.62
2000,2025-11-29,Beauty,392.86,2,PayPal,2,Nov,Saturday,785.72
2001,2025-09-16,Home & Kitchen,343.22,5,PayPal,2,Sep,Tuesday,1716.1000000000001
2002,2025-06-10,Electronics,321.23,2,Debit Card,3,Jun,Tuesday,642.46
2003,2025-06-27,Electronics,455.68,3,Credit Card,2,Jun,Friday,1367.04
2004,2025-01-10,Clothing,18.84,1,PayPal,3,Jan,Friday,18.84
2005,2025-09-18,Sports,282.95,1,UPI,5,Sep,Thursday,282.95
2006,2025-05-18,Sports,395.8,1,Debit Card,3,May,Sunday,395.8
2007,2025-06-21,Sports,275.25,4,UPI,4,Jun,Saturday,1101.0
2008,2025-01-13,Clothing,168.71,2,Credit Card,2,Jan,Monday,337.42
2009,2025-06-17,Sports,76.76,3,PayPal,5,Jun,Tuesday,230.28000000000003
2010,2025-05-10,Home & Kitchen,444.91,5,Credit Card,1,May,Saturday,2224.55
2011,2025-03-25,Clothing,240.67,3,UPI,4,Mar,Tuesday,722.01
2012,2025-11-17,Home & Kitchen,440.28,2,Credit Card,1,Nov,Monday,880.56
2013,2025-11-15,Clothing,297.07,1,Credit Card,4,Nov,Saturday,297.07
2014,2025-04-11,Sports,340.35,4,Debit Card,5,Apr,Friday,1361.4
2015,2025-11-25,Home & Kitchen,404.09,2,Debit Card,5,Nov,Tuesday,808.18
2016,2025-09-30,Home & Kitchen,332.99,2,Credit Card,5,Sep,Tuesday,665.98
2017,2025-09-22,Home & Kitchen,205.05,5,Debit Card,4,Sep,Monday,1025.25
2018,2025-02-07,Clothing,261.68,3,Credit Card,3,Feb,Friday,785.04
2019,2025-04-04,Beauty,403.49,3,UPI,1,Apr,Friday,1210.47
2020,2025-04-05,Sports,193.09,5,Debit Card,3,Apr,Saturday,965.45
2021,2025-11-01,Home & Kitchen,200.18,4,Credit Card,3,Nov,Saturday,800.72
2022,2025-03-10,Beauty,56.89,1,Debit Card,2,Mar,Monday,56.89
2023,2025-11-14,Sports,458.15,1,Credit Card,1,Nov,Friday,458.15
2024,2025-08-24,Sports,54.61,4,Debit Card,4,Aug,Sunday,218.44
2025,2025-11-30,Home & Kitchen,327.62,5,PayPal,2,Nov,Sunday,1638.1
2026,2025-05-17,Home & Kitchen,212.47,2,Credit Card,2,May,Saturday,424.94
2027,2025-03-17,Clothing,208.75,3,PayPal,5,Mar,Monday,626.25
2028,2025-02-04,Beauty,342.98,2,Credit Card,4,Feb,Tuesday,685.96
2029,2025-01-01,Beauty,42.88,3,PayPal,3,Jan,Wednesday,128.64000000000001
2030,2025-10-23,Home & Kitchen,300.92,2,Credit Card,3,Oct,Thursday,601.84
2031,2025-11-16,Sports,388.3,5,Debit Card,3,Nov,Sunday,1941.5
2032,2025-03-01,Home & Kitchen,415.82,5,PayPal,5,Mar,Saturday,2079.1
2033,2025-11-16,Sports,93.56,4,Debit Card,3,Nov,Sunday,374.24
2034,2025-12-15,Sports,449.74,2,Credit Card,1,Dec,Monday,899.48
2035,2025-11-24,Home & Kitchen,331.51,2,Debit Card,3,Nov,Monday,663.02
2036,2025-09-24,Electronics,442.11,4,Credit Card,3,Sep,Wednesday,1768.44
2037,2025-12-27,Beauty,247.79,4,Debit Card,1,Dec,Saturday,991.16
2038,2025-08-17,Sports,275.6,5,PayPal,5,Aug,Sunday,1378.0
2039,2025-09-27,Sports,460.33,5,Credit Card,2,Sep,Saturday,2301.65
2040,2025-11-12,Electronics,450.96,2,Debit Card,4,Nov,Wednesday,901.92
2041,2025-10-13,Clothing,229.6,5,Credit Card,5,Oct,Monday,1148.0
2042,2025-10-18,Electronics,144.46,5,Credit Card,3,Oct,Saturday,722.3000000000001
2043,2025-08-01,Electronics,202.65,2,Credit Card,2,Aug,Friday,405.3
2044,2025-06-14,Sports,200.0,4,UPI,4,Jun,Saturday,800.0
2045,2025-01-05,Beauty,150.56,2,Credit Card,4,Jan,Sunday,301.12
2046,2025-12-05,Electronics,141.6,1,Debit Card,4,Dec,Friday,141.6
2047,2025-03-19,Clothing,431.92,2,UPI,1,Mar,Wednesday,863.84
2048,2025-03-03,Home & Kitchen,44.23,1,Debit Card,1,Mar,Monday,44.23
2049,2025-05-12,Electronics,342.03,2,UPI,2,May,Monday,684.06
2050,2025-03-30,Electronics,94.68,1,Credit Card,3,Mar,Sunday,94.68
2051,2025-08-25,Clothing,178.81,1,PayPal,2,Aug,Monday,178.81
2052,2025-02-11,Beauty,40.16,2,PayPal,3,Feb,Tuesday,80.32
2053,2025-03-30,Electronics,142.29,5,Credit Card,5,Mar,Sunday,711.4499999999999
2054,2025-10-23,Electronics,386.53,3,UPI,4,Oct,Thursday,1159.59
2055,2025-11-24,Beauty,443.66,5,Debit Card,4,Nov,Monday,2218.3
2056,2025-10-22,Clothing,118.55,1,PayPal,1,Oct,Wednesday,118.55
2057,2025-04-14,Electronics,237.14,2,Credit Card,5,Apr,Monday,474.28
2058,2025-01-14,Beauty,240.46,2,Credit Card,5,Jan,Tuesday,480.92
2059,2025-10-15,Electronics,438.05,2,UPI,3,Oct,Wednesday,876.1
2060,2025-06-28,Home & Kitchen,383.77,2,PayPal,5,Jun,Saturday,767.54
2061,2025-05-05,Sports,261.41,3,Credit Card,1,May,Monday,784.23
2062,2025-12-19,Home & Kitchen,338.67,4,PayPal,3,Dec,Friday,1354.68
2063,2025-01-23,Electronics,425.2,1,Debit Card,2,Jan,Thursday,425.2
2064,2025-03-04,Clothing,14.67,3,Credit Card,3,Mar,Tuesday,44.01
2065,2025-05-23,Sports,207.42,5,Credit Card,2,May,Friday,1037.1
2066,2025-06-02,Home & Kitchen,454.55,4,Debit Card,3,Jun,Monday,1818.2
2067,2025-05-25,Beauty,372.75,4,Credit Card,4,May,Sunday,1491.0
2068,2025-08-13,Clothing,275.99,2,UPI,2,Aug,Wednesday,551.98
2069,2025-11-05,Home & Kitchen,269.53,3,Debit Card,1,Nov,Wednesday,808.5899999999999
2070,2025-04-14,Beauty,180.41,5,UPI,2,Apr,Monday,902.05
2071,2025-04-14,Electronics,265.06,2,Debit Card,2,Apr,Monday,530.12
2072,2025-02-08,Beauty,331.14,2,Debit Card,3,Feb,Saturday,662.28
2073,2025-07-17,Home & Kitchen,215.0,1,UPI,4,Jul,Thursday,215.0
2074,2025-05-14,Home & Kitchen,359.94,4,Debit Card,3,May,Wednesday,1439.76
2075,2025-03-08,Electronics,432.0,5,PayPal,3,Mar,Saturday,2160.0
2076,2025-06-28,Beauty,85.8,4,UPI,4,Jun,Saturday,343.2
2077,2025-02-11,Beauty,231.26,3,Debit Card,3,Feb,Tuesday,693.78
2078,2025-01-15,Electronics,209.93,1,UPI,4,Jan,Wednesday,209.93
2079,2025-04-21,Beauty,346.86,2,Debit Card,1,Apr,Monday,693.72
2080,2025-06-06,Electronics,132.44,1,Debit Card,4,Jun,Friday,132.44
2081,2025-10-16,Clothing,323.72,2,PayPal,5,Oct,Thursday,647.44
2082,2025-08-19,Home & Kitchen,439.97,1,PayPal,4,Aug,Tuesday,439.97
2083,2025-06-06,Clothing,214.88,2,PayPal,4,Jun,Friday,429.76
2084,2025-02-07,Sports,456.4,4,Debit Card,5,Feb,Friday,1825.6
2085,2025-04-07,Sports,496.65,4,PayPal,4,Apr,Monday,1986.6
2086,2025-10-16,Sports,61.99,4,UPI,2,Oct,Thursday,247.96
2087,2025-09-11,Electronics,124.2,4,Debit Card,3,Sep,Thursday,496.8
2088,2025-07-15,Beauty,475.69,1,UPI,3,Jul,Tuesday,475.69
2089,2025-03-27,Clothing,479.58,2,PayPal,1,Mar,Thursday,959.16
2090,2025-11-18,Clothing,57.88,4,Debit Card,1,Nov,Tuesday,231.52
2091,2025-01-10,Clothing,17.35,1,UPI,5,Jan,Friday,17.35
2092,2025-01-05,Clothing,88.94,2,Credit Card,2,Jan,Sunday,177.88
2093,2025-05-03,Sports,498.05,1,UPI,1,May,Saturday,498.05
2094,2025-11-26,Clothing,98.2,4,Debit Card,3,Nov,Wednesday,392.8
2095,2025-12-19,Beauty,256.25,3,Credit Card,1,Dec,Friday,768.75
2096,2025-04-28,Sports,425.72,1,PayPal,1,Apr,Monday,425.72
2097,2025-10-21,Clothing,20.0,4,PayPal,4,Oct,Tuesday,80.0
2098,2025-06-08,Electronics,306.2,5,UPI,1,Jun,Sunday,1531.0
2099,2025-10-30,Home & Kitchen,145.74,2,PayPal,5,Oct,Thursday,291.48
2100,2025-08-16,Home & Kitchen,432.54,4,UPI,3,Aug,Saturday,1730.16
2101,2025-12-31,Home & Kitchen,148.9,5,UPI,5,Dec,Wednesday,744.5
2102,2025-08-04,Sports,346.51,1,UPI,5,Aug,Monday,346.51
2103,2025-07-03,Clothing,340.37,1,UPI,2,Jul,Thursday,340.37
2104,2025-01-15,Sports,118.53,5,Debit Card,4,Jan,Wednesday,592.65
2105,2025-06-06,Beauty,27.05,5,Debit Card,5,Jun,Friday,135.25
2106,2025-05-16,Electronics,210.53,2,Credit Card,2,May,Friday,421.06
2107,2025-09-18,Electronics,151.7,1,Credit Card,3,Sep,Thursday,151.7
2108,2025-06-06,Home & Kitchen,406.4,5,PayPal,3,Jun,Friday,2032.0
2109,2025-02-16,Home & Kitchen,402.18,3,Debit Card,2,Feb,Sunday,1206.54
2110,2025-11-20,Home & Kitchen,233.94,3,Credit Card,5,Nov,Thursday,701.8199999999999
2111,2025-11-28,Clothing,307.19,5,Debit Card,5,Nov,Friday,1535.95
2112,2025-06-22,Beauty,306.09,2,Debit Card,4,Jun,Sunday,612.18
2113,2025-05-10,Beauty,415.31,1,PayPal,4,May,Saturday,415.31
2114,2025-04-05,Beauty,218.25,3,PayPal,3,Apr,Saturday,654.75
2115,2025-04-25,Beauty,144.97,5,UPI,4,Apr,Friday,724.85
2116,2025-08-31,Home & Kitchen,139.87,5,Debit Card,2,Aug,Sunday,699.35
2117,2025-10-19,Electronics,272.73,4,UPI,3,Oct,Sunday,1090.92
2118,2025-10-09,Home & Kitchen,230.08,5,UPI,5,Oct,Thursday,1150.4
2119,2025-10-26,Beauty,225.66,2,UPI,3,Oct,Sunday,451.32
2120,2025-10-10,Home & Kitchen,54.66,3,Debit Card,1,Oct,Friday,163.98
2121,2025-03-10,Beauty,362.12,4,Debit Card,3,Mar,Monday,1448.48
2122,2025-05-28,Sports,114.73,3,UPI,4,May,Wednesday,344.19
2123,2025-01-11,Electronics,106.51,3,Debit Card,2,Jan,Saturday,319.53000000000003
2124,2025-09-11,Sports,212.25,2,UPI,5,Sep,Thursday,424.5
2125,2025-11-26,Clothing,121.61,5,Credit Card,5,Nov,Wednesday,608.05
2126,2025-12-26,Home & Kitchen,296.09,2,Debit Card,4,Dec,Friday,592.18
2127,2025-02-07,Clothing,192.02,5,PayPal,4,Feb,Friday,960.1
2128,2025-05-14,Home & Kitchen,229.97,4,PayPal,4,May,Wednesday,919.88
2129,2025-07-19,Sports,273.21,2,UPI,1,Jul,Saturday,546.42
2130,2025-01-23,Beauty,109.73,2,Credit Card,2,Jan,Thursday,219.46
2131,2025-10-30,Beauty,86.32,1,Debit Card,1,Oct,Thursday,86.32
2132,2025-12-12,Home & Kitchen,441.41,2,UPI,4,Dec,Friday,882.82
2133,2025-10-29,Beauty,222.52,1,Credit Card,2,Oct,Wednesday,222.52
2134,2025-12-29,Sports,211.93,5,Credit Card,4,Dec,Monday,1059.65
2135,2025-08-06,Beauty,27.45,5,Debit Card,2,Aug,Wednesday,137.25
2136,2025-05-21,Sports,254.01,5,PayPal,5,May,Wednesday,1270.05
2137,2025-04-14,Clothing,281.54,1,PayPal,1,Apr,Monday,281.54
2138,2025-07-29,Sports,283.83,5,Credit Card,4,Jul,Tuesday,1419.1499999999999
2139,2025-04-21,Electronics,356.45,3,PayPal,4,Apr,Monday,1069.35
2140,2025-04-14,Electronics,96.97,2,Credit Card,3,Apr,Monday,193.94
2141,2025-11-12,Electronics,133.59,1,Credit Card,5,Nov,Wednesday,133.59
2142,2025-06-20,Home & Kitchen,407.26,5,Credit Card,4,Jun,Friday,2036.3
2143,2025-12-22,Home & Kitchen,474.11,3,PayPal,1,Dec,Monday,1422.33
2144,2025-11-20,Home & Kitchen,76.61,2,UPI,5,Nov,Thursday,153.22
2145,2025-05-13,Sports,253.85,2,PayPal,4,May,Tuesday,507.7
2146,2025-10-20,Home & Kitchen,114.95,5,UPI,1,Oct,Monday,574.75
2147,2025-11-24,Clothing,39.44,3,PayPal,3,Nov,Monday,118.32
2148,2025-05-07,Electronics,169.5,1,Debit Card,3,May,Wednesday,169.5
2149,2025-04-16,Sports,80.41,5,Debit Card,1,Apr,Wednesday,402.04999999999995
2150,2025-04-02,Electronics,357.87,2,PayPal,5,Apr,Wednesday,715.74
2151,2025-10-14,Home & Kitchen,271.53,2,Debit Card,1,Oct,Tuesday,543.06
2152,2025-02-20,Sports,80.48,2,Debit Card,1,Feb,Thursday,160.96
2153,2025-01-29,Beauty,14.53,5,Debit Card,3,Jan,Wednesday,72.64999999999999
2154,2025-10-23,Clothing,406.0,4,Debit Card,3,Oct,Thursday,1624.0
2155,2025-10-24,Home & Kitchen,96.34,4,UPI,3,Oct,Friday,385.36
2156,2025-08-02,Home & Kitchen,307.05,4,Credit Card,4,Aug,Saturday,1228.2
2157,2025-09-24,Clothing,175.09,3,UPI,4,Sep,Wednesday,525.27
2158,2025-09-14,Clothing,296.89,5,Credit Card,2,Sep,Sunday,1484.4499999999998
2159,2025-10-29,Beauty,164.67,2,Credit Card,4,Oct,Wednesday,329.34
2160,2025-04-11,Home & Kitchen,52.6,3,PayPal,5,Apr,Friday,157.8
2161,2025-12-12,Home & Kitchen,119.25,4,PayPal,5,Dec,Friday,477.0
2162,2025-04-20,Electronics,102.15,1,PayPal,3,Apr,Sunday,102.15
2163,2025-07-01,Sports,219.73,3,PayPal,1,Jul,Tuesday,659.1899999999999
2164,2025-11-09,Sports,332.56,3,PayPal,3,Nov,Sunday,997.6800000000001
2165,2025-01-01,Electronics,139.26,5,UPI,1,Jan,Wednesday,696.3
2166,2025-11-15,Sports,15.91,3,UPI,3,Nov,Saturday,47.730000000000004
2167,2025-02-24,Clothing,264.28,5,Debit Card,3,Feb,Monday,1321.3999999999999
2168,2025-05-29,Sports,306.82,1,UPI,5,May,Thursday,306.82
2169,2025-11-05,Sports,481.81,2,UPI,1,Nov,Wednesday,963.62
2170,2025-05-17,Electronics,298.84,2,PayPal,2,May,Saturday,597.68
2171,2025-07-21,Beauty,240.87,4,Debit Card,2,Jul,Monday,963.48
2172,2025-11-09,Sports,290.97,4,UPI,3,Nov,Sunday,1163.88
2173,2025-04-27,Sports,464.67,1,UPI,3,Apr,Sunday,464.67
2174,2025-06-03,Beauty,415.91,2,Debit Card,5,Jun,Tuesday,831.82
2175,2025-10-18,Electronics,168.26,4,Credit Card,1,Oct,Saturday,673.04
2176,2025-03-04,Beauty,126.25,3,PayPal,3,Mar,Tuesday,378.75
2177,2025-09-01,Electronics,138.69,5,UPI,2,Sep,Monday,693.45
2178,2025-01-25,Clothing,257.17,4,UPI,1,Jan,Saturday,1028.68
2179,2025-03-31,Electronics,374.58,1,Debit Card,3,Mar,Monday,374.58
2180,2025-03-16,Clothing,256.58,2,UPI,1,Mar,Sunday,513.16
2181,2025-10-21,Clothing,43.22,1,PayPal,5,Oct,Tuesday,43.22
2182,2025-07-29,Electronics,364.55,5,UPI,2,Jul,Tuesday,1822.75
2183,2025-12-13,Home & Kitchen,404.93,5,Credit Card,1,Dec,Saturday,2024.65
2184,2025-01-17,Electronics,151.85,1,PayPal,2,Jan,Friday,151.85
2185,2025-05-08,Sports,335.42,4,Credit Card,3,May,Thursday,1341.68
2186,2025-12-30,Sports,219.03,4,Debit Card,4,Dec,Tuesday,876.12
2187,2025-09-08,Home & Kitchen,445.67,2,PayPal,1,Sep,Monday,891.34
2188,2025-06-28,Clothing,424.16,2,UPI,2,Jun,Saturday,848.32
2189,2025-07-01,Home & Kitchen,267.46,3,PayPal,1,Jul,Tuesday,802.3799999999999
2190,2025-06-01,Sports,348.84,3,PayPal,3,Jun,Sunday,1046.52
2191,2025-01-25,Home & Kitchen,442.84,2,PayPal,3,Jan,Saturday,885.68
2192,2025-06-29,Electronics,252.9,3,Credit Card,2,Jun,Sunday,758.7
2193,2025-07-17,Home & Kitchen,163.49,1,Debit Card,5,Jul,Thursday,163.49
2194,2025-12-10,Clothing,379.3,4,PayPal,1,Dec,Wednesday,1517.2
2195,2025-06-10,Electronics,117.83,3,UPI,1,Jun,Tuesday,353.49
2196,2025-06-26,Beauty,200.38,3,PayPal,3,Jun,Thursday,601.14
2197,2025-10-12,Sports,434.21,1,PayPal,1,Oct,Sunday,434.21
2198,2025-03-04,Sports,364.97,5,Debit Card,2,Mar,Tuesday,1824.8500000000001
2199,2025-05-30,Home & Kitchen,207.87,2,UPI,4,May,Friday,415.74
2200,2025-06-03,Electronics,115.22,1,UPI,3,Jun,Tuesday,115.22
2201,2025-06-05,Beauty,184.42,5,Credit Card,4,Jun,Thursday,922.0999999999999
2202,2025-02-18,Electronics,149.21,1,UPI,1,Feb,Tuesday,149.21
2203,2025-12-03,Sports,96.28,4,UPI,5,Dec,Wednesday,385.12
2204,2025-03-25,Electronics,374.23,1,UPI,2,Mar,Tuesday,374.23
2205,2025-12-27,Beauty,133.51,1,PayPal,1,Dec,Saturday,133.51
2206,2025-06-26,Home & Kitchen,232.54,4,Credit Card,2,Jun,Thursday,930.16
2207,2025-05-28,Clothing,199.07,2,UPI,1,May,Wednesday,398.14
2208,2025-04-28,Electronics,491.22,5,UPI,1,Apr,Monday,2456.1000000000004
2209,2025-12-08,Clothing,201.64,3,UPI,1,Dec,Monday,604.92
2210,2025-03-04,Sports,49.19,2,PayPal,3,Mar,Tuesday,98.38
2211,2025-07-08,Home & Kitchen,54.01,1,PayPal,4,Jul,Tuesday,54.01
2212,2025-12-26,Home & Kitchen,299.47,3,Credit Card,5,Dec,Friday,898.4100000000001
2213,2025-02-18,Electronics,303.69,4,Debit Card,4,Feb,Tuesday,1214.76
2214,2025-11-23,Home & Kitchen,215.19,2,Credit Card,4,Nov,Sunday,430.38
2215,2025-09-14,Electronics,221.6,5,PayPal,2,Sep,Sunday,1108.0
2216,2025-08-12,Electronics,36.43,2,UPI,3,Aug,Tuesday,72.86
2217,2025-05-21,Clothing,263.11,2,UPI,3,May,Wednesday,526.22
2218,2025-08-03,Home & Kitchen,257.32,3,Credit Card,1,Aug,Sunday,771.96
2219,2025-07-30,Electronics,83.28,4,UPI,4,Jul,Wednesday,333.12
2220,2025-11-14,Clothing,60.88,4,PayPal,5,Nov,Friday,243.52
2221,2025-02-01,Beauty,70.55,2,Credit Card,2,Feb,Saturday,141.1
2222,2025-06-07,Clothing,59.5,4,Debit Card,3,Jun,Saturday,238.0
2223,2025-10-12,Clothing,308.76,3,PayPal,1,Oct,Sunday,926.28
2224,2025-11-01,Electronics,106.28,3,PayPal,5,Nov,Saturday,318.84000000000003
2225,2025-10-13,Sports,133.2,5,UPI,4,Oct,Monday,666.0
2226,2025-05-24,Sports,95.05,4,PayPal,5,May,Saturday,380.2
2227,2025-01-19,Sports,479.34,5,PayPal,3,Jan,Sunday,2396.7
2228,2025-01-18,Clothing,428.76,1,Debit Card,2,Jan,Saturday,428.76
2229,2025-09-14,Electronics,122.94,3,UPI,4,Sep,Sunday,368.82
2230,2025-03-19,Home & Kitchen,170.51,2,PayPal,2,Mar,Wednesday,341.02
2231,2025-06-24,Clothing,112.85,3,UPI,5,Jun,Tuesday,338.54999999999995
2232,2025-07-13,Clothing,251.02,1,PayPal,5,Jul,Sunday,251.02
2233,2025-04-23,Electronics,19.61,2,Debit Card,1,Apr,Wednesday,39.22
2234,2025-04-24,Beauty,338.97,4,UPI,4,Apr,Thursday,1355.88
2235,2025-08-10,Clothing,266.35,4,UPI,5,Aug,Sunday,1065.4
2236,2025-06-15,Beauty,450.33,3,Debit Card,3,Jun,Sunday,1350.99
2237,2025-11-15,Beauty,90.55,2,Credit Card,3,Nov,Saturday,181.1
2238,2025-05-12,Sports,404.01,2,PayPal,2,May,Monday,808.02
2239,2025-09-21,Electronics,398.06,5,PayPal,3,Sep,Sunday,1990.3
2240,2025-02-24,Beauty,72.32,1,Credit Card,5,Feb,Monday,72.32
2241,2025-12-25,Electronics,205.29,4,UPI,3,Dec,Thursday,821.16
2242,2025-05-11,Sports,93.37,3,UPI,4,May,Sunday,280.11
2243,2025-10-15,Electronics,134.81,2,Debit Card,2,Oct,Wednesday,269.62
2244,2025-09-23,Clothing,138.99,4,Debit Card,4,Sep,Tuesday,555.96
2245,2025-06-11,Beauty,282.56,3,Debit Card,5,Jun,Wednesday,847.6800000000001
2246,2025-03-28,Electronics,211.59,4,Credit Card,5,Mar,Friday,846.36
2247,2025-02-24,Home & Kitchen,474.39,3,Credit Card,3,Feb,Monday,1423.17
2248,2025-10-15,Electronics,71.92,4,UPI,1,Oct,Wednesday,287.68
2249,2025-06-27,Beauty,487.11,5,Debit Card,1,Jun,Friday,2435.55
2250,2025-12-15,Sports,123.01,1,UPI,5,Dec,Monday,123.01
2251,2025-01-08,Sports,388.71,4,Credit Card,5,Jan,Wednesday,1554.84
2252,2025-11-17,Beauty,176.1,1,PayPal,2,Nov,Monday,176.1
2253,2025-11-09,Clothing,80.11,4,UPI,5,Nov,Sunday,320.44
2254,2025-09-04,Clothing,430.37,2,Credit Card,5,Sep,Thursday,860.74
2255,2025-11-19,Sports,161.34,5,Debit Card,2,Nov,Wednesday,806.7
2256,2025-09-12,Sports,332.84,5,PayPal,4,Sep,Friday,1664.1999999999998
2257,2025-11-24,Beauty,287.56,1,PayPal,4,Nov,Monday,287.56
2258,2025-02-23,Clothing,241.16,2,PayPal,2,Feb,Sunday,482.32
2259,2025-09-06,Sports,252.95,3,Debit Card,2,Sep,Saturday,758.8499999999999
2260,2025-08-27,Clothing,368.8,5,PayPal,4,Aug,Wednesday,1844.0
2261,2025-08-17,Sports,53.01,2,Credit Card,4,Aug,Sunday,106.02
2262,2025-03-08,Electronics,337.41,2,UPI,4,Mar,Saturday,674.82
2263,2025-02-20,Home & Kitchen,448.95,1,PayPal,4,Feb,Thursday,448.95
2264,2025-04-07,Electronics,38.32,2,PayPal,3,Apr,Monday,76.64
2265,2025-04-02,Sports,78.92,2,Credit Card,2,Apr,Wednesday,157.84
2266,2025-09-21,Home & Kitchen,361.15,3,Debit Card,1,Sep,Sunday,1083.4499999999998
2267,2025-10-18,Home & Kitchen,224.27,1,PayPal,3,Oct,Saturday,224.27
2268,2025-04-06,Sports,207.74,1,Credit Card,1,Apr,Sunday,207.74
2269,2025-03-29,Sports,77.11,2,Credit Card,1,Mar,Saturday,154.22
2270,2025-03-19,Clothing,258.32,3,Debit Card,5,Mar,Wednesday,774.96
2271,2025-10-15,Sports,72.01,4,Debit Card,2,Oct,Wednesday,288.04
2272,2025-04-30,Beauty,243.54,5,UPI,3,Apr,Wednesday,1217.7
2273,2025-10-29,Sports,384.17,1,PayPal,2,Oct,Wednesday,384.17
2274,2025-06-14,Beauty,136.55,3,UPI,4,Jun,Saturday,409.65000000000003
2275,2025-07-01,Sports,245.59,3,Credit Card,2,Jul,Tuesday,736.77
2276,2025-08-11,Clothing,496.09,2,PayPal,1,Aug,Monday,992.18
2277,2025-11-07,Beauty,346.46,5,Credit Card,4,Nov,Friday,1732.3
2278,2025-01-07,Electronics,422.26,1,Credit Card,2,Jan,Tuesday,422.26
2279,2025-11-26,Beauty,213.28,4,Credit Card,2,Nov,Wednesday,853.12
2280,2025-09-20,Clothing,386.25,2,Debit Card,1,Sep,Saturday,772.5
2281,2025-06-10,Beauty,29.85,1,Debit Card,4,Jun,Tuesday,29.85
2282,2025-05-31,Sports,70.23,1,PayPal,1,May,Saturday,70.23
2283,2025-03-26,Sports,109.5,3,Credit Card,2,Mar,Wednesday,328.5
2284,2025-05-27,Clothing,206.96,5,Credit Card,3,May,Tuesday,1034.8
2285,2025-04-22,Home & Kitchen,424.41,4,PayPal,3,Apr,Tuesday,1697.64
2286,2025-02-05,Sports,179.67,5,UPI,5,Feb,Wednesday,898.3499999999999
2287,2025-10-12,Electronics,330.76,3,Credit Card,3,Oct,Sunday,992.28
2288,2025-07-07,Clothing,357.56,4,Debit Card,4,Jul,Monday,1430.24
2289,2025-03-23,Beauty,297.23,4,UPI,5,Mar,Sunday,1188.92
2290,2025-01-02,Beauty,185.05,2,UPI,4,Jan,Thursday,370.1
2291,2025-10-30,Electronics,292.76,4,UPI,3,Oct,Thursday,1171.04
2292,2025-07-16,Sports,177.71,1,UPI,3,Jul,Wednesday,177.71
2293,2025-01-11,Clothing,51.1,5,UPI,2,Jan,Saturday,255.5
2294,2025-08-22,Electronics,496.47,5,UPI,4,Aug,Friday,2482.3500000000004
2295,2025-07-14,Sports,72.32,2,PayPal,1,Jul,Monday,144.64
2296,2025-04-29,Clothing,45.45,4,PayPal,2,Apr,Tuesday,181.8
2297,2025-01-20,Beauty,440.48,3,UPI,4,Jan,Monday,1321.44
2298,2025-09-18,Clothing,157.9,1,Debit Card,5,Sep,Thursday,157.9
2299,2025-10-20,Home & Kitchen,328.65,2,PayPal,4,Oct,Monday,657.3
2300,2025-09-13,Clothing,171.21,4,PayPal,5,Sep,Saturday,684.84
2301,2025-08-10,Home & Kitchen,201.81,3,UPI,5,Aug,Sunday,605.4300000000001
2302,2025-08-14,Clothing,138.44,4,Debit Card,3,Aug,Thursday,553.76
2303,2025-02-22,Home & Kitchen,178.09,2,UPI,1,Feb,Saturday,356.18
2304,2025-12-21,Beauty,211.24,3,Debit Card,4,Dec,Sunday,633.72
2305,2025-12-08,Sports,363.0,3,Debit Card,1,Dec,Monday,1089.0
2306,2025-12-30,Home & Kitchen,260.65,3,Credit Card,5,Dec,Tuesday,781.9499999999999
2307,2025-10-07,Home & Kitchen,472.35,3,PayPal,3,Oct,Tuesday,1417.0500000000002
2308,2025-03-22,Beauty,30.52,4,UPI,1,Mar,Saturday,122.08
2309,2025-07-21,Home & Kitchen,256.5,3,PayPal,2,Jul,Monday,769.5
2310,2025-06-07,Electronics,296.27,4,PayPal,5,Jun,Saturday,1185.08
2311,2025-04-30,Beauty,460.9,3,Debit Card,2,Apr,Wednesday,1382.6999999999998
2312,2025-02-28,Electronics,34.09,3,PayPal,1,Feb,Friday,102.27000000000001
2313,2025-08-03,Beauty,291.01,2,Credit Card,1,Aug,Sunday,582.02
2314,2025-05-08,Home & Kitchen,428.28,4,UPI,1,May,Thursday,1713.12
2315,2025-08-12,Electronics,128.54,4,PayPal,4,Aug,Tuesday,514.16
2316,2025-07-28,Home & Kitchen,439.38,5,UPI,5,Jul,Monday,2196.9
2317,2025-04-25,Beauty,19.33,2,PayPal,5,Apr,Friday,38.66
2318,2025-07-28,Home & Kitchen,368.9,4,UPI,5,Jul,Monday,1475.6
2319,2025-01-14,Electronics,467.23,2,UPI,4,Jan,Tuesday,934.46
2320,2025-01-09,Electronics,332.03,2,UPI,1,Jan,Thursday,664.06
2321,2025-02-09,Home & Kitchen,225.12,2,PayPal,1,Feb,Sunday,450.24
2322,2025-08-25,Clothing,31.99,1,Credit Card,2,Aug,Monday,31.99
2323,2025-10-08,Beauty,460.86,4,UPI,4,Oct,Wednesday,1843.44
2324,2025-12-25,Beauty,240.45,2,Debit Card,3,Dec,Thursday,480.9
2325,2025-07-20,Home & Kitchen,24.21,1,Debit Card,4,Jul,Sunday,24.21
2326,2025-09-03,Clothing,348.01,1,Debit Card,2,Sep,Wednesday,348.01
2327,2025-10-05,Electronics,246.1,3,Credit Card,2,Oct,Sunday,738.3
2328,2025-08-23,Sports,70.93,3,UPI,2,Aug,Saturday,212.79000000000002
2329,2025-01-04,Sports,114.99,4,Credit Card,1,Jan,Saturday,459.96
2330,2025-06-03,Home & Kitchen,41.6,3,UPI,3,Jun,Tuesday,124.80000000000001
2331,2025-01-29,Clothing,291.4,4,Credit Card,2,Jan,Wednesday,1165.6
2332,2025-04-19,Clothing,314.79,1,UPI,5,Apr,Saturday,314.79
2333,2025-04-08,Beauty,257.81,1,Debit Card,1,Apr,Tuesday,257.81
2334,2025-08-03,Electronics,410.38,4,UPI,3,Aug,Sunday,1641.52
2335,2025-10-20,Clothing,431.89,3,Credit Card,5,Oct,Monday,1295.67
2336,2025-03-16,Sports,311.66,3,UPI,3,Mar,Sunday,934.98
2337,2025-11-22,Electronics,16.25,4,PayPal,3,Nov,Saturday,65.0
2338,2025-05-26,Electronics,350.66,5,UPI,5,May,Monday,1753.3000000000002
2339,2025-05-08,Home & Kitchen,214.82,3,Debit Card,4,May,Thursday,644.46
2340,2025-12-07,Clothing,287.12,2,UPI,3,Dec,Sunday,574.24
2341,2025-02-11,Home & Kitchen,328.05,3,PayPal,4,Feb,Tuesday,984.1500000000001
2342,2025-12-22,Clothing,181.62,5,PayPal,3,Dec,Monday,908.1
2343,2025-02-10,Beauty,459.38,1,PayPal,5,Feb,Monday,459.38
2344,2025-02-03,Home & Kitchen,75.65,1,Credit Card,3,Feb,Monday,75.65
2345,2025-01-17,Home & Kitchen,339.04,1,PayPal,2,Jan,Friday,339.04
2346,2025-06-14,Sports,12.14,3,Credit Card,2,Jun,Saturday,36.42
2347,2025-06-02,Home & Kitchen,463.08,1,PayPal,3,Jun,Monday,463.08
2348,2025-03-17,Clothing,65.13,5,Credit Card,5,Mar,Monday,325.65
2349,2025-03-28,Sports,56.49,5,PayPal,5,Mar,Friday,282.45
2350,2025-04-27,Home & Kitchen,173.17,3,PayPal,1,Apr,Sunday,519.51
2351,2025-12-28,Home & Kitchen,193.05,2,UPI,5,Dec,Sunday,386.1
2352,2025-12-08,Beauty,115.01,3,PayPal,4,Dec,Monday,345.03000000000003
2353,2025-01-27,Home & Kitchen,296.71,1,UPI,3,Jan,Monday,296.71
2354,2025-11-09,Electronics,227.03,3,PayPal,2,Nov,Sunday,681.09
2355,2025-10-14,Sports,26.75,5,PayPal,5,Oct,Tuesday,133.75
2356,2025-05-14,Electronics,166.63,3,UPI,2,May,Wednesday,499.89
2357,2025-08-07,Sports,407.11,3,UPI,1,Aug,Thursday,1221.33
2358,2025-06-17,Beauty,347.95,2,Credit Card,3,Jun,Tuesday,695.9
2359,2025-04-08,Home & Kitchen,365.19,5,Debit Card,5,Apr,Tuesday,1825.95
2360,2025-09-25,Home & Kitchen,352.08,4,UPI,2,Sep,Thursday,1408.32
2361,2025-08-25,Home & Kitchen,162.38,4,Credit Card,5,Aug,Monday,649.52
2362,2025-11-05,Sports,58.84,5,PayPal,1,Nov,Wednesday,294.20000000000005
2363,2025-06-22,Home & Kitchen,143.51,4,UPI,2,Jun,Sunday,574.04
2364,2025-07-09,Electronics,417.57,1,UPI,2,Jul,Wednesday,417.57
2365,2025-05-02,Home & Kitchen,490.43,4,PayPal,3,May,Friday,1961.72
2366,2025-02-15,Beauty,251.99,1,PayPal,3,Feb,Saturday,251.99
2367,2025-03-05,Electronics,14.75,5,PayPal,2,Mar,Wednesday,73.75
2368,2025-05-10,Home & Kitchen,78.62,4,PayPal,3,May,Saturday,314.48
2369,2025-11-06,Home & Kitchen,167.82,4,Debit Card,2,Nov,Thursday,671.28
2370,2025-12-29,Clothing,293.51,1,UPI,4,Dec,Monday,293.51
2371,2025-07-12,Sports,46.8,1,PayPal,5,Jul,Saturday,46.8
2372,2025-11-03,Electronics,472.25,3,PayPal,4,Nov,Monday,1416.75
2373,2025-06-30,Clothing,188.89,2,Debit Card,4,Jun,Monday,377.78
2374,2025-10-19,Beauty,457.17,4,UPI,5,Oct,Sunday,1828.68
2375,2025-10-09,Sports,392.46,2,Credit Card,2,Oct,Thursday,784.92
2376,2025-01-29,Electronics,380.16,2,UPI,2,Jan,Wednesday,760.32
2377,2025-05-29,Home & Kitchen,307.29,4,Credit Card,3,May,Thursday,1229.16
2378,2025-09-24,Electronics,317.12,1,Debit Card,1,Sep,Wednesday,317.12
2379,2025-10-23,Home & Kitchen,322.62,3,PayPal,2,Oct,Thursday,967.86
2380,2025-01-11,Sports,318.07,5,Debit Card,5,Jan,Saturday,1590.35
2381,2025-06-13,Home & Kitchen,281.33,4,UPI,1,Jun,Friday,1125.32
2382,2025-04-23,Beauty,493.34,4,PayPal,5,Apr,Wednesday,1973.36
2383,2025-07-06,Home & Kitchen,368.82,5,UPI,5,Jul,Sunday,1844.1
2384,2025-10-22,Beauty,390.7,2,Credit Card,5,Oct,Wednesday,781.4
2385,2025-08-20,Sports,437.51,3,UPI,1,Aug,Wednesday,1312.53
2386,2025-08-15,Sports,115.66,2,Debit Card,4,Aug,Friday,231.32
2387,2025-11-06,Electronics,51.06,5,Debit Card,5,Nov,Thursday,255.3
2388,2025-04-08,Beauty,246.62,5,Debit Card,3,Apr,Tuesday,1233.1
2389,2025-02-24,Beauty,261.9,3,PayPal,2,Feb,Monday,785.6999999999999
2390,2025-04-21,Clothing,416.3,5,UPI,2,Apr,Monday,2081.5
2391,2025-06-01,Clothing,227.45,5,PayPal,2,Jun,Sunday,1137.25
2392,2025-09-03,Clothing,289.72,3,UPI,1,Sep,Wednesday,869.1600000000001
2393,2025-03-10,Home & Kitchen,268.26,4,Credit Card,3,Mar,Monday,1073.04
2394,2025-11-08,Clothing,28.72,2,UPI,3,Nov,Saturday,57.44
2395,2025-10-16,Beauty,311.46,4,UPI,3,Oct,Thursday,1245.84
2396,2025-09-07,Home & Kitchen,415.74,4,UPI,3,Sep,Sunday,1662.96
2397,2025-02-05,Sports,87.18,2,UPI,3,Feb,Wednesday,174.36
2398,2025-08-27,Electronics,301.22,4,Credit Card,4,Aug,Wednesday,1204.88
2399,2025-05-28,Clothing,300.87,3,PayPal,3,May,Wednesday,902.61
2400,2025-08-15,Sports,90.45,2,Debit Card,3,Aug,Friday,180.9
2401,2025-09-01,Beauty,70.5,1,UPI,1,Sep,Monday,70.5
2402,2025-12-03,Electronics,490.23,4,Debit Card,1,Dec,Wednesday,1960.92
2403,2025-12-31,Sports,202.92,5,Debit Card,3,Dec,Wednesday,1014.5999999999999
2404,2025-07-20,Electronics,121.44,2,Debit Card,4,Jul,Sunday,242.88
2405,2025-06-03,Clothing,93.95,1,Debit Card,3,Jun,Tuesday,93.95
2406,2025-03-14,Beauty,337.12,5,UPI,3,Mar,Friday,1685.6
2407,2025-07-20,Electronics,308.63,1,Debit Card,3,Jul,Sunday,308.63
2408,2025-10-23,Sports,325.34,4,UPI,5,Oct,Thursday,1301.36
2409,2025-01-17,Clothing,53.12,5,Credit Card,4,Jan,Friday,265.59999999999997
2410,2025-05-09,Clothing,447.83,4,PayPal,2,May,Friday,1791.32
2411,2025-08-05,Sports,200.74,5,PayPal,3,Aug,Tuesday,1003.7
2412,2025-03-02,Sports,163.55,2,UPI,2,Mar,Sunday,327.1
2413,2025-04-14,Electronics,236.56,3,UPI,4,Apr,Monday,709.6800000000001
2414,2025-02-11,Home & Kitchen,201.13,3,PayPal,3,Feb,Tuesday,603.39
2415,2025-01-25,Clothing,433.15,1,Debit Card,2,Jan,Saturday,433.15
2416,2025-02-08,Electronics,465.34,5,UPI,2,Feb,Saturday,2326.7
2417,2025-10-18,Sports,158.69,4,Debit Card,4,Oct,Saturday,634.76
2418,2025-05-11,Electronics,433.33,2,UPI,3,May,Sunday,866.66
2419,2025-08-17,Sports,392.95,2,UPI,5,Aug,Sunday,785.9
2420,2025-04-18,Beauty,466.1,2,Credit Card,4,Apr,Friday,932.2
2421,2025-06-21,Sports,130.42,3,Credit Card,5,Jun,Saturday,391.26
2422,2025-04-12,Sports,292.71,4,PayPal,3,Apr,Saturday,1170.84
2423,2025-12-20,Sports,144.53,2,Credit Card,2,Dec,Saturday,289.06
2424,2025-01-12,Home & Kitchen,413.81,2,Credit Card,4,Jan,Sunday,827.62
2425,2025-10-02,Sports,12.61,1,PayPal,4,Oct,Thursday,12.61
2426,2025-04-11,Clothing,286.76,5,Debit Card,4,Apr,Friday,1433.8
2427,2025-02-13,Clothing,176.21,5,Credit Card,1,Feb,Thursday,881.0500000000001
2428,2025-11-01,Electronics,168.12,5,Debit Card,3,Nov,Saturday,840.6
2429,2025-01-17,Home & Kitchen,326.0,1,PayPal,1,Jan,Friday,326.0
2430,2025-11-26,Electronics,427.23,3,UPI,4,Nov,Wednesday,1281.69
2431,2025-02-26,Clothing,308.51,1,Debit Card,4,Feb,Wednesday,308.51
2432,2025-11-07,Clothing,428.05,2,PayPal,5,Nov,Friday,856.1
2433,2025-10-30,Beauty,139.65,4,Debit Card,1,Oct,Thursday,558.6
2434,2025-01-12,Sports,264.56,2,PayPal,2,Jan,Sunday,529.12
2435,2025-11-14,Clothing,230.76,2,PayPal,3,Nov,Friday,461.52
2436,2025-03-21,Electronics,15.71,4,UPI,2,Mar,Friday,62.84
2437,2025-08-04,Electronics,282.84,5,Debit Card,2,Aug,Monday,1414.1999999999998
2438,2025-12-05,Sports,334.15,1,UPI,3,Dec,Friday,334.15
2439,2025-09-21,Sports,300.04,3,UPI,4,Sep,Sunday,900.1200000000001
2440,2025-05-29,Beauty,370.78,2,Debit Card,5,May,Thursday,741.56
2441,2025-03-22,Home & Kitchen,289.96,2,Debit Card,4,Mar,Saturday,579.92
2442,2025-08-03,Electronics,42.71,3,PayPal,4,Aug,Sunday,128.13
2443,2025-07-17,Sports,67.06,1,Debit Card,1,Jul,Thursday,67.06
2444,2025-07-19,Electronics,302.27,2,PayPal,2,Jul,Saturday,604.54
2445,2025-01-25,Sports,144.74,3,PayPal,2,Jan,Saturday,434.22
2446,2025-03-30,Clothing,49.03,2,PayPal,2,Mar,Sunday,98.06
2447,2025-09-25,Electronics,220.51,5,PayPal,5,Sep,Thursday,1102.55
2448,2025-05-23,Clothing,281.62,5,PayPal,5,May,Friday,1408.1
2449,2025-02-28,Electronics,171.09,2,PayPal,5,Feb,Friday,342.18
2450,2025-12-31,Home & Kitchen,363.01,2,Debit Card,3,Dec,Wednesday,726.02
2451,2025-01-26,Beauty,325.45,5,Debit Card,5,Jan,Sunday,1627.25
2452,2025-02-16,Clothing,173.08,2,Credit Card,1,Feb,Sunday,346.16
2453,2025-10-15,Sports,379.89,1,Debit Card,1,Oct,Wednesday,379.89
2454,2025-09-23,Home & Kitchen,327.86,1,UPI,4,Sep,Tuesday,327.86
2455,2025-01-16,Electronics,322.35,4,Credit Card,4,Jan,Thursday,1289.4
2456,2025-07-18,Clothing,281.18,1,Debit Card,4,Jul,Friday,281.18
2457,2025-10-09,Electronics,15.58,2,UPI,4,Oct,Thursday,31.16
2458,2025-03-27,Electronics,351.29,2,Debit Card,1,Mar,Thursday,702.58
2459,2025-09-07,Electronics,194.26,3,PayPal,4,Sep,Sunday,582.78
2460,2025-09-27,Beauty,471.88,1,Credit Card,1,Sep,Saturday,471.88
2461,2025-12-01,Beauty,410.81,5,PayPal,5,Dec,Monday,2054.05
2462,2025-04-27,Sports,297.97,5,Credit Card,5,Apr,Sunday,1489.8500000000001
2463,2025-01-07,Clothing,133.57,4,Credit Card,3,Jan,Tuesday,534.28
2464,2025-05-17,Home & Kitchen,109.82,3,PayPal,4,May,Saturday,329.46
2465,2025-06-25,Home & Kitchen,176.79,5,Credit Card,5,Jun,Wednesday,883.9499999999999
2466,2025-11-24,Home & Kitchen,243.52,4,Credit Card,5,Nov,Monday,974.08
2467,2025-11-11,Electronics,155.07,1,Debit Card,2,Nov,Tuesday,155.07
2468,2025-08-03,Beauty,262.32,3,UPI,2,Aug,Sunday,786.96
2469,2025-03-23,Clothing,91.03,3,PayPal,1,Mar,Sunday,273.09000000000003
2470,2025-08-11,Electronics,489.08,2,Debit Card,3,Aug,Monday,978.16
2471,2025-04-13,Beauty,62.88,1,Debit Card,2,Apr,Sunday,62.88
2472,2025-09-30,Beauty,466.65,3,PayPal,3,Sep,Tuesday,1399.9499999999998
2473,2025-01-14,Clothing,457.65,4,Credit Card,5,Jan,Tuesday,1830.6
2474,2025-06-08,Clothing,267.43,5,PayPal,1,Jun,Sunday,1337.15
2475,2025-06-01,Clothing,365.21,1,UPI,3,Jun,Sunday,365.21
2476,2025-04-18,Electronics,223.66,1,UPI,2,Apr,Friday,223.66
2477,2025-07-07,Sports,318.72,3,PayPal,5,Jul,Monday,956.1600000000001
2478,2025-10-28,Clothing,176.88,3,Debit Card,4,Oct,Tuesday,530.64
2479,2025-04-08,Sports,157.57,3,PayPal,5,Apr,Tuesday,472.71
2480,2025-05-11,Electronics,293.33,4,UPI,2,May,Sunday,1173.32
2481,2025-10-20,Sports,254.08,2,PayPal,2,Oct,Monday,508.16
2482,2025-06-20,Home & Kitchen,293.97,3,Credit Card,4,Jun,Friday,881.9100000000001
2483,2025-07-02,Sports,150.46,2,PayPal,5,Jul,Wednesday,300.92
2484,2025-12-30,Clothing,189.81,2,Debit Card,3,Dec,Tuesday,379.62
2485,2025-02-08,Electronics,51.11,1,Credit Card,3,Feb,Saturday,51.11
2486,2025-01-15,Clothing,35.62,5,UPI,5,Jan,Wednesday,178.1
2487,2025-01-04,Home & Kitchen,134.19,5,PayPal,3,Jan,Saturday,670.95
2488,2025-12-15,Clothing,46.38,4,Debit Card,5,Dec,Monday,185.52
2489,2025-07-29,Clothing,60.85,4,Debit Card,5,Jul,Tuesday,243.4
2490,2025-06-10,Clothing,408.33,5,UPI,2,Jun,Tuesday,2041.6499999999999
2491,2025-01-16,Beauty,29.05,5,PayPal,1,Jan,Thursday,145.25
2492,2025-04-18,Home & Kitchen,332.88,1,Debit Card,2,Apr,Friday,332.88
2493,2025-11-07,Clothing,143.55,1,Credit Card,3,Nov,Friday,143.55
2494,2025-08-15,Clothing,437.06,5,PayPal,1,Aug,Friday,2185.3
2495,2025-06-19,Clothing,247.65,3,UPI,5,Jun,Thursday,742.95
2496,2025-02-03,Electronics,159.73,3,Credit Card,3,Feb,Monday,479.18999999999994
2497,2025-09-08,Beauty,263.64,1,PayPal,4,Sep,Monday,263.64
2498,2025-09-04,Electronics,197.16,2,Debit Card,3,Sep,Thursday,394.32
2499,2025-09-26,Beauty,286.51,5,UPI,1,Sep,Friday,1432.55
2500,2025-05-21,Clothing,66.12,4,UPI,1,May,Wednesday,264.48
2501,2025-10-01,Home & Kitchen,498.53,3,PayPal,5,Oct,Wednesday,1495.59
2502,2025-04-06,Sports,218.52,2,UPI,4,Apr,Sunday,437.04
2503,2025-08-15,Sports,180.63,3,Credit Card,5,Aug,Friday,541.89
2504,2025-02-08,Clothing,358.0,2,PayPal,4,Feb,Saturday,716.0
2505,2025-10-29,Electronics,188.31,5,Credit Card,4,Oct,Wednesday,941.55
2506,2025-01-29,Home & Kitchen,418.3,5,UPI,5,Jan,Wednesday,2091.5
2507,2025-11-14,Beauty,232.59,5,UPI,3,Nov,Friday,1162.95
2508,2025-09-02,Clothing,362.58,1,UPI,2,Sep,Tuesday,362.58
2509,2025-08-24,Home & Kitchen,62.65,2,Credit Card,4,Aug,Sunday,125.3
2510,2025-07-04,Home & Kitchen,424.6,4,UPI,1,Jul,Friday,1698.4
2511,2025-09-29,Beauty,370.5,4,PayPal,5,Sep,Monday,1482.0
2512,2025-08-24,Home & Kitchen,113.74,5,Debit Card,3,Aug,Sunday,568.6999999999999
2513,2025-08-27,Electronics,81.19,4,PayPal,4,Aug,Wednesday,324.76
2514,2025-09-23,Electronics,164.98,3,Debit Card,3,Sep,Tuesday,494.93999999999994
2515,2025-12-25,Electronics,488.27,2,UPI,5,Dec,Thursday,976.54
2516,2025-12-06,Home & Kitchen,135.85,2,PayPal,1,Dec,Saturday,271.7
2517,2025-03-06,Electronics,233.5,2,Credit Card,4,Mar,Thursday,467.0
2518,2025-06-26,Beauty,24.71,3,Debit Card,4,Jun,Thursday,74.13
2519,2025-01-03,Home & Kitchen,204.64,1,Credit Card,3,Jan,Friday,204.64
2520,2025-05-22,Sports,289.95,3,Debit Card,5,May,Thursday,869.8499999999999
2521,2025-06-07,Home & Kitchen,477.03,2,UPI,2,Jun,Saturday,954.06
2522,2025-11-20,Beauty,263.2,2,PayPal,4,Nov,Thursday,526.4
2523,2025-05-26,Sports,411.36,2,Debit Card,1,May,Monday,822.72
2524,2025-10-20,Home & Kitchen,278.09,4,PayPal,4,Oct,Monday,1112.36
2525,2025-06-02,Electronics,29.98,1,Debit Card,4,Jun,Monday,29.98
2526,2025-07-12,Clothing,164.35,3,Debit Card,2,Jul,Saturday,493.04999999999995
2527,2025-03-14,Clothing,292.02,2,UPI,2,Mar,Friday,584.04
2528,2025-11-01,Electronics,475.79,5,Debit Card,5,Nov,Saturday,2378.9500000000003
2529,2025-12-10,Clothing,430.97,1,Credit Card,4,Dec,Wednesday,430.97
2530,2025-05-20,Clothing,121.89,5,Debit Card,4,May,Tuesday,609.45
2531,2025-07-06,Electronics,117.85,1,Debit Card,3,Jul,Sunday,117.85
2532,2025-10-20,Electronics,108.57,2,Debit Card,3,Oct,Monday,217.14
2533,2025-03-02,Home & Kitchen,462.02,1,UPI,1,Mar,Sunday,462.02
2534,2025-07-17,Home & Kitchen,427.81,1,PayPal,1,Jul,Thursday,427.81
2535,2025-10-22,Electronics,389.69,2,PayPal,3,Oct,Wednesday,779.38
2536,2025-11-15,Beauty,202.44,5,UPI,1,Nov,Saturday,1012.2
2537,2025-10-29,Clothing,257.15,5,Credit Card,4,Oct,Wednesday,1285.75
2538,2025-12-10,Home & Kitchen,237.52,4,Credit Card,2,Dec,Wednesday,950.08
2539,2025-01-11,Clothing,134.17,5,UPI,4,Jan,Saturday,670.8499999999999
2540,2025-03-03,Sports,257.46,5,PayPal,3,Mar,Monday,1287.3
2541,2025-11-29,Electronics,24.94,1,Credit Card,5,Nov,Saturday,24.94
2542,2025-08-14,Beauty,74.59,4,UPI,5,Aug,Thursday,298.36
2543,2025-06-02,Sports,444.43,2,PayPal,3,Jun,Monday,888.86
2544,2025-07-18,Sports,378.32,2,Credit Card,4,Jul,Friday,756.64
2545,2025-02-21,Sports,217.21,3,Credit Card,1,Feb,Friday,651.63
2546,2025-09-17,Electronics,263.4,4,UPI,1,Sep,Wednesday,1053.6
2547,2025-02-28,Home & Kitchen,191.3,1,PayPal,5,Feb,Friday,191.3
2548,2025-03-13,Electronics,372.98,3,Credit Card,3,Mar,Thursday,1118.94
2549,2025-05-28,Home & Kitchen,394.25,3,UPI,3,May,Wednesday,1182.75
2550,2025-12-15,Sports,384.01,2,Credit Card,2,Dec,Monday,768.02
2551,2025-03-04,Sports,364.08,5,PayPal,5,Mar,Tuesday,1820.3999999999999
2552,2025-11-06,Beauty,110.21,1,Debit Card,3,Nov,Thursday,110.21
2553,2025-08-31,Home & Kitchen,175.61,4,Credit Card,2,Aug,Sunday,702.44
2554,2025-11-26,Sports,240.22,3,PayPal,1,Nov,Wednesday,720.66
2555,2025-04-17,Clothing,172.09,1,Credit Card,5,Apr,Thursday,172.09
2556,2025-08-14,Beauty,379.92,2,Debit Card,5,Aug,Thursday,759.84
2557,2025-11-09,Electronics,171.38,3,Debit Card,3,Nov,Sunday,514.14
2558,2025-08-06,Beauty,77.73,3,Credit Card,3,Aug,Wednesday,233.19
2559,2025-08-29,Clothing,205.53,2,UPI,4,Aug,Friday,411.06
2560,2025-09-16,Home & Kitchen,490.16,2,Credit Card,1,Sep,Tuesday,980.32
2561,2025-09-19,Electronics,120.68,2,PayPal,1,Sep,Friday,241.36
2562,2025-01-05,Electronics,309.96,1,UPI,2,Jan,Sunday,309.96
2563,2025-09-18,Home & Kitchen,222.16,1,PayPal,2,Sep,Thursday,222.16
2564,2025-02-23,Beauty,44.8,1,PayPal,4,Feb,Sunday,44.8
2565,2025-02-16,Sports,249.06,5,UPI,1,Feb,Sunday,1245.3
2566,2025-08-03,Beauty,354.06,3,Debit Card,2,Aug,Sunday,1062.18
2567,2025-06-26,Clothing,261.48,1,PayPal,1,Jun,Thursday,261.48
2568,2025-01-09,Sports,437.33,5,Credit Card,1,Jan,Thursday,2186.65
2569,2025-04-09,Beauty,151.58,3,Debit Card,2,Apr,Wednesday,454.74
2570,2025-01-20,Home & Kitchen,52.26,1,Debit Card,3,Jan,Monday,52.26
2571,2025-08-29,Clothing,468.92,2,UPI,3,Aug,Friday,937.84
2572,2025-03-02,Clothing,195.32,4,Credit Card,2,Mar,Sunday,781.28
2573,2025-06-27,Clothing,292.44,1,Credit Card,4,Jun,Friday,292.44
2574,2025-12-04,Sports,398.08,4,Debit Card,5,Dec,Thursday,1592.32
2575,2025-03-03,Electronics,168.91,1,PayPal,1,Mar,Monday,168.91
2576,2025-05-25,Sports,360.92,2,PayPal,5,May,Sunday,721.84
2577,2025-08-04,Beauty,76.36,4,Credit Card,2,Aug,Monday,305.44
2578,2025-01-03,Electronics,152.73,5,Debit Card,1,Jan,Friday,763.65
2579,2025-06-09,Beauty,80.91,2,Debit Card,5,Jun,Monday,161.82
2580,2025-08-15,Electronics,407.5,4,Debit Card,3,Aug,Friday,1630.0
2581,2025-09-26,Sports,119.1,4,UPI,4,Sep,Friday,476.4
2582,2025-04-30,Clothing,361.53,2,Credit Card,5,Apr,Wednesday,723.06
2583,2025-03-30,Home & Kitchen,472.22,2,Credit Card,4,Mar,Sunday,944.44
2584,2025-11-25,Clothing,268.61,2,PayPal,3,Nov,Tuesday,537.22
2585,2025-03-09,Sports,274.61,3,PayPal,5,Mar,Sunday,823.83
2586,2025-12-23,Electronics,235.91,5,Credit Card,2,Dec,Tuesday,1179.55
2587,2025-04-08,Clothing,169.69,1,Credit Card,1,Apr,Tuesday,169.69
2588,2025-09-24,Sports,243.07,4,PayPal,3,Sep,Wednesday,972.28
2589,2025-04-15,Beauty,305.38,1,Credit Card,4,Apr,Tuesday,305.38
2590,2025-11-19,Home & Kitchen,493.14,2,PayPal,4,Nov,Wednesday,986.28
2591,2025-05-03,Clothing,469.5,5,Credit Card,3,May,Saturday,2347.5
2592,2025-01-29,Electronics,432.45,5,UPI,2,Jan,Wednesday,2162.25
2593,2025-05-17,Beauty,445.67,3,UPI,2,May,Saturday,1337.01
2594,2025-07-14,Sports,239.25,2,Debit Card,4,Jul,Monday,478.5
2595,2025-08-14,Home & Kitchen,332.15,4,Credit Card,3,Aug,Thursday,1328.6
2596,2025-11-28,Electronics,448.58,3,PayPal,3,Nov,Friday,1345.74
2597,2025-06-19,Sports,202.55,2,Credit Card,1,Jun,Thursday,405.1
2598,2025-01-09,Sports,481.26,3,Credit Card,4,Jan,Thursday,1443.78
2599,2025-02-09,Clothing,213.74,1,Debit Card,2,Feb,Sunday,213.74
2600,2025-01-25,Clothing,304.53,2,PayPal,5,Jan,Saturday,609.06
2601,2025-09-18,Electronics,357.8,4,Credit Card,2,Sep,Thursday,1431.2
2602,2025-08-14,Sports,475.79,4,PayPal,2,Aug,Thursday,1903.16
2603,2025-05-04,Clothing,129.86,2,Credit Card,5,May,Sunday,259.72
2604,2025-02-07,Home & Kitchen,375.6,3,Debit Card,4,Feb,Friday,1126.8000000000002
2605,2025-11-24,Home & Kitchen,265.2,5,PayPal,1,Nov,Monday,1326.0
2606,2025-09-08,Sports,141.59,2,Credit Card,2,Sep,Monday,283.18
2607,2025-06-25,Clothing,390.54,4,UPI,2,Jun,Wednesday,1562.16
2608,2025-03-31,Electronics,280.59,1,PayPal,4,Mar,Monday,280.59
2609,2025-02-06,Electronics,333.88,4,Debit Card,4,Feb,Thursday,1335.52
2610,2025-11-12,Electronics,168.22,5,UPI,3,Nov,Wednesday,841.1
2611,2025-06-25,Home & Kitchen,245.82,4,PayPal,4,Jun,Wednesday,983.28
2612,2025-10-11,Clothing,312.5,5,PayPal,4,Oct,Saturday,1562.5
2613,2025-03-22,Clothing,208.41,2,PayPal,2,Mar,Saturday,416.82
2614,2025-04-24,Home & Kitchen,107.2,4,PayPal,1,Apr,Thursday,428.8
2615,2025-02-09,Electronics,481.2,3,Credit Card,2,Feb,Sunday,1443.6
2616,2025-10-28,Electronics,260.62,3,Credit Card,4,Oct,Tuesday,781.86
2617,2025-08-12,Sports,369.62,4,PayPal,3,Aug,Tuesday,1478.48
2618,2025-11-14,Beauty,211.41,4,Debit Card,1,Nov,Friday,845.64
2619,2025-12-15,Clothing,184.01,1,Credit Card,3,Dec,Monday,184.01
2620,2025-04-25,Clothing,209.51,4,PayPal,5,Apr,Friday,838.04
2621,2025-07-05,Clothing,210.51,1,PayPal,3,Jul,Saturday,210.51
2622,2025-11-19,Beauty,276.65,1,Debit Card,3,Nov,Wednesday,276.65
2623,2025-02-25,Sports,276.3,1,Debit Card,4,Feb,Tuesday,276.3
2624,2025-02-09,Beauty,253.61,1,Debit Card,4,Feb,Sunday,253.61
2625,2025-12-20,Electronics,76.05,2,UPI,4,Dec,Saturday,152.1
2626,2025-02-09,Electronics,253.08,3,PayPal,4,Feb,Sunday,759.24
2627,2025-12-13,Clothing,92.86,1,Debit Card,4,Dec,Saturday,92.86
2628,2025-08-25,Home & Kitchen,71.81,3,PayPal,3,Aug,Monday,215.43
2629,2025-10-16,Clothing,467.0,1,Credit Card,5,Oct,Thursday,467.0
2630,2025-09-19,Home & Kitchen,306.43,3,PayPal,4,Sep,Friday,919.29
2631,2025-08-04,Beauty,333.15,4,PayPal,5,Aug,Monday,1332.6
2632,2025-05-27,Electronics,206.88,4,UPI,5,May,Tuesday,827.52
2633,2025-12-02,Home & Kitchen,455.4,3,Credit Card,2,Dec,Tuesday,1366.1999999999998
2634,2025-06-17,Beauty,322.59,1,Credit Card,2,Jun,Tuesday,322.59
2635,2025-04-02,Electronics,386.89,2,UPI,1,Apr,Wednesday,773.78
2636,2025-12-19,Home & Kitchen,190.6,3,Debit Card,2,Dec,Friday,571.8
2637,2025-02-28,Clothing,480.41,5,Debit Card,4,Feb,Friday,2402.05
2638,2025-02-28,Clothing,412.03,2,PayPal,5,Feb,Friday,824.06
2639,2025-10-31,Clothing,428.43,5,UPI,1,Oct,Friday,2142.15
2640,2025-06-18,Beauty,94.38,3,Debit Card,2,Jun,Wednesday,283.14
2641,2025-09-26,Clothing,142.77,1,Credit Card,3,Sep,Friday,142.77
2642,2025-12-29,Sports,149.96,5,UPI,1,Dec,Monday,749.8000000000001
2643,2025-02-14,Electronics,142.75,3,Debit Card,4,Feb,Friday,428.25
2644,2025-12-11,Beauty,429.15,2,Credit Card,5,Dec,Thursday,858.3
2645,2025-06-30,Clothing,25.62,1,UPI,4,Jun,Monday,25.62
2646,2025-06-19,Electronics,47.29,5,PayPal,4,Jun,Thursday,236.45
2647,2025-12-22,Home & Kitchen,144.22,3,PayPal,3,Dec,Monday,432.65999999999997
2648,2025-07-10,Clothing,107.94,1,Credit Card,3,Jul,Thursday,107.94
2649,2025-06-04,Electronics,123.61,1,Debit Card,5,Jun,Wednesday,123.61
2650,2025-07-07,Sports,400.99,4,Debit Card,2,Jul,Monday,1603.96
2651,2025-01-07,Home & Kitchen,285.93,1,UPI,4,Jan,Tuesday,285.93
2652,2025-05-13,Sports,12.83,3,Credit Card,2,May,Tuesday,38.49
2653,2025-08-23,Electronics,220.37,2,Debit Card,5,Aug,Saturday,440.74
2654,2025-02-14,Sports,209.86,4,PayPal,4,Feb,Friday,839.44
2655,2025-11-10,Electronics,65.83,3,Credit Card,2,Nov,Monday,197.49
2656,2025-09-06,Electronics,341.31,3,PayPal,4,Sep,Saturday,1023.9300000000001
2657,2025-01-31,Sports,354.03,3,Credit Card,3,Jan,Friday,1062.09
2658,2025-01-23,Electronics,363.24,5,UPI,3,Jan,Thursday,1816.2
2659,2025-06-09,Clothing,366.95,5,Debit Card,1,Jun,Monday,1834.75
2660,2025-12-29,Electronics,10.03,2,Debit Card,5,Dec,Monday,20.06
2661,2025-06-07,Beauty,477.42,3,Debit Card,2,Jun,Saturday,1432.26
2662,2025-02-08,Electronics,408.96,5,PayPal,4,Feb,Saturday,2044.8
2663,2025-03-23,Beauty,452.95,5,Debit Card,1,Mar,Sunday,2264.75
2664,2025-12-22,Electronics,17.67,5,Credit Card,5,Dec,Monday,88.35000000000001
2665,2025-09-15,Electronics,467.59,2,PayPal,5,Sep,Monday,935.18
2666,2025-07-25,Sports,406.8,2,UPI,5,Jul,Friday,813.6
2667,2025-03-18,Clothing,420.24,3,PayPal,2,Mar,Tuesday,1260.72
2668,2025-01-12,Clothing,55.71,4,UPI,3,Jan,Sunday,222.84
2669,2025-10-22,Home & Kitchen,372.0,3,PayPal,1,Oct,Wednesday,1116.0
2670,2025-08-12,Sports,480.36,5,Debit Card,2,Aug,Tuesday,2401.8
2671,2025-01-13,Sports,342.49,5,UPI,4,Jan,Monday,1712.45
2672,2025-02-15,Clothing,289.58,1,Debit Card,2,Feb,Saturday,289.58
2673,2025-06-04,Sports,473.36,3,PayPal,4,Jun,Wednesday,1420.08
2674,2025-04-23,Clothing,227.04,5,UPI,4,Apr,Wednesday,1135.2
2675,2025-08-21,Sports,303.65,5,Credit Card,5,Aug,Thursday,1518.25
2676,2025-01-17,Electronics,243.41,4,Credit Card,2,Jan,Friday,973.64
2677,2025-12-26,Clothing,467.09,1,PayPal,3,Dec,Friday,467.09
2678,2025-08-11,Clothing,47.28,3,UPI,4,Aug,Monday,141.84
2679,2025-12-20,Beauty,255.55,2,Credit Card,5,Dec,Saturday,511.1
2680,2025-07-07,Sports,346.61,3,Debit Card,3,Jul,Monday,1039.83
2681,2025-12-10,Sports,398.03,3,Debit Card,2,Dec,Wednesday,1194.09
2682,2025-12-31,Clothing,295.68,4,PayPal,3,Dec,Wednesday,1182.72
2683,2025-06-12,Electronics,455.37,3,Debit Card,2,Jun,Thursday,1366.1100000000001
2684,2025-11-22,Electronics,471.58,4,Debit Card,4,Nov,Saturday,1886.32
2685,2025-03-15,Electronics,41.52,4,Debit Card,1,Mar,Saturday,166.08
2686,2025-08-21,Sports,207.16,5,Credit Card,1,Aug,Thursday,1035.8
2687,2025-08-12,Beauty,21.49,2,UPI,4,Aug,Tuesday,42.98
2688,2025-11-15,Clothing,171.41,4,PayPal,3,Nov,Saturday,685.64
2689,2025-03-01,Home & Kitchen,273.07,1,UPI,2,Mar,Saturday,273.07
2690,2025-12-01,Beauty,456.29,1,UPI,1,Dec,Monday,456.29
2691,2025-08-10,Home & Kitchen,424.81,2,UPI,2,Aug,Sunday,849.62
2692,2025-02-06,Beauty,72.47,4,Credit Card,4,Feb,Thursday,289.88
2693,2025-10-05,Electronics,55.58,2,Debit Card,3,Oct,Sunday,111.16
2694,2025-07-15,Sports,298.74,5,PayPal,2,Jul,Tuesday,1493.7
2695,2025-12-18,Home & Kitchen,270.74,1,UPI,3,Dec,Thursday,270.74
2696,2025-08-30,Beauty,140.53,3,Debit Card,1,Aug,Saturday,421.59000000000003
2697,2025-11-20,Sports,450.73,1,Credit Card,2,Nov,Thursday,450.73
2698,2025-08-07,Home & Kitchen,464.41,4,UPI,5,Aug,Thursday,1857.64
2699,2025-07-11,Clothing,207.28,2,Debit Card,1,Jul,Friday,414.56
2700,2025-01-17,Beauty,446.25,1,Credit Card,3,Jan,Friday,446.25
2701,2025-01-12,Clothing,198.13,3,Debit Card,4,Jan,Sunday,594.39
2702,2025-07-12,Electronics,371.04,3,PayPal,5,Jul,Saturday,1113.1200000000001
2703,2025-01-22,Clothing,243.21,2,Debit Card,2,Jan,Wednesday,486.42
2704,2025-04-30,Clothing,70.07,2,Debit Card,1,Apr,Wednesday,140.14
2705,2025-07-29,Beauty,464.69,1,PayPal,2,Jul,Tuesday,464.69
2706,2025-11-02,Electronics,232.51,4,PayPal,2,Nov,Sunday,930.04
2707,2025-09-27,Clothing,369.9,5,Debit Card,5,Sep,Saturday,1849.5
2708,2025-07-11,Sports,189.92,3,PayPal,5,Jul,Friday,569.76
2709,2025-06-24,Home & Kitchen,19.25,2,Debit Card,5,Jun,Tuesday,38.5
2710,2025-10-12,Clothing,59.26,5,UPI,5,Oct,Sunday,296.3
2711,2025-07-23,Electronics,253.15,5,Debit Card,4,Jul,Wednesday,1265.75
2712,2025-06-13,Clothing,348.08,5,Credit Card,3,Jun,Friday,1740.3999999999999
2713,2025-09-08,Home & Kitchen,174.02,4,PayPal,5,Sep,Monday,696.08
2714,2025-08-15,Electronics,350.79,2,UPI,1,Aug,Friday,701.58
2715,2025-01-07,Beauty,352.33,3,PayPal,2,Jan,Tuesday,1056.99
2716,2025-01-29,Electronics,354.93,2,PayPal,5,Jan,Wednesday,709.86
2717,2025-02-02,Beauty,251.34,1,PayPal,1,Feb,Sunday,251.34
2718,2025-05-14,Electronics,458.29,3,Credit Card,4,May,Wednesday,1374.8700000000001
2719,2025-03-20,Home & Kitchen,249.71,2,Credit Card,1,Mar,Thursday,499.42
2720,2025-02-27,Home & Kitchen,230.63,3,Debit Card,1,Feb,Thursday,691.89
2721,2025-01-26,Electronics,107.7,1,Credit Card,4,Jan,Sunday,107.7
2722,2025-08-14,Clothing,160.75,3,PayPal,4,Aug,Thursday,482.25
2723,2025-10-12,Home & Kitchen,30.74,5,UPI,2,Oct,Sunday,153.7
2724,2025-01-04,Beauty,320.43,4,UPI,5,Jan,Saturday,1281.72
2725,2025-04-09,Beauty,131.78,1,UPI,1,Apr,Wednesday,131.78
2726,2025-02-08,Sports,159.04,3,PayPal,3,Feb,Saturday,477.12
2727,2025-09-28,Beauty,387.7,1,Credit Card,3,Sep,Sunday,387.7
2728,2025-10-12,Sports,170.34,5,UPI,2,Oct,Sunday,851.7
2729,2025-06-06,Electronics,128.68,4,PayPal,3,Jun,Friday,514.72
2730,2025-03-16,Electronics,92.84,1,PayPal,2,Mar,Sunday,92.84
2731,2025-10-15,Electronics,389.68,5,UPI,5,Oct,Wednesday,1948.4
2732,2025-05-10,Clothing,73.56,5,UPI,2,May,Saturday,367.8
2733,2025-06-24,Clothing,232.34,5,Debit Card,4,Jun,Tuesday,1161.7
2734,2025-03-25,Sports,258.4,3,Debit Card,4,Mar,Tuesday,775.1999999999999
2735,2025-01-22,Beauty,346.82,2,PayPal,4,Jan,Wednesday,693.64
2736,2025-01-27,Beauty,320.31,1,Debit Card,4,Jan,Monday,320.31
2737,2025-07-14,Electronics,407.25,2,Debit Card,4,Jul,Monday,814.5
2738,2025-12-03,Home & Kitchen,31.93,5,UPI,4,Dec,Wednesday,159.65
2739,2025-08-24,Clothing,155.26,2,Debit Card,4,Aug,Sunday,310.52
2740,2025-04-02,Clothing,147.27,5,PayPal,4,Apr,Wednesday,736.35
2741,2025-01-21,Electronics,81.55,5,UPI,4,Jan,Tuesday,407.75
2742,2025-10-30,Clothing,151.7,4,Debit Card,5,Oct,Thursday,606.8
2743,2025-12-23,Electronics,161.79,4,Debit Card,4,Dec,Tuesday,647.16
2744,2025-03-25,Sports,265.72,2,Debit Card,2,Mar,Tuesday,531.44
2745,2025-09-19,Beauty,335.22,1,Credit Card,5,Sep,Friday,335.22
2746,2025-05-27,Home & Kitchen,196.74,2,Debit Card,3,May,Tuesday,393.48
2747,2025-09-14,Beauty,362.54,1,Debit Card,1,Sep,Sunday,362.54
2748,2025-02-27,Beauty,174.72,2,PayPal,5,Feb,Thursday,349.44
2749,2025-01-15,Sports,152.24,3,Debit Card,4,Jan,Wednesday,456.72
2750,2025-06-11,Clothing,275.18,3,Credit Card,5,Jun,Wednesday,825.54
2751,2025-06-12,Home & Kitchen,21.62,1,UPI,1,Jun,Thursday,21.62
2752,2025-11-16,Clothing,49.1,4,Debit Card,1,Nov,Sunday,196.4
2753,2025-10-08,Beauty,214.81,1,Debit Card,4,Oct,Wednesday,214.81
2754,2025-10-07,Electronics,472.03,2,PayPal,4,Oct,Tuesday,944.06
2755,2025-01-12,Beauty,363.54,5,Debit Card,2,Jan,Sunday,1817.7
2756,2025-10-01,Clothing,53.18,3,Debit Card,1,Oct,Wednesday,159.54
2757,2025-09-28,Beauty,424.7,5,Debit Card,4,Sep,Sunday,2123.5
2758,2025-07-27,Electronics,368.83,3,Debit Card,1,Jul,Sunday,1106.49
2759,2025-01-27,Sports,309.36,2,UPI,2,Jan,Monday,618.72
2760,2025-03-13,Clothing,411.94,3,PayPal,3,Mar,Thursday,1235.82
2761,2025-03-01,Beauty,208.01,1,UPI,1,Mar,Saturday,208.01
2762,2025-05-25,Clothing,118.54,5,Credit Card,2,May,Sunday,592.7
2763,2025-04-03,Sports,260.89,5,Debit Card,2,Apr,Thursday,1304.4499999999998
2764,2025-11-05,Beauty,278.93,2,Credit Card,2,Nov,Wednesday,557.86
2765,2025-01-08,Beauty,273.78,5,UPI,5,Jan,Wednesday,1368.8999999999999
2766,2025-03-20,Clothing,286.89,2,Credit Card,4,Mar,Thursday,573.78
2767,2025-01-27,Clothing,474.87,4,Debit Card,1,Jan,Monday,1899.48
2768,2025-06-23,Electronics,452.1,1,Credit Card,5,Jun,Monday,452.1
2769,2025-02-19,Sports,439.1,3,UPI,1,Feb,Wednesday,1317.3000000000002
2770,2025-07-18,Electronics,402.69,3,Debit Card,5,Jul,Friday,1208.07
2771,2025-12-15,Beauty,472.28,3,PayPal,4,Dec,Monday,1416.84
2772,2025-06-30,Clothing,58.26,4,UPI,2,Jun,Monday,233.04
2773,2025-01-24,Beauty,139.91,1,Debit Card,1,Jan,Friday,139.91
2774,2025-11-12,Beauty,252.58,5,PayPal,2,Nov,Wednesday,1262.9
2775,2025-02-15,Home & Kitchen,424.8,5,Credit Card,4,Feb,Saturday,2124.0
2776,2025-01-15,Home & Kitchen,257.53,1,Credit Card,1,Jan,Wednesday,257.53
2777,2025-06-02,Beauty,376.54,1,Credit Card,3,Jun,Monday,376.54
2778,2025-08-10,Clothing,78.09,3,Debit Card,3,Aug,Sunday,234.27
2779,2025-07-25,Beauty,133.68,5,Credit Card,3,Jul,Friday,668.4000000000001
2780,2025-09-30,Home & Kitchen,368.57,1,Credit Card,4,Sep,Tuesday,368.57
2781,2025-08-24,Clothing,90.72,5,PayPal,3,Aug,Sunday,453.6
2782,2025-12-06,Beauty,182.16,1,PayPal,1,Dec,Saturday,182.16
2783,2025-08-16,Sports,139.78,2,PayPal,3,Aug,Saturday,279.56
2784,2025-01-09,Sports,181.43,3,Debit Card,1,Jan,Thursday,544.29
2785,2025-06-15,Beauty,357.08,1,UPI,4,Jun,Sunday,357.08
2786,2025-11-15,Clothing,190.25,4,Credit Card,2,Nov,Saturday,761.0
2787,2025-08-02,Beauty,282.08,1,Credit Card,5,Aug,Saturday,282.08
2788,2025-04-27,Beauty,58.97,2,Debit Card,3,Apr,Sunday,117.94
2789,2025-12-10,Home & Kitchen,404.46,4,Credit Card,5,Dec,Wednesday,1617.84
2790,2025-03-13,Sports,191.25,4,Debit Card,2,Mar,Thursday,765.0
2791,2025-03-05,Home & Kitchen,327.78,1,Debit Card,4,Mar,Wednesday,327.78
2792,2025-07-24,Home & Kitchen,365.44,2,Debit Card,4,Jul,Thursday,730.88
2793,2025-07-28,Beauty,112.73,4,UPI,2,Jul,Monday,450.92
2794,2025-03-13,Home & Kitchen,443.49,3,Debit Card,5,Mar,Thursday,1330.47
2795,2025-10-04,Sports,311.95,3,UPI,3,Oct,Saturday,935.8499999999999
2796,2025-10-01,Home & Kitchen,220.08,5,UPI,1,Oct,Wednesday,1100.4
2797,2025-11-16,Sports,99.34,5,Credit Card,4,Nov,Sunday,496.70000000000005
2798,2025-12-04,Home & Kitchen,471.73,2,PayPal,2,Dec,Thursday,943.46
2799,2025-04-05,Sports,379.98,4,UPI,5,Apr,Saturday,1519.92
2800,2025-06-15,Home & Kitchen,111.93,3,UPI,3,Jun,Sunday,335.79
2801,2025-02-01,Home & Kitchen,175.48,3,PayPal,5,Feb,Saturday,526.4399999999999
2802,2025-01-11,Clothing,406.74,2,UPI,3,Jan,Saturday,813.48
2803,2025-10-28,Sports,350.88,4,PayPal,1,Oct,Tuesday,1403.52
2804,2025-08-05,Sports,385.23,2,Credit Card,1,Aug,Tuesday,770.46
2805,2025-10-16,Sports,226.19,1,Debit Card,2,Oct,Thursday,226.19
2806,2025-04-12,Electronics,361.07,3,PayPal,2,Apr,Saturday,1083.21
2807,2025-09-24,Home & Kitchen,199.38,2,Debit Card,3,Sep,Wednesday,398.76
2808,2025-08-02,Sports,113.52,2,PayPal,3,Aug,Saturday,227.04
2809,2025-06-28,Electronics,320.01,1,Debit Card,3,Jun,Saturday,320.01
2810,2025-03-29,Clothing,488.25,5,Credit Card,3,Mar,Saturday,2441.25
2811,2025-02-10,Sports,162.19,3,UPI,1,Feb,Monday,486.57
2812,2025-03-17,Sports,235.88,2,Credit Card,2,Mar,Monday,471.76
2813,2025-02-15,Electronics,340.26,3,UPI,2,Feb,Saturday,1020.78
2814,2025-06-09,Home & Kitchen,275.34,5,Debit Card,4,Jun,Monday,1376.6999999999998
2815,2025-03-21,Clothing,423.28,2,Debit Card,2,Mar,Friday,846.56
2816,2025-11-06,Sports,383.25,1,UPI,2,Nov,Thursday,383.25
2817,2025-03-27,Home & Kitchen,38.57,3,PayPal,5,Mar,Thursday,115.71000000000001
2818,2025-04-02,Clothing,499.23,1,Credit Card,5,Apr,Wednesday,499.23
2819,2025-05-28,Beauty,378.68,5,PayPal,4,May,Wednesday,1893.4
2820,2025-06-10,Beauty,433.31,5,Debit Card,3,Jun,Tuesday,2166.55
2821,2025-07-21,Clothing,329.09,3,Credit Card,4,Jul,Monday,987.27
2822,2025-08-30,Electronics,429.58,5,Credit Card,4,Aug,Saturday,2147.9
2823,2025-12-19,Clothing,65.07,4,PayPal,1,Dec,Friday,260.28
2824,2025-01-02,Clothing,180.39,3,UPI,2,Jan,Thursday,541.17
2825,2025-08-13,Electronics,439.45,4,UPI,1,Aug,Wednesday,1757.8
2826,2025-10-16,Electronics,108.81,5,Credit Card,2,Oct,Thursday,544.05
2827,2025-08-21,Home & Kitchen,48.34,3,UPI,4,Aug,Thursday,145.02
2828,2025-03-18,Home & Kitchen,396.18,4,Debit Card,2,Mar,Tuesday,1584.72
2829,2025-04-26,Electronics,419.39,5,PayPal,3,Apr,Saturday,2096.95
2830,2025-06-03,Beauty,89.7,2,PayPal,3,Jun,Tuesday,179.4
2831,2025-04-13,Beauty,428.63,2,PayPal,4,Apr,Sunday,857.26
2832,2025-07-13,Clothing,346.52,1,Credit Card,5,Jul,Sunday,346.52
2833,2025-06-15,Sports,264.84,2,Credit Card,3,Jun,Sunday,529.68
2834,2025-12-25,Clothing,416.82,4,UPI,4,Dec,Thursday,1667.28
2835,2025-03-31,Clothing,215.43,2,PayPal,1,Mar,Monday,430.86
2836,2025-06-23,Sports,105.06,3,Debit Card,5,Jun,Monday,315.18
2837,2025-05-02,Electronics,149.58,3,Debit Card,3,May,Friday,448.74
2838,2025-05-23,Beauty,257.53,3,PayPal,4,May,Friday,772.5899999999999
2839,2025-04-16,Clothing,270.35,2,Credit Card,4,Apr,Wednesday,540.7
2840,2025-11-01,Sports,404.73,2,Credit Card,1,Nov,Saturday,809.46
2841,2025-12-26,Home & Kitchen,397.76,1,Credit Card,1,Dec,Friday,397.76
2842,2025-11-13,Clothing,294.87,5,Debit Card,5,Nov,Thursday,1474.35
2843,2025-05-03,Beauty,392.58,1,PayPal,3,May,Saturday,392.58
2844,2025-01-09,Electronics,103.97,4,Debit Card,4,Jan,Thursday,415.88
2845,2025-09-19,Clothing,34.53,3,PayPal,5,Sep,Friday,103.59
2846,2025-03-14,Clothing,438.08,2,Debit Card,5,Mar,Friday,876.16
2847,2025-12-25,Sports,47.02,5,Debit Card,1,Dec,Thursday,235.10000000000002
2848,2025-08-11,Home & Kitchen,130.88,5,UPI,4,Aug,Monday,654.4
2849,2025-02-10,Home & Kitchen,350.71,2,Debit Card,2,Feb,Monday,701.42
2850,2025-07-23,Electronics,210.63,1,PayPal,1,Jul,Wednesday,210.63
2851,2025-09-21,Beauty,439.39,5,Debit Card,4,Sep,Sunday,2196.95
2852,2025-11-24,Electronics,156.01,1,UPI,5,Nov,Monday,156.01
2853,2025-06-27,Clothing,15.82,2,UPI,5,Jun,Friday,31.64
2854,2025-12-14,Clothing,157.32,1,PayPal,3,Dec,Sunday,157.32
2855,2025-11-14,Home & Kitchen,293.26,3,UPI,2,Nov,Friday,879.78
2856,2025-03-25,Beauty,194.21,2,UPI,1,Mar,Tuesday,388.42
2857,2025-11-14,Sports,272.09,2,Credit Card,3,Nov,Friday,544.18
2858,2025-04-21,Beauty,439.53,5,PayPal,3,Apr,Monday,2197.6499999999996
2859,2025-09-08,Clothing,457.12,5,UPI,2,Sep,Monday,2285.6
2860,2025-01-07,Sports,140.33,5,UPI,1,Jan,Tuesday,701.6500000000001
2861,2025-03-25,Beauty,236.45,3,UPI,1,Mar,Tuesday,709.3499999999999
2862,2025-07-27,Beauty,279.08,3,PayPal,5,Jul,Sunday,837.24
2863,2025-11-10,Sports,475.07,4,Credit Card,1,Nov,Monday,1900.28
2864,2025-01-22,Clothing,499.32,2,Debit Card,3,Jan,Wednesday,998.64
2865,2025-01-03,Beauty,125.35,5,Credit Card,5,Jan,Friday,626.75
2866,2025-05-07,Sports,366.22,2,PayPal,1,May,Wednesday,732.44
2867,2025-10-24,Clothing,195.24,1,PayPal,2,Oct,Friday,195.24
2868,2025-07-07,Sports,13.97,3,PayPal,3,Jul,Monday,41.910000000000004
2869,2025-12-28,Sports,14.53,4,Debit Card,4,Dec,Sunday,58.12
2870,2025-01-14,Beauty,235.68,1,PayPal,2,Jan,Tuesday,235.68
2871,2025-01-12,Clothing,249.28,2,Credit Card,2,Jan,Sunday,498.56
2872,2025-03-28,Beauty,21.06,3,UPI,1,Mar,Friday,63.17999999999999
2873,2025-01-12,Electronics,346.59,5,UPI,5,Jan,Sunday,1732.9499999999998
2874,2025-01-25,Electronics,154.06,1,PayPal,5,Jan,Saturday,154.06
2875,2025-10-28,Clothing,284.35,3,PayPal,3,Oct,Tuesday,853.0500000000001
2876,2025-08-31,Sports,157.45,2,Debit Card,1,Aug,Sunday,314.9
2877,2025-05-02,Beauty,91.9,2,UPI,5,May,Friday,183.8
2878,2025-05-27,Beauty,209.52,1,Debit Card,4,May,Tuesday,209.52
2879,2025-02-24,Clothing,123.81,1,Debit Card,1,Feb,Monday,123.81
2880,2025-08-26,Clothing,272.05,1,Debit Card,1,Aug,Tuesday,272.05
2881,2025-12-22,Electronics,107.43,4,Debit Card,5,Dec,Monday,429.72
2882,2025-06-22,Home & Kitchen,259.12,5,Credit Card,2,Jun,Sunday,1295.6
2883,2025-08-09,Clothing,87.12,3,PayPal,1,Aug,Saturday,261.36
2884,2025-04-29,Home & Kitchen,338.78,2,PayPal,2,Apr,Tuesday,677.56
2885,2025-11-05,Clothing,379.43,2,Debit Card,3,Nov,Wednesday,758.86
2886,2025-07-02,Sports,64.09,5,Debit Card,3,Jul,Wednesday,320.45000000000005
2887,2025-10-15,Sports,239.22,1,Credit Card,5,Oct,Wednesday,239.22
2888,2025-11-03,Electronics,44.73,1,Debit Card,3,Nov,Monday,44.73
2889,2025-10-27,Electronics,303.11,2,Credit Card,5,Oct,Monday,606.22
2890,2025-03-23,Home & Kitchen,139.56,5,Credit Card,5,Mar,Sunday,697.8
2891,2025-07-30,Clothing,268.54,2,Debit Card,2,Jul,Wednesday,537.08
2892,2025-05-30,Beauty,263.56,1,PayPal,2,May,Friday,263.56
2893,2025-02-06,Electronics,462.93,3,Credit Card,3,Feb,Thursday,1388.79
2894,2025-12-18,Beauty,279.05,1,PayPal,2,Dec,Thursday,279.05
2895,2025-11-08,Beauty,295.67,3,PayPal,1,Nov,Saturday,887.01
2896,2025-12-27,Clothing,206.81,4,Credit Card,4,Dec,Saturday,827.24
2897,2025-02-28,Home & Kitchen,475.05,5,UPI,1,Feb,Friday,2375.25
2898,2025-05-11,Clothing,390.82,4,Credit Card,1,May,Sunday,1563.28
2899,2025-07-21,Electronics,149.85,1,UPI,5,Jul,Monday,149.85
2900,2025-08-31,Beauty,423.66,5,Credit Card,4,Aug,Sunday,2118.3
2901,2025-02-04,Clothing,221.87,1,Credit Card,5,Feb,Tuesday,221.87
2902,2025-04-03,Clothing,416.05,5,PayPal,2,Apr,Thursday,2080.25
2903,2025-07-26,Clothing,413.22,5,PayPal,2,Jul,Saturday,2066.1000000000004
2904,2025-12-19,Electronics,102.55,1,Debit Card,4,Dec,Friday,102.55
2905,2025-11-28,Home & Kitchen,353.56,1,PayPal,3,Nov,Friday,353.56
2906,2025-11-01,Clothing,152.42,5,PayPal,2,Nov,Saturday,762.0999999999999
2907,2025-12-16,Electronics,155.77,5,PayPal,1,Dec,Tuesday,778.85
2908,2025-08-01,Beauty,155.21,1,PayPal,4,Aug,Friday,155.21
2909,2025-06-08,Sports,365.53,1,Debit Card,4,Jun,Sunday,365.53
2910,2025-01-24,Electronics,122.61,2,PayPal,2,Jan,Friday,245.22
2911,2025-10-20,Sports,10.44,2,UPI,2,Oct,Monday,20.88
2912,2025-01-04,Clothing,360.47,2,UPI,5,Jan,Saturday,720.94
2913,2025-08-08,Clothing,93.88,4,Debit Card,5,Aug,Friday,375.52
2914,2025-12-30,Electronics,61.2,5,PayPal,1,Dec,Tuesday,306.0
2915,2025-01-20,Sports,126.38,3,UPI,4,Jan,Monday,379.14
2916,2025-06-01,Clothing,196.15,4,Credit Card,3,Jun,Sunday,784.6
2917,2025-02-19,Beauty,243.19,5,UPI,3,Feb,Wednesday,1215.95
2918,2025-06-26,Home & Kitchen,31.84,3,PayPal,4,Jun,Thursday,95.52
2919,2025-04-06,Home & Kitchen,485.58,2,UPI,1,Apr,Sunday,971.16
2920,2025-04-15,Clothing,360.87,3,Credit Card,5,Apr,Tuesday,1082.6100000000001
2921,2025-09-07,Sports,168.37,1,UPI,5,Sep,Sunday,168.37
2922,2025-04-27,Clothing,166.16,1,PayPal,5,Apr,Sunday,166.16
2923,2025-12-20,Sports,229.79,5,Credit Card,3,Dec,Saturday,1148.95
2924,2025-08-16,Beauty,316.86,4,Debit Card,3,Aug,Saturday,1267.44
2925,2025-03-07,Sports,81.72,2,Credit Card,1,Mar,Friday,163.44
2926,2025-12-01,Clothing,102.58,5,UPI,3,Dec,Monday,512.9
2927,2025-09-19,Beauty,431.12,2,Debit Card,2,Sep,Friday,862.24
2928,2025-10-22,Electronics,135.56,1,Credit Card,3,Oct,Wednesday,135.56
2929,2025-08-31,Home & Kitchen,196.3,4,Credit Card,5,Aug,Sunday,785.2
2930,2025-07-05,Clothing,436.92,4,Credit Card,1,Jul,Saturday,1747.68
2931,2025-09-03,Clothing,334.94,1,PayPal,4,Sep,Wednesday,334.94
2932,2025-05-05,Clothing,177.44,3,Debit Card,4,May,Monday,532.3199999999999
2933,2025-09-25,Beauty,345.01,4,Debit Card,1,Sep,Thursday,1380.04
2934,2025-05-11,Electronics,19.64,3,Credit Card,2,May,Sunday,58.92
2935,2025-08-25,Sports,370.46,2,Debit Card,4,Aug,Monday,740.92
2936,2025-01-18,Electronics,248.64,4,UPI,5,Jan,Saturday,994.56
2937,2025-02-09,Beauty,408.46,1,UPI,4,Feb,Sunday,408.46
2938,2025-01-21,Clothing,477.77,3,Credit Card,4,Jan,Tuesday,1433.31
2939,2025-08-13,Home & Kitchen,463.64,2,UPI,5,Aug,Wednesday,927.28
2940,2025-12-21,Clothing,455.54,2,Credit Card,3,Dec,Sunday,911.08
2941,2025-10-09,Sports,260.96,4,UPI,2,Oct,Thursday,1043.84
2942,2025-01-08,Home & Kitchen,186.47,4,Credit Card,5,Jan,Wednesday,745.88
2943,2025-04-10,Clothing,237.87,5,Credit Card,5,Apr,Thursday,1189.35
2944,2025-08-28,Home & Kitchen,348.05,5,Debit Card,1,Aug,Thursday,1740.25
2945,2025-03-28,Electronics,443.16,4,Debit Card,2,Mar,Friday,1772.64
2946,2025-10-25,Beauty,111.42,5,Credit Card,3,Oct,Saturday,557.1
2947,2025-01-14,Clothing,459.91,1,Debit Card,5,Jan,Tuesday,459.91
2948,2025-11-30,Sports,409.44,1,Debit Card,3,Nov,Sunday,409.44
2949,2025-01-02,Electronics,489.64,5,PayPal,5,Jan,Thursday,2448.2
2950,2025-10-20,Clothing,441.32,4,UPI,5,Oct,Monday,1765.28
2951,2025-11-21,Electronics,147.17,1,Debit Card,1,Nov,Friday,147.17
2952,2025-02-10,Sports,61.92,2,Credit Card,4,Feb,Monday,123.84
2953,2025-11-14,Clothing,65.0,4,PayPal,2,Nov,Friday,260.0
2954,2025-11-12,Sports,152.7,3,PayPal,1,Nov,Wednesday,458.09999999999997
2955,2025-04-21,Home & Kitchen,310.95,3,Debit Card,3,Apr,Monday,932.8499999999999
2956,2025-01-14,Sports,404.12,4,Credit Card,5,Jan,Tuesday,1616.48
2957,2025-08-19,Home & Kitchen,450.63,5,Credit Card,5,Aug,Tuesday,2253.15
2958,2025-03-25,Clothing,315.64,1,Credit Card,2,Mar,Tuesday,315.64
2959,2025-05-10,Home & Kitchen,12.76,1,Credit Card,1,May,Saturday,12.76
2960,2025-08-19,Clothing,101.3,4,Credit Card,1,Aug,Tuesday,405.2
2961,2025-11-22,Clothing,58.87,2,UPI,3,Nov,Saturday,117.74
2962,2025-05-25,Beauty,188.03,5,Credit Card,1,May,Sunday,940.15
2963,2025-12-11,Clothing,255.66,2,Credit Card,1,Dec,Thursday,511.32
2964,2025-01-28,Home & Kitchen,31.26,4,UPI,4,Jan,Tuesday,125.04
2965,2025-03-07,Beauty,180.75,4,Debit Card,2,Mar,Friday,723.0
2966,2025-06-12,Beauty,97.8,2,PayPal,1,Jun,Thursday,195.6
2967,2025-08-17,Clothing,327.06,3,UPI,3,Aug,Sunday,981.1800000000001
2968,2025-09-18,Sports,237.49,4,PayPal,5,Sep,Thursday,949.96
2969,2025-06-13,Sports,252.71,5,PayPal,1,Jun,Friday,1263.55
2970,2025-10-28,Beauty,219.57,2,UPI,1,Oct,Tuesday,439.14
2971,2025-10-30,Clothing,478.45,3,Credit Card,5,Oct,Thursday,1435.35
2972,2025-10-14,Sports,115.22,2,PayPal,4,Oct,Tuesday,230.44
2973,2025-01-10,Clothing,263.17,3,Credit Card,2,Jan,Friday,789.51
2974,2025-07-14,Clothing,370.65,3,Debit Card,4,Jul,Monday,1111.9499999999998
2975,2025-04-28,Beauty,282.85,5,UPI,3,Apr,Monday,1414.25
2976,2025-09-27,Beauty,465.22,4,PayPal,1,Sep,Saturday,1860.88
2977,2025-03-21,Electronics,195.2,3,Credit Card,4,Mar,Friday,585.5999999999999
2978,2025-04-03,Sports,237.2,4,PayPal,2,Apr,Thursday,948.8
2979,2025-09-23,Sports,53.38,5,Debit Card,3,Sep,Tuesday,266.90000000000003
2980,2025-11-28,Sports,308.41,4,Debit Card,4,Nov,Friday,1233.64
2981,2025-12-16,Home & Kitchen,151.22,1,PayPal,1,Dec,Tuesday,151.22
2982,2025-12-27,Clothing,88.55,3,UPI,2,Dec,Saturday,265.65
2983,2025-09-14,Beauty,276.82,5,Debit Card,1,Sep,Sunday,1384.1
2984,2025-05-13,Sports,270.83,2,Credit Card,1,May,Tuesday,541.66
2985,2025-10-03,Electronics,47.18,5,Debit Card,3,Oct,Friday,235.9
2986,2025-09-21,Sports,352.13,3,Credit Card,2,Sep,Sunday,1056.3899999999999
2987,2025-06-20,Clothing,315.65,5,PayPal,5,Jun,Friday,1578.25
2988,2025-01-01,Clothing,102.62,2,Credit Card,1,Jan,Wednesday,205.24
2989,2025-11-09,Beauty,240.02,1,PayPal,2,Nov,Sunday,240.02
2990,2025-03-05,Home & Kitchen,362.96,3,Debit Card,1,Mar,Wednesday,1088.8799999999999
2991,2025-10-11,Beauty,269.42,3,UPI,4,Oct,Saturday,808.26
2992,2025-05-01,Sports,203.79,5,Debit Card,4,May,Thursday,1018.9499999999999
2993,2025-04-17,Electronics,167.95,4,Debit Card,2,Apr,Thursday,671.8
2994,2025-06-24,Beauty,309.09,4,Debit Card,3,Jun,Tuesday,1236.36
2995,2025-07-23,Home & Kitchen,470.16,2,Debit Card,5,Jul,Wednesday,940.32
2996,2025-06-14,Beauty,339.15,1,UPI,4,Jun,Saturday,339.15
2997,2025-11-01,Clothing,46.63,1,Debit Card,3,Nov,Saturday,46.63
2998,2025-04-30,Sports,235.74,5,Credit Card,5,Apr,Wednesday,1178.7
2999,2025-02-13,Sports,446.5,5,UPI,4,Feb,Thursday,2232.5
3000,2025-11-08,Sports,56.29,4,UPI,5,Nov,Saturday,225.16
3001,2025-06-05,Sports,494.55,1,Credit Card,1,Jun,Thursday,494.55
3002,2025-07-26,Sports,475.04,1,PayPal,2,Jul,Saturday,475.04
3003,2025-04-18,Sports,48.35,1,Debit Card,4,Apr,Friday,48.35
3004,2025-09-08,Electronics,467.37,2,UPI,4,Sep,Monday,934.74
3005,2025-11-30,Home & Kitchen,187.93,2,Debit Card,1,Nov,Sunday,375.86
3006,2025-05-10,Sports,423.91,5,Debit Card,4,May,Saturday,2119.55
3007,2025-10-20,Home & Kitchen,215.01,4,Credit Card,4,Oct,Monday,860.04
3008,2025-01-20,Sports,226.02,3,Credit Card,4,Jan,Monday,678.0600000000001
3009,2025-10-09,Beauty,320.78,4,Credit Card,4,Oct,Thursday,1283.12
3010,2025-10-12,Sports,389.49,2,Debit Card,4,Oct,Sunday,778.98
3011,2025-01-01,Clothing,26.56,2,UPI,3,Jan,Wednesday,53.12
3012,2025-04-29,Electronics,300.65,5,UPI,4,Apr,Tuesday,1503.25
3013,2025-02-04,Beauty,101.5,3,PayPal,1,Feb,Tuesday,304.5
3014,2025-07-17,Beauty,179.52,1,Debit Card,4,Jul,Thursday,179.52
3015,2025-09-02,Clothing,180.5,3,PayPal,5,Sep,Tuesday,541.5
3016,2025-02-28,Sports,239.84,3,PayPal,5,Feb,Friday,719.52
3017,2025-11-21,Electronics,173.73,3,PayPal,1,Nov,Friday,521.1899999999999
3018,2025-06-10,Beauty,62.61,5,PayPal,3,Jun,Tuesday,313.05
3019,2025-06-28,Electronics,81.36,2,PayPal,1,Jun,Saturday,162.72
3020,2025-07-25,Beauty,26.38,1,Debit Card,3,Jul,Friday,26.38
3021,2025-01-12,Sports,240.42,3,Credit Card,2,Jan,Sunday,721.26
3022,2025-10-03,Beauty,477.68,1,PayPal,5,Oct,Friday,477.68
3023,2025-06-30,Beauty,66.68,3,UPI,5,Jun,Monday,200.04000000000002
3024,2025-08-30,Home & Kitchen,473.67,2,Debit Card,5,Aug,Saturday,947.34
3025,2025-08-04,Sports,369.35,1,PayPal,3,Aug,Monday,369.35
3026,2025-09-08,Clothing,322.37,4,UPI,1,Sep,Monday,1289.48
3027,2025-10-26,Clothing,326.19,2,PayPal,3,Oct,Sunday,652.38
3028,2025-05-06,Sports,415.1,1,Credit Card,5,May,Tuesday,415.1
3029,2025-08-05,Clothing,62.39,3,Debit Card,5,Aug,Tuesday,187.17000000000002
3030,2025-11-02,Sports,257.33,3,Credit Card,5,Nov,Sunday,771.99
3031,2025-10-12,Clothing,351.57,2,UPI,5,Oct,Sunday,703.14
3032,2025-07-04,Home & Kitchen,297.54,2,PayPal,2,Jul,Friday,595.08
3033,2025-02-08,Clothing,418.06,3,Credit Card,5,Feb,Saturday,1254.18
3034,2025-08-11,Beauty,45.41,1,Credit Card,3,Aug,Monday,45.41
3035,2025-07-03,Sports,348.44,4,PayPal,5,Jul,Thursday,1393.76
3036,2025-06-27,Electronics,271.67,5,Debit Card,4,Jun,Friday,1358.3500000000001
3037,2025-10-21,Electronics,195.79,2,UPI,2,Oct,Tuesday,391.58
3038,2025-12-06,Sports,176.73,3,Debit Card,5,Dec,Saturday,530.1899999999999
3039,2025-05-31,Home & Kitchen,314.21,1,UPI,4,May,Saturday,314.21
3040,2025-05-06,Clothing,446.59,2,UPI,3,May,Tuesday,893.18
3041,2025-10-28,Home & Kitchen,253.13,1,Credit Card,2,Oct,Tuesday,253.13
3042,2025-11-04,Electronics,414.11,2,PayPal,5,Nov,Tuesday,828.22
3043,2025-12-02,Sports,207.06,3,Debit Card,3,Dec,Tuesday,621.1800000000001
3044,2025-08-22,Sports,60.17,1,Credit Card,4,Aug,Friday,60.17
3045,2025-01-08,Home & Kitchen,40.14,3,Credit Card,2,Jan,Wednesday,120.42
3046,2025-12-07,Home & Kitchen,35.15,1,Credit Card,5,Dec,Sunday,35.15
3047,2025-05-09,Clothing,196.27,2,Debit Card,3,May,Friday,392.54
3048,2025-09-21,Beauty,175.25,5,Credit Card,2,Sep,Sunday,876.25
3049,2025-06-06,Beauty,361.79,5,PayPal,4,Jun,Friday,1808.95
3050,2025-12-18,Clothing,373.98,4,Credit Card,5,Dec,Thursday,1495.92
3051,2025-12-24,Beauty,34.92,4,Credit Card,2,Dec,Wednesday,139.68
3052,2025-01-05,Electronics,118.35,3,UPI,4,Jan,Sunday,355.04999999999995
3053,2025-03-27,Beauty,144.39,1,Credit Card,4,Mar,Thursday,144.39
3054,2025-06-24,Clothing,278.33,4,Debit Card,3,Jun,Tuesday,1113.32
3055,2025-10-17,Beauty,80.81,2,Debit Card,4,Oct,Friday,161.62
3056,2025-07-12,Sports,75.63,5,PayPal,4,Jul,Saturday,378.15
3057,2025-11-07,Home & Kitchen,472.46,1,Debit Card,1,Nov,Friday,472.46
3058,2025-04-29,Electronics,404.06,5,Debit Card,4,Apr,Tuesday,2020.3
3059,2025-08-06,Sports,98.52,1,Credit Card,5,Aug,Wednesday,98.52
3060,2025-04-24,Sports,209.22,4,PayPal,2,Apr,Thursday,836.88
3061,2025-05-25,Clothing,184.25,4,Debit Card,5,May,Sunday,737.0
3062,2025-01-26,Home & Kitchen,397.59,3,PayPal,5,Jan,Sunday,1192.77
3063,2025-05-16,Home & Kitchen,260.0,1,PayPal,3,May,Friday,260.0
3064,2025-10-30,Electronics,72.65,2,UPI,1,Oct,Thursday,145.3
3065,2025-08-20,Clothing,372.11,4,UPI,1,Aug,Wednesday,1488.44
3066,2025-03-17,Electronics,204.48,3,Credit Card,5,Mar,Monday,613.4399999999999
3067,2025-11-24,Beauty,138.83,4,Debit Card,2,Nov,Monday,555.32
3068,2025-12-11,Sports,193.99,5,Credit Card,1,Dec,Thursday,969.95
3069,2025-10-29,Electronics,253.9,4,Credit Card,1,Oct,Wednesday,1015.6
3070,2025-10-16,Sports,178.13,1,PayPal,5,Oct,Thursday,178.13
3071,2025-01-01,Clothing,128.53,3,PayPal,1,Jan,Wednesday,385.59000000000003
3072,2025-05-27,Beauty,205.27,1,PayPal,3,May,Tuesday,205.27
3073,2025-10-14,Clothing,19.39,2,Credit Card,5,Oct,Tuesday,38.78
3074,2025-05-22,Beauty,388.52,2,Debit Card,1,May,Thursday,777.04
3075,2025-02-22,Beauty,93.76,4,Credit Card,1,Feb,Saturday,375.04
3076,2025-10-31,Sports,31.51,3,Credit Card,1,Oct,Friday,94.53
3077,2025-03-10,Clothing,330.31,3,Credit Card,5,Mar,Monday,990.9300000000001
3078,2025-12-27,Clothing,389.23,3,UPI,2,Dec,Saturday,1167.69
3079,2025-03-31,Electronics,408.78,3,UPI,4,Mar,Monday,1226.34
3080,2025-08-08,Clothing,251.82,4,Debit Card,1,Aug,Friday,1007.28
3081,2025-07-11,Electronics,110.63,1,UPI,4,Jul,Friday,110.63
3082,2025-03-04,Home & Kitchen,371.24,4,Credit Card,4,Mar,Tuesday,1484.96
3083,2025-03-14,Home & Kitchen,352.86,1,UPI,1,Mar,Friday,352.86
3084,2025-06-10,Home & Kitchen,130.67,5,UPI,1,Jun,Tuesday,653.3499999999999
3085,2025-06-18,Clothing,452.67,5,Credit Card,4,Jun,Wednesday,2263.35
3086,2025-03-30,Clothing,61.14,1,Debit Card,2,Mar,Sunday,61.14
3087,2025-06-25,Electronics,491.52,4,UPI,4,Jun,Wednesday,1966.08
3088,2025-09-26,Beauty,431.52,2,Credit Card,2,Sep,Friday,863.04
3089,2025-03-14,Electronics,347.07,4,Credit Card,3,Mar,Friday,1388.28
3090,2025-09-02,Home & Kitchen,469.99,2,Credit Card,2,Sep,Tuesday,939.98
3091,2025-03-18,Electronics,363.93,4,PayPal,5,Mar,Tuesday,1455.72
3092,2025-06-08,Beauty,103.32,3,Credit Card,1,Jun,Sunday,309.96
3093,2025-11-20,Clothing,226.66,3,UPI,3,Nov,Thursday,679.98
3094,2025-04-08,Electronics,45.04,5,UPI,4,Apr,Tuesday,225.2
3095,2025-04-12,Home & Kitchen,200.93,5,Credit Card,2,Apr,Saturday,1004.6500000000001
3096,2025-05-12,Home & Kitchen,373.39,1,PayPal,3,May,Monday,373.39
3097,2025-04-12,Clothing,199.36,2,PayPal,5,Apr,Saturday,398.72
3098,2025-01-19,Electronics,171.84,3,PayPal,2,Jan,Sunday,515.52
3099,2025-03-23,Beauty,301.72,4,UPI,4,Mar,Sunday,1206.88
3100,2025-10-06,Clothing,437.38,1,PayPal,4,Oct,Monday,437.38
3101,2025-12-05,Electronics,33.32,4,Debit Card,2,Dec,Friday,133.28
3102,2025-12-31,Sports,198.88,3,Debit Card,5,Dec,Wednesday,596.64
3103,2025-11-27,Home & Kitchen,87.54,3,PayPal,1,Nov,Thursday,262.62
3104,2025-05-09,Beauty,350.72,3,Debit Card,1,May,Friday,1052.16
3105,2025-12-10,Beauty,61.81,3,Credit Card,4,Dec,Wednesday,185.43
3106,2025-11-06,Beauty,335.76,4,PayPal,5,Nov,Thursday,1343.04
3107,2025-03-30,Home & Kitchen,150.23,1,PayPal,4,Mar,Sunday,150.23
3108,2025-08-01,Electronics,107.47,3,PayPal,1,Aug,Friday,322.40999999999997
3109,2025-05-23,Clothing,468.81,5,Credit Card,4,May,Friday,2344.05
3110,2025-03-06,Electronics,19.08,1,Credit Card,2,Mar,Thursday,19.08
3111,2025-03-17,Clothing,224.51,5,PayPal,2,Mar,Monday,1122.55
3112,2025-07-18,Beauty,20.6,4,UPI,5,Jul,Friday,82.4
3113,2025-05-23,Electronics,246.96,3,UPI,1,May,Friday,740.88
3114,2025-11-12,Beauty,255.51,1,Debit Card,5,Nov,Wednesday,255.51
3115,2025-04-03,Sports,167.61,3,Credit Card,5,Apr,Thursday,502.83000000000004
3116,2025-11-01,Beauty,74.76,3,Debit Card,1,Nov,Saturday,224.28000000000003
3117,2025-08-12,Beauty,194.43,1,Debit Card,3,Aug,Tuesday,194.43
3118,2025-10-18,Clothing,339.41,3,PayPal,3,Oct,Saturday,1018.23
3119,2025-04-12,Sports,393.37,3,UPI,4,Apr,Saturday,1180.1100000000001
3120,2025-09-24,Beauty,270.07,2,Debit Card,3,Sep,Wednesday,540.14
3121,2025-12-21,Beauty,299.02,2,PayPal,2,Dec,Sunday,598.04
3122,2025-04-20,Sports,108.3,1,Credit Card,5,Apr,Sunday,108.3
3123,2025-11-26,Sports,150.79,1,Debit Card,4,Nov,Wednesday,150.79
3124,2025-09-22,Electronics,89.33,3,UPI,5,Sep,Monday,267.99
3125,2025-01-03,Clothing,132.15,5,Credit Card,1,Jan,Friday,660.75
3126,2025-03-26,Sports,120.19,1,PayPal,3,Mar,Wednesday,120.19
3127,2025-10-09,Sports,264.53,3,Credit Card,1,Oct,Thursday,793.5899999999999
3128,2025-11-24,Home & Kitchen,285.72,5,Debit Card,4,Nov,Monday,1428.6000000000001
3129,2025-10-31,Sports,473.02,2,Credit Card,2,Oct,Friday,946.04
3130,2025-04-27,Clothing,105.83,1,Credit Card,3,Apr,Sunday,105.83
3131,2025-08-09,Beauty,324.42,3,Credit Card,1,Aug,Saturday,973.26
3132,2025-06-03,Beauty,410.46,2,UPI,3,Jun,Tuesday,820.92
3133,2025-06-02,Beauty,284.52,4,Debit Card,5,Jun,Monday,1138.08
3134,2025-01-12,Beauty,134.95,2,PayPal,2,Jan,Sunday,269.9
3135,2025-05-13,Home & Kitchen,138.65,3,UPI,3,May,Tuesday,415.95000000000005
3136,2025-10-31,Sports,29.23,5,Debit Card,2,Oct,Friday,146.15
3137,2025-10-20,Beauty,159.67,4,PayPal,5,Oct,Monday,638.68
3138,2025-10-27,Electronics,374.86,4,PayPal,5,Oct,Monday,1499.44
3139,2025-08-16,Beauty,33.28,4,PayPal,1,Aug,Saturday,133.12
3140,2025-09-28,Sports,117.45,1,Debit Card,4,Sep,Sunday,117.45
3141,2025-02-12,Beauty,356.05,3,PayPal,1,Feb,Wednesday,1068.15
3142,2025-12-09,Home & Kitchen,393.5,4,PayPal,2,Dec,Tuesday,1574.0
3143,2025-11-22,Clothing,233.11,2,UPI,1,Nov,Saturday,466.22
3144,2025-10-29,Clothing,352.06,5,PayPal,3,Oct,Wednesday,1760.3
3145,2025-12-30,Sports,200.1,3,Credit Card,1,Dec,Tuesday,600.3
3146,2025-01-21,Clothing,88.36,2,UPI,4,Jan,Tuesday,176.72
3147,2025-04-17,Clothing,205.09,1,UPI,4,Apr,Thursday,205.09
3148,2025-12-02,Electronics,294.18,4,Debit Card,2,Dec,Tuesday,1176.72
3149,2025-10-30,Sports,474.55,2,PayPal,5,Oct,Thursday,949.1
3150,2025-04-27,Sports,43.69,3,Credit Card,4,Apr,Sunday,131.07
3151,2025-05-04,Clothing,258.62,2,Credit Card,2,May,Sunday,517.24
3152,2025-10-08,Clothing,171.17,1,PayPal,4,Oct,Wednesday,171.17
3153,2025-10-19,Clothing,259.07,5,PayPal,4,Oct,Sunday,1295.35
3154,2025-07-22,Home & Kitchen,21.75,4,Debit Card,5,Jul,Tuesday,87.0
3155,2025-02-20,Beauty,163.38,3,Credit Card,3,Feb,Thursday,490.14
3156,2025-09-28,Home & Kitchen,411.74,4,UPI,2,Sep,Sunday,1646.96
3157,2025-11-20,Sports,281.43,4,Debit Card,4,Nov,Thursday,1125.72
3158,2025-10-04,Electronics,230.79,4,Debit Card,4,Oct,Saturday,923.16
3159,2025-05-21,Beauty,149.91,2,UPI,1,May,Wednesday,299.82
3160,2025-10-02,Electronics,156.04,2,Debit Card,3,Oct,Thursday,312.08
3161,2025-10-17,Sports,197.72,5,PayPal,5,Oct,Friday,988.6
3162,2025-11-30,Sports,419.43,1,UPI,2,Nov,Sunday,419.43
3163,2025-02-21,Electronics,483.93,3,UPI,4,Feb,Friday,1451.79
3164,2025-01-27,Electronics,224.94,2,Credit Card,2,Jan,Monday,449.88
3165,2025-06-06,Electronics,202.74,4,UPI,5,Jun,Friday,810.96
3166,2025-08-27,Sports,424.81,1,Debit Card,3,Aug,Wednesday,424.81
3167,2025-06-05,Clothing,219.18,3,Credit Card,1,Jun,Thursday,657.54
3168,2025-10-18,Electronics,280.49,3,Debit Card,3,Oct,Saturday,841.47
3169,2025-05-16,Beauty,123.16,3,PayPal,1,May,Friday,369.48
3170,2025-05-24,Sports,374.32,3,PayPal,2,May,Saturday,1122.96
3171,2025-04-16,Home & Kitchen,270.67,5,Credit Card,3,Apr,Wednesday,1353.3500000000001
3172,2025-06-07,Home & Kitchen,406.43,3,Credit Card,3,Jun,Saturday,1219.29
3173,2025-05-26,Beauty,392.56,1,Debit Card,3,May,Monday,392.56
3174,2025-01-02,Clothing,115.35,2,PayPal,5,Jan,Thursday,230.7
3175,2025-03-18,Electronics,360.66,1,Credit Card,2,Mar,Tuesday,360.66
3176,2025-05-12,Sports,402.03,4,PayPal,1,May,Monday,1608.12
3177,2025-03-31,Electronics,179.59,5,PayPal,3,Mar,Monday,897.95
3178,2025-12-11,Sports,94.58,5,PayPal,2,Dec,Thursday,472.9
3179,2025-12-16,Home & Kitchen,11.29,4,Debit Card,5,Dec,Tuesday,45.16
3180,2025-09-20,Electronics,230.94,1,Debit Card,5,Sep,Saturday,230.94
3181,2025-12-17,Beauty,182.69,1,PayPal,2,Dec,Wednesday,182.69
3182,2025-04-18,Clothing,281.91,4,PayPal,1,Apr,Friday,1127.64
3183,2025-03-15,Beauty,102.14,3,PayPal,2,Mar,Saturday,306.42
3184,2025-02-08,Clothing,431.24,3,UPI,2,Feb,Saturday,1293.72
3185,2025-06-08,Electronics,136.3,2,UPI,4,Jun,Sunday,272.6
3186,2025-03-12,Electronics,120.95,1,Debit Card,5,Mar,Wednesday,120.95
3187,2025-11-08,Clothing,245.55,1,PayPal,1,Nov,Saturday,245.55
3188,2025-08-29,Home & Kitchen,254.44,4,UPI,4,Aug,Friday,1017.76
3189,2025-10-25,Sports,115.39,4,Credit Card,2,Oct,Saturday,461.56
3190,2025-02-05,Beauty,143.21,3,Credit Card,5,Feb,Wednesday,429.63
3191,2025-03-25,Beauty,93.16,1,PayPal,4,Mar,Tuesday,93.16
3192,2025-09-20,Beauty,362.05,1,UPI,4,Sep,Saturday,362.05
3193,2025-11-06,Electronics,387.34,5,Credit Card,1,Nov,Thursday,1936.6999999999998
3194,2025-06-21,Beauty,236.54,2,Debit Card,2,Jun,Saturday,473.08
3195,2025-06-22,Sports,359.9,2,Credit Card,1,Jun,Sunday,719.8
3196,2025-12-28,Sports,370.61,3,Debit Card,4,Dec,Sunday,1111.83
3197,2025-02-16,Clothing,77.76,1,Credit Card,4,Feb,Sunday,77.76
3198,2025-05-21,Electronics,483.43,5,Credit Card,1,May,Wednesday,2417.15
3199,2025-04-28,Sports,412.31,1,UPI,4,Apr,Monday,412.31
3200,2025-10-04,Home & Kitchen,110.2,4,Credit Card,3,Oct,Saturday,440.8
3201,2025-08-02,Electronics,101.22,3,Credit Card,5,Aug,Saturday,303.65999999999997
3202,2025-08-08,Electronics,71.57,2,Debit Card,2,Aug,Friday,143.14
3203,2025-01-26,Sports,77.81,1,Debit Card,5,Jan,Sunday,77.81
3204,2025-01-09,Home & Kitchen,376.6,3,Credit Card,2,Jan,Thursday,1129.8000000000002
3205,2025-09-28,Clothing,240.13,2,PayPal,4,Sep,Sunday,480.26
3206,2025-01-10,Sports,393.64,1,Credit Card,1,Jan,Friday,393.64
3207,2025-05-01,Home & Kitchen,375.66,5,Credit Card,1,May,Thursday,1878.3000000000002
3208,2025-05-05,Electronics,306.26,3,UPI,4,May,Monday,918.78
3209,2025-06-19,Home & Kitchen,346.32,1,Credit Card,2,Jun,Thursday,346.32
3210,2025-03-13,Electronics,18.99,2,Credit Card,4,Mar,Thursday,37.98
3211,2025-06-01,Sports,162.77,2,Debit Card,2,Jun,Sunday,325.54
3212,2025-07-27,Sports,322.53,5,Debit Card,4,Jul,Sunday,1612.6499999999999
3213,2025-02-18,Beauty,14.58,3,Debit Card,4,Feb,Tuesday,43.74
3214,2025-06-03,Beauty,26.16,3,Debit Card,4,Jun,Tuesday,78.48
3215,2025-12-13,Beauty,427.43,1,Credit Card,1,Dec,Saturday,427.43
3216,2025-10-20,Sports,345.17,2,PayPal,2,Oct,Monday,690.34
3217,2025-03-09,Clothing,140.03,2,UPI,4,Mar,Sunday,280.06
3218,2025-02-19,Sports,347.1,5,UPI,5,Feb,Wednesday,1735.5
3219,2025-06-01,Home & Kitchen,398.3,5,PayPal,5,Jun,Sunday,1991.5
3220,2025-01-19,Sports,160.33,3,PayPal,1,Jan,Sunday,480.99
3221,2025-04-10,Sports,27.66,2,UPI,3,Apr,Thursday,55.32
3222,2025-03-01,Electronics,467.06,1,Credit Card,1,Mar,Saturday,467.06
3223,2025-06-16,Electronics,179.14,4,UPI,3,Jun,Monday,716.56
3224,2025-07-21,Electronics,62.18,1,PayPal,1,Jul,Monday,62.18
3225,2025-12-11,Sports,251.01,5,Credit Card,5,Dec,Thursday,1255.05
3226,2025-05-26,Clothing,386.55,1,UPI,4,May,Monday,386.55
3227,2025-06-13,Home & Kitchen,118.61,2,Credit Card,2,Jun,Friday,237.22
3228,2025-08-30,Home & Kitchen,142.05,3,Credit Card,4,Aug,Saturday,426.15000000000003
3229,2025-03-10,Clothing,128.93,4,PayPal,5,Mar,Monday,515.72
3230,2025-06-24,Clothing,495.92,3,Debit Card,2,Jun,Tuesday,1487.76
3231,2025-02-18,Home & Kitchen,106.73,4,UPI,3,Feb,Tuesday,426.92
3232,2025-04-18,Beauty,292.0,4,PayPal,3,Apr,Friday,1168.0
3233,2025-08-14,Electronics,463.38,2,UPI,5,Aug,Thursday,926.76
3234,2025-06-10,Electronics,81.98,2,Debit Card,2,Jun,Tuesday,163.96
3235,2025-04-29,Home & Kitchen,485.72,5,Debit Card,4,Apr,Tuesday,2428.6000000000004
3236,2025-05-29,Clothing,474.26,5,Debit Card,5,May,Thursday,2371.3
3237,2025-05-30,Beauty,443.44,4,Debit Card,3,May,Friday,1773.76
3238,2025-10-20,Home & Kitchen,115.13,5,UPI,5,Oct,Monday,575.65
3239,2025-05-23,Electronics,320.69,2,Credit Card,4,May,Friday,641.38
3240,2025-06-09,Sports,382.84,5,Credit Card,1,Jun,Monday,1914.1999999999998
3241,2025-01-11,Clothing,493.15,4,Debit Card,1,Jan,Saturday,1972.6
3242,2025-05-18,Sports,98.41,3,Debit Card,4,May,Sunday,295.23
3243,2025-03-19,Home & Kitchen,385.35,1,Credit Card,2,Mar,Wednesday,385.35
3244,2025-03-18,Electronics,176.01,5,PayPal,5,Mar,Tuesday,880.05
3245,2025-09-11,Beauty,96.06,2,Debit Card,4,Sep,Thursday,192.12
3246,2025-09-15,Sports,216.47,3,Credit Card,1,Sep,Monday,649.41
3247,2025-11-16,Beauty,398.98,2,PayPal,3,Nov,Sunday,797.96
3248,2025-10-18,Electronics,237.78,5,Credit Card,4,Oct,Saturday,1188.9
3249,2025-09-20,Sports,273.39,4,PayPal,4,Sep,Saturday,1093.56
3250,2025-03-26,Beauty,497.63,1,UPI,4,Mar,Wednesday,497.63
3251,2025-05-26,Beauty,205.56,1,PayPal,1,May,Monday,205.56
3252,2025-11-19,Sports,311.55,3,Debit Card,1,Nov,Wednesday,934.6500000000001
3253,2025-02-11,Electronics,188.97,1,PayPal,4,Feb,Tuesday,188.97
3254,2025-05-05,Beauty,202.46,4,PayPal,4,May,Monday,809.84
3255,2025-06-16,Home & Kitchen,350.86,2,Debit Card,2,Jun,Monday,701.72
3256,2025-08-29,Sports,469.56,4,UPI,3,Aug,Friday,1878.24
3257,2025-10-07,Clothing,275.76,3,PayPal,5,Oct,Tuesday,827.28
3258,2025-07-07,Clothing,386.52,3,UPI,5,Jul,Monday,1159.56
3259,2025-10-29,Electronics,53.71,1,Credit Card,5,Oct,Wednesday,53.71
3260,2025-01-19,Home & Kitchen,113.47,4,Credit Card,1,Jan,Sunday,453.88
3261,2025-03-09,Beauty,256.04,2,Debit Card,1,Mar,Sunday,512.08
3262,2025-08-06,Clothing,19.81,4,UPI,2,Aug,Wednesday,79.24
3263,2025-04-12,Electronics,133.9,2,Debit Card,1,Apr,Saturday,267.8
3264,2025-02-11,Home & Kitchen,263.53,2,Debit Card,4,Feb,Tuesday,527.06
3265,2025-10-15,Home & Kitchen,17.33,4,PayPal,3,Oct,Wednesday,69.32
3266,2025-06-16,Electronics,139.63,5,Credit Card,3,Jun,Monday,698.15
3267,2025-04-19,Electronics,261.88,4,Debit Card,3,Apr,Saturday,1047.52
3268,2025-02-05,Beauty,290.84,2,PayPal,3,Feb,Wednesday,581.68
3269,2025-08-20,Electronics,463.62,3,PayPal,5,Aug,Wednesday,1390.8600000000001
3270,2025-08-17,Beauty,326.22,3,UPI,5,Aug,Sunday,978.6600000000001
3271,2025-12-19,Beauty,213.22,1,Credit Card,4,Dec,Friday,213.22
3272,2025-06-13,Sports,465.87,3,UPI,2,Jun,Friday,1397.6100000000001
3273,2025-03-14,Home & Kitchen,394.59,5,UPI,1,Mar,Friday,1972.9499999999998
3274,2025-05-16,Home & Kitchen,108.0,2,Debit Card,1,May,Friday,216.0
3275,2025-12-19,Home & Kitchen,74.11,4,UPI,5,Dec,Friday,296.44
3276,2025-03-11,Sports,341.15,4,Debit Card,3,Mar,Tuesday,1364.6
3277,2025-07-15,Beauty,284.34,5,UPI,4,Jul,Tuesday,1421.6999999999998
3278,2025-09-26,Beauty,396.94,3,PayPal,2,Sep,Friday,1190.82
3279,2025-02-18,Electronics,372.01,2,Credit Card,5,Feb,Tuesday,744.02
3280,2025-11-12,Sports,316.35,3,Credit Card,4,Nov,Wednesday,949.0500000000001
3281,2025-05-10,Electronics,493.33,1,Credit Card,4,May,Saturday,493.33
3282,2025-01-05,Sports,271.46,3,PayPal,5,Jan,Sunday,814.3799999999999
3283,2025-01-27,Electronics,65.42,1,PayPal,4,Jan,Monday,65.42
3284,2025-06-09,Clothing,415.85,4,UPI,3,Jun,Monday,1663.4
3285,2025-05-29,Home & Kitchen,133.41,2,UPI,4,May,Thursday,266.82
3286,2025-09-21,Home & Kitchen,390.88,1,UPI,2,Sep,Sunday,390.88
3287,2025-08-18,Beauty,478.98,3,UPI,4,Aug,Monday,1436.94
3288,2025-07-19,Clothing,351.43,3,Credit Card,1,Jul,Saturday,1054.29
3289,2025-02-19,Home & Kitchen,302.05,4,UPI,4,Feb,Wednesday,1208.2
3290,2025-03-08,Beauty,235.59,5,PayPal,5,Mar,Saturday,1177.95
3291,2025-10-27,Clothing,188.56,5,PayPal,1,Oct,Monday,942.8
3292,2025-02-27,Home & Kitchen,182.97,3,PayPal,5,Feb,Thursday,548.91
3293,2025-09-16,Electronics,321.82,5,Debit Card,2,Sep,Tuesday,1609.1
3294,2025-12-08,Sports,378.12,2,Debit Card,3,Dec,Monday,756.24
3295,2025-11-22,Clothing,342.47,5,Debit Card,2,Nov,Saturday,1712.3500000000001
3296,2025-05-10,Beauty,107.22,2,UPI,1,May,Saturday,214.44
3297,2025-08-03,Clothing,252.05,3,Credit Card,3,Aug,Sunday,756.1500000000001
3298,2025-06-21,Beauty,397.9,3,Credit Card,4,Jun,Saturday,1193.6999999999998
3299,2025-09-15,Clothing,243.09,3,UPI,1,Sep,Monday,729.27
3300,2025-04-12,Beauty,272.95,4,UPI,3,Apr,Saturday,1091.8
3301,2025-07-28,Home & Kitchen,387.86,5,Debit Card,5,Jul,Monday,1939.3000000000002
3302,2025-10-18,Electronics,334.02,1,PayPal,3,Oct,Saturday,334.02
3303,2025-12-20,Home & Kitchen,210.58,1,PayPal,5,Dec,Saturday,210.58
3304,2025-10-13,Electronics,448.75,3,Debit Card,5,Oct,Monday,1346.25
3305,2025-04-26,Home & Kitchen,89.66,5,Debit Card,3,Apr,Saturday,448.29999999999995
3306,2025-09-21,Home & Kitchen,497.8,2,Credit Card,2,Sep,Sunday,995.6
3307,2025-05-30,Clothing,68.24,1,Debit Card,2,May,Friday,68.24
3308,2025-10-27,Sports,17.33,3,PayPal,5,Oct,Monday,51.989999999999995
3309,2025-02-05,Beauty,446.11,1,PayPal,1,Feb,Wednesday,446.11
3310,2025-11-29,Beauty,130.03,1,UPI,3,Nov,Saturday,130.03
3311,2025-10-14,Beauty,367.55,1,Credit Card,1,Oct,Tuesday,367.55
3312,2025-10-30,Electronics,407.4,3,UPI,2,Oct,Thursday,1222.1999999999998
3313,2025-11-07,Beauty,430.9,3,Credit Card,1,Nov,Friday,1292.6999999999998
3314,2025-07-27,Beauty,495.88,4,UPI,4,Jul,Sunday,1983.52
3315,2025-04-16,Clothing,154.08,4,Credit Card,4,Apr,Wednesday,616.32
3316,2025-06-07,Home & Kitchen,358.02,4,Debit Card,2,Jun,Saturday,1432.08
3317,2025-05-01,Beauty,66.55,1,PayPal,1,May,Thursday,66.55
3318,2025-02-24,Sports,209.34,5,Debit Card,3,Feb,Monday,1046.7
3319,2025-01-12,Beauty,425.51,3,Credit Card,2,Jan,Sunday,1276.53
3320,2025-05-25,Electronics,190.15,4,Credit Card,4,May,Sunday,760.6
3321,2025-05-16,Electronics,299.64,5,UPI,2,May,Friday,1498.1999999999998
3322,2025-01-03,Electronics,256.85,4,Credit Card,1,Jan,Friday,1027.4
3323,2025-05-24,Beauty,326.52,4,Debit Card,1,May,Saturday,1306.08
3324,2025-01-30,Clothing,486.72,5,Credit Card,1,Jan,Thursday,2433.6000000000004
3325,2025-08-25,Sports,37.31,4,Credit Card,5,Aug,Monday,149.24
3326,2025-10-06,Beauty,291.24,1,UPI,1,Oct,Monday,291.24
3327,2025-12-14,Clothing,432.88,1,Credit Card,4,Dec,Sunday,432.88
3328,2025-04-25,Clothing,245.88,1,UPI,4,Apr,Friday,245.88
3329,2025-04-14,Beauty,48.48,2,PayPal,5,Apr,Monday,96.96
3330,2025-04-28,Beauty,284.66,4,UPI,4,Apr,Monday,1138.64
3331,2025-01-05,Clothing,172.72,2,Credit Card,4,Jan,Sunday,345.44
3332,2025-12-26,Clothing,85.92,3,PayPal,2,Dec,Friday,257.76
3333,2025-09-05,Clothing,426.03,5,Credit Card,1,Sep,Friday,2130.1499999999996
3334,2025-12-30,Beauty,265.58,3,UPI,2,Dec,Tuesday,796.74
3335,2025-11-17,Clothing,467.31,2,Debit Card,2,Nov,Monday,934.62
3336,2025-05-01,Electronics,404.95,1,PayPal,4,May,Thursday,404.95
3337,2025-10-13,Beauty,349.56,4,Debit Card,3,Oct,Monday,1398.24
3338,2025-05-29,Electronics,12.46,4,Debit Card,1,May,Thursday,49.84
3339,2025-03-25,Home & Kitchen,219.63,1,PayPal,3,Mar,Tuesday,219.63
3340,2025-08-19,Beauty,106.77,4,Debit Card,4,Aug,Tuesday,427.08
3341,2025-10-15,Home & Kitchen,456.29,5,Debit Card,5,Oct,Wednesday,2281.4500000000003
3342,2025-06-10,Clothing,95.55,5,Debit Card,2,Jun,Tuesday,477.75
3343,2025-09-29,Clothing,150.17,5,Debit Card,4,Sep,Monday,750.8499999999999
3344,2025-02-07,Sports,263.25,3,PayPal,4,Feb,Friday,789.75
3345,2025-08-14,Clothing,139.05,1,Credit Card,3,Aug,Thursday,139.05
3346,2025-05-22,Home & Kitchen,112.83,5,Debit Card,5,May,Thursday,564.15
3347,2025-10-19,Clothing,303.56,2,PayPal,2,Oct,Sunday,607.12
3348,2025-05-31,Beauty,53.58,5,PayPal,5,May,Saturday,267.9
3349,2025-04-24,Clothing,38.5,3,PayPal,5,Apr,Thursday,115.5
3350,2025-08-25,Sports,192.4,2,PayPal,5,Aug,Monday,384.8
3351,2025-03-07,Clothing,363.13,1,UPI,1,Mar,Friday,363.13
3352,2025-12-27,Home & Kitchen,281.86,1,Credit Card,5,Dec,Saturday,281.86
3353,2025-12-07,Home & Kitchen,217.21,5,Credit Card,4,Dec,Sunday,1086.05
3354,2025-09-15,Clothing,287.22,2,Debit Card,1,Sep,Monday,574.44
3355,2025-09-06,Home & Kitchen,189.07,2,PayPal,1,Sep,Saturday,378.14
3356,2025-11-27,Home & Kitchen,468.71,5,UPI,5,Nov,Thursday,2343.5499999999997
3357,2025-11-19,Sports,36.9,5,PayPal,4,Nov,Wednesday,184.5
3358,2025-06-29,Beauty,339.96,4,Debit Card,2,Jun,Sunday,1359.84
3359,2025-07-09,Sports,446.73,4,Credit Card,5,Jul,Wednesday,1786.92
3360,2025-06-03,Electronics,403.9,5,Debit Card,1,Jun,Tuesday,2019.5
3361,2025-07-15,Sports,100.18,3,Debit Card,2,Jul,Tuesday,300.54
3362,2025-11-07,Clothing,155.0,4,Debit Card,2,Nov,Friday,620.0
3363,2025-09-19,Beauty,361.35,5,Debit Card,1,Sep,Friday,1806.75
3364,2025-05-23,Clothing,51.29,2,Debit Card,2,May,Friday,102.58
3365,2025-12-08,Electronics,407.81,4,Debit Card,4,Dec,Monday,1631.24
3366,2025-11-12,Beauty,362.26,3,Debit Card,4,Nov,Wednesday,1086.78
3367,2025-04-11,Home & Kitchen,367.51,1,Credit Card,5,Apr,Friday,367.51
3368,2025-09-01,Sports,59.12,2,Credit Card,5,Sep,Monday,118.24
3369,2025-01-12,Clothing,361.7,3,PayPal,2,Jan,Sunday,1085.1
3370,2025-08-27,Electronics,343.11,3,PayPal,1,Aug,Wednesday,1029.33
3371,2025-02-18,Home & Kitchen,417.15,3,UPI,4,Feb,Tuesday,1251.4499999999998
3372,2025-02-11,Sports,30.38,2,UPI,3,Feb,Tuesday,60.76
3373,2025-06-15,Home & Kitchen,21.32,3,Credit Card,5,Jun,Sunday,63.96
3374,2025-03-23,Sports,192.77,1,Credit Card,4,Mar,Sunday,192.77
3375,2025-10-18,Beauty,82.91,4,UPI,2,Oct,Saturday,331.64
3376,2025-06-07,Home & Kitchen,283.61,2,Credit Card,4,Jun,Saturday,567.22
3377,2025-08-04,Home & Kitchen,459.5,3,UPI,4,Aug,Monday,1378.5
3378,2025-06-07,Home & Kitchen,201.83,5,PayPal,2,Jun,Saturday,1009.1500000000001
3379,2025-05-14,Beauty,424.03,4,Credit Card,5,May,Wednesday,1696.12
3380,2025-03-08,Electronics,10.12,2,Credit Card,5,Mar,Saturday,20.24
3381,2025-12-02,Sports,92.57,5,UPI,3,Dec,Tuesday,462.84999999999997
3382,2025-01-07,Home & Kitchen,24.91,5,Debit Card,3,Jan,Tuesday,124.55
3383,2025-01-14,Beauty,170.79,3,Debit Card,5,Jan,Tuesday,512.37
3384,2025-03-14,Electronics,455.01,2,PayPal,5,Mar,Friday,910.02
3385,2025-06-12,Sports,57.51,3,Credit Card,5,Jun,Thursday,172.53
3386,2025-03-07,Beauty,307.14,1,Credit Card,5,Mar,Friday,307.14
3387,2025-12-13,Sports,231.23,5,UPI,4,Dec,Saturday,1156.1499999999999
3388,2025-05-10,Home & Kitchen,469.85,1,Debit Card,3,May,Saturday,469.85
3389,2025-07-25,Electronics,70.03,3,Debit Card,2,Jul,Friday,210.09
3390,2025-10-03,Beauty,113.89,4,PayPal,1,Oct,Friday,455.56
3391,2025-09-13,Electronics,24.48,5,Debit Card,2,Sep,Saturday,122.4
3392,2025-09-23,Home & Kitchen,222.63,4,Debit Card,1,Sep,Tuesday,890.52
3393,2025-01-25,Electronics,146.14,2,Debit Card,4,Jan,Saturday,292.28
3394,2025-10-08,Electronics,436.25,5,UPI,3,Oct,Wednesday,2181.25
3395,2025-09-10,Clothing,306.42,1,Debit Card,1,Sep,Wednesday,306.42
3396,2025-11-06,Electronics,310.9,4,PayPal,5,Nov,Thursday,1243.6
3397,2025-10-16,Sports,270.64,2,Debit Card,4,Oct,Thursday,541.28
3398,2025-06-13,Beauty,55.01,5,PayPal,1,Jun,Friday,275.05
3399,2025-04-05,Clothing,228.06,2,UPI,5,Apr,Saturday,456.12
3400,2025-09-27,Beauty,499.76,1,UPI,4,Sep,Saturday,499.76
3401,2025-11-17,Beauty,419.26,5,PayPal,1,Nov,Monday,2096.3
3402,2025-04-20,Home & Kitchen,447.79,2,UPI,5,Apr,Sunday,895.58
3403,2025-12-02,Home & Kitchen,413.38,3,Credit Card,3,Dec,Tuesday,1240.1399999999999
3404,2025-11-06,Clothing,60.49,5,Credit Card,4,Nov,Thursday,302.45
3405,2025-08-26,Home & Kitchen,121.45,5,Credit Card,1,Aug,Tuesday,607.25
3406,2025-01-25,Home & Kitchen,11.53,5,Credit Card,5,Jan,Saturday,57.65
3407,2025-05-21,Home & Kitchen,158.72,5,Credit Card,3,May,Wednesday,793.6
3408,2025-04-27,Beauty,63.22,3,UPI,5,Apr,Sunday,189.66
3409,2025-01-25,Clothing,241.67,1,PayPal,3,Jan,Saturday,241.67
3410,2025-03-20,Beauty,341.79,3,UPI,1,Mar,Thursday,1025.3700000000001
3411,2025-03-09,Sports,438.51,3,Debit Card,5,Mar,Sunday,1315.53
3412,2025-06-22,Beauty,377.12,2,Credit Card,5,Jun,Sunday,754.24
3413,2025-01-12,Sports,469.91,4,Credit Card,2,Jan,Sunday,1879.64
3414,2025-10-15,Electronics,36.41,4,UPI,4,Oct,Wednesday,145.64
3415,2025-05-08,Electronics,15.97,2,Debit Card,5,May,Thursday,31.94
3416,2025-04-06,Sports,334.06,3,UPI,3,Apr,Sunday,1002.1800000000001
3417,2025-04-02,Sports,151.78,2,PayPal,4,Apr,Wednesday,303.56
3418,2025-05-21,Beauty,134.22,5,Credit Card,1,May,Wednesday,671.1
3419,2025-01-31,Sports,172.13,2,UPI,4,Jan,Friday,344.26
3420,2025-11-30,Clothing,142.2,2,PayPal,2,Nov,Sunday,284.4
3421,2025-01-20,Electronics,260.6,5,Credit Card,1,Jan,Monday,1303.0
3422,2025-05-26,Electronics,225.67,4,Credit Card,5,May,Monday,902.68
3423,2025-11-12,Sports,261.09,5,Credit Card,1,Nov,Wednesday,1305.4499999999998
3424,2025-06-09,Home & Kitchen,339.63,1,Debit Card,1,Jun,Monday,339.63
3425,2025-12-15,Home & Kitchen,199.69,2,UPI,2,Dec,Monday,399.38
3426,2025-02-12,Sports,133.14,2,Credit Card,3,Feb,Wednesday,266.28
3427,2025-09-11,Clothing,91.44,4,Credit Card,1,Sep,Thursday,365.76
3428,2025-05-10,Home & Kitchen,181.24,3,PayPal,3,May,Saturday,543.72
3429,2025-03-01,Sports,373.49,5,UPI,4,Mar,Saturday,1867.45
3430,2025-05-31,Clothing,380.79,3,PayPal,2,May,Saturday,1142.3700000000001
3431,2025-10-14,Clothing,336.78,1,UPI,5,Oct,Tuesday,336.78
3432,2025-01-05,Beauty,124.67,5,Credit Card,1,Jan,Sunday,623.35
3433,2025-09-23,Clothing,298.16,1,Debit Card,3,Sep,Tuesday,298.16
3434,2025-12-11,Home & Kitchen,289.64,1,PayPal,1,Dec,Thursday,289.64
3435,2025-05-10,Home & Kitchen,247.29,1,Debit Card,2,May,Saturday,247.29
3436,2025-09-24,Sports,279.49,5,Debit Card,5,Sep,Wednesday,1397.45
3437,2025-06-27,Sports,250.98,5,Debit Card,4,Jun,Friday,1254.8999999999999
3438,2025-09-10,Clothing,287.07,4,UPI,4,Sep,Wednesday,1148.28
3439,2025-02-25,Electronics,360.6,2,UPI,3,Feb,Tuesday,721.2
3440,2025-03-24,Beauty,63.72,3,Debit Card,4,Mar,Monday,191.16
3441,2025-04-09,Electronics,377.32,3,Credit Card,3,Apr,Wednesday,1131.96
3442,2025-05-29,Clothing,76.58,1,Credit Card,5,May,Thursday,76.58
3443,2025-11-25,Clothing,42.65,5,Debit Card,1,Nov,Tuesday,213.25
3444,2025-06-05,Electronics,488.28,5,PayPal,2,Jun,Thursday,2441.3999999999996
3445,2025-07-09,Beauty,478.93,1,PayPal,5,Jul,Wednesday,478.93
3446,2025-09-20,Electronics,39.61,2,UPI,5,Sep,Saturday,79.22
3447,2025-03-21,Sports,227.19,3,PayPal,4,Mar,Friday,681.5699999999999
3448,2025-09-09,Home & Kitchen,101.26,4,Credit Card,4,Sep,Tuesday,405.04
3449,2025-04-07,Sports,247.82,2,Debit Card,2,Apr,Monday,495.64
3450,2025-09-17,Home & Kitchen,416.79,5,PayPal,1,Sep,Wednesday,2083.9500000000003
3451,2025-09-17,Clothing,475.8,1,Debit Card,5,Sep,Wednesday,475.8
3452,2025-04-13,Beauty,320.78,3,PayPal,4,Apr,Sunday,962.3399999999999
3453,2025-02-09,Electronics,183.41,1,UPI,5,Feb,Sunday,183.41
3454,2025-09-30,Beauty,305.63,5,Credit Card,1,Sep,Tuesday,1528.15
3455,2025-04-11,Electronics,162.88,1,UPI,3,Apr,Friday,162.88
3456,2025-12-25,Sports,455.81,3,Debit Card,1,Dec,Thursday,1367.43
3457,2025-11-04,Sports,436.5,1,Credit Card,5,Nov,Tuesday,436.5
3458,2025-08-09,Electronics,283.53,3,Credit Card,5,Aug,Saturday,850.5899999999999
3459,2025-11-04,Beauty,169.15,1,UPI,2,Nov,Tuesday,169.15
3460,2025-05-04,Electronics,153.76,1,PayPal,5,May,Sunday,153.76
3461,2025-08-19,Clothing,26.37,3,UPI,4,Aug,Tuesday,79.11
3462,2025-06-27,Sports,409.75,1,Debit Card,2,Jun,Friday,409.75
3463,2025-03-04,Clothing,230.69,2,PayPal,5,Mar,Tuesday,461.38
3464,2025-04-26,Sports,169.32,4,UPI,1,Apr,Saturday,677.28
3465,2025-07-10,Sports,240.84,2,UPI,5,Jul,Thursday,481.68
3466,2025-03-03,Home & Kitchen,411.18,4,PayPal,1,Mar,Monday,1644.72
3467,2025-09-13,Clothing,71.06,2,PayPal,1,Sep,Saturday,142.12
3468,2025-01-07,Clothing,430.25,4,PayPal,5,Jan,Tuesday,1721.0
3469,2025-06-04,Home & Kitchen,449.78,1,UPI,1,Jun,Wednesday,449.78
3470,2025-04-02,Beauty,473.89,3,PayPal,3,Apr,Wednesday,1421.67
3471,2025-01-14,Clothing,204.77,3,PayPal,2,Jan,Tuesday,614.3100000000001
3472,2025-08-17,Electronics,116.4,5,PayPal,5,Aug,Sunday,582.0
3473,2025-03-27,Home & Kitchen,193.08,4,Credit Card,3,Mar,Thursday,772.32
3474,2025-05-13,Clothing,173.13,5,Debit Card,1,May,Tuesday,865.65
3475,2025-07-02,Beauty,96.32,5,PayPal,1,Jul,Wednesday,481.59999999999997
3476,2025-03-03,Clothing,307.56,4,Debit Card,2,Mar,Monday,1230.24
3477,2025-08-07,Sports,243.55,3,PayPal,3,Aug,Thursday,730.6500000000001
3478,2025-09-03,Electronics,434.19,4,PayPal,3,Sep,Wednesday,1736.76
3479,2025-08-18,Home & Kitchen,25.73,1,Credit Card,5,Aug,Monday,25.73
3480,2025-03-20,Sports,325.5,5,Credit Card,1,Mar,Thursday,1627.5
3481,2025-05-29,Beauty,383.84,5,PayPal,4,May,Thursday,1919.1999999999998
3482,2025-05-18,Sports,382.15,4,PayPal,5,May,Sunday,1528.6
3483,2025-11-10,Sports,444.18,5,PayPal,5,Nov,Monday,2220.9
3484,2025-03-06,Beauty,367.23,3,Debit Card,5,Mar,Thursday,1101.69
3485,2025-01-13,Sports,464.63,5,PayPal,2,Jan,Monday,2323.15
3486,2025-08-01,Home & Kitchen,173.0,4,Debit Card,2,Aug,Friday,692.0
3487,2025-08-30,Clothing,256.57,3,Credit Card,5,Aug,Saturday,769.71
3488,2025-08-01,Sports,16.9,3,Debit Card,4,Aug,Friday,50.699999999999996
3489,2025-06-30,Home & Kitchen,13.41,5,PayPal,3,Jun,Monday,67.05
3490,2025-12-04,Clothing,127.66,4,Credit Card,3,Dec,Thursday,510.64
3491,2025-06-22,Clothing,59.4,5,UPI,1,Jun,Sunday,297.0
3492,2025-06-09,Sports,137.5,1,Credit Card,3,Jun,Monday,137.5
3493,2025-06-13,Home & Kitchen,96.75,1,UPI,3,Jun,Friday,96.75
3494,2025-07-07,Sports,23.97,3,Debit Card,4,Jul,Monday,71.91
3495,2025-07-10,Beauty,455.56,5,Credit Card,3,Jul,Thursday,2277.8
3496,2025-11-04,Clothing,14.03,1,Credit Card,4,Nov,Tuesday,14.03
3497,2025-09-13,Sports,370.68,2,Credit Card,2,Sep,Saturday,741.36
3498,2025-07-02,Clothing,84.55,1,Debit Card,4,Jul,Wednesday,84.55
3499,2025-04-27,Home & Kitchen,456.99,5,PayPal,2,Apr,Sunday,2284.95
3500,2025-10-09,Electronics,447.47,5,Debit Card,4,Oct,Thursday,2237.3500000000004
3501,2025-07-15,Sports,330.41,1,Credit Card,5,Jul,Tuesday,330.41
3502,2025-02-03,Sports,339.39,5,PayPal,2,Feb,Monday,1696.9499999999998
3503,2025-02-21,Clothing,12.62,5,Credit Card,2,Feb,Friday,63.099999999999994
3504,2025-04-22,Home & Kitchen,492.59,2,Credit Card,3,Apr,Tuesday,985.18
3505,2025-09-09,Beauty,440.14,3,UPI,2,Sep,Tuesday,1320.42
3506,2025-03-23,Home & Kitchen,448.6,5,Credit Card,4,Mar,Sunday,2243.0
3507,2025-08-20,Sports,333.03,4,Debit Card,5,Aug,Wednesday,1332.12
3508,2025-08-15,Beauty,178.95,3,Debit Card,5,Aug,Friday,536.8499999999999
3509,2025-08-21,Home & Kitchen,447.89,3,Debit Card,3,Aug,Thursday,1343.67
3510,2025-08-09,Electronics,152.84,4,PayPal,4,Aug,Saturday,611.36
3511,2025-02-11,Clothing,285.73,1,UPI,4,Feb,Tuesday,285.73
3512,2025-01-21,Home & Kitchen,58.87,2,UPI,1,Jan,Tuesday,117.74
3513,2025-02-11,Home & Kitchen,461.76,5,Credit Card,2,Feb,Tuesday,2308.8
3514,2025-04-23,Electronics,78.98,1,Credit Card,3,Apr,Wednesday,78.98
3515,2025-04-15,Sports,120.2,4,UPI,5,Apr,Tuesday,480.8
3516,2025-07-11,Clothing,283.49,2,PayPal,1,Jul,Friday,566.98
3517,2025-01-17,Home & Kitchen,384.41,2,Debit Card,4,Jan,Friday,768.82
3518,2025-04-30,Beauty,313.48,2,Credit Card,2,Apr,Wednesday,626.96
3519,2025-05-09,Home & Kitchen,123.75,4,UPI,5,May,Friday,495.0
3520,2025-05-10,Clothing,10.46,1,PayPal,1,May,Saturday,10.46
3521,2025-03-01,Home & Kitchen,381.0,5,Debit Card,4,Mar,Saturday,1905.0
3522,2025-02-17,Electronics,492.75,2,Credit Card,5,Feb,Monday,985.5
3523,2025-01-29,Home & Kitchen,406.86,2,Debit Card,5,Jan,Wednesday,813.72
3524,2025-04-07,Home & Kitchen,235.5,1,Debit Card,4,Apr,Monday,235.5
3525,2025-01-10,Beauty,452.85,2,UPI,4,Jan,Friday,905.7
3526,2025-08-30,Electronics,210.83,2,UPI,3,Aug,Saturday,421.66
3527,2025-11-10,Electronics,267.22,4,Debit Card,5,Nov,Monday,1068.88
3528,2025-08-20,Home & Kitchen,243.79,3,Debit Card,4,Aug,Wednesday,731.37
3529,2025-10-04,Beauty,229.34,1,Credit Card,1,Oct,Saturday,229.34
3530,2025-10-11,Home & Kitchen,389.84,1,PayPal,2,Oct,Saturday,389.84
3531,2025-07-22,Home & Kitchen,268.12,1,PayPal,3,Jul,Tuesday,268.12
3532,2025-09-04,Clothing,165.19,4,Debit Card,4,Sep,Thursday,660.76
3533,2025-10-17,Clothing,136.5,4,UPI,2,Oct,Friday,546.0
3534,2025-09-21,Beauty,28.5,5,PayPal,3,Sep,Sunday,142.5
3535,2025-08-02,Sports,295.77,4,Debit Card,5,Aug,Saturday,1183.08
3536,2025-07-19,Clothing,122.68,1,UPI,2,Jul,Saturday,122.68
3537,2025-03-20,Sports,82.59,5,Credit Card,3,Mar,Thursday,412.95000000000005
3538,2025-12-09,Electronics,330.38,3,PayPal,4,Dec,Tuesday,991.14
3539,2025-12-10,Clothing,343.79,2,Credit Card,4,Dec,Wednesday,687.58
3540,2025-06-22,Clothing,378.56,2,UPI,3,Jun,Sunday,757.12
3541,2025-03-10,Beauty,256.75,5,Debit Card,5,Mar,Monday,1283.75
3542,2025-03-28,Sports,448.09,3,Credit Card,3,Mar,Friday,1344.27
3543,2025-04-11,Clothing,468.81,2,Debit Card,1,Apr,Friday,937.62
3544,2025-01-08,Clothing,405.61,5,PayPal,3,Jan,Wednesday,2028.0500000000002
3545,2025-11-29,Beauty,321.44,4,Credit Card,3,Nov,Saturday,1285.76
3546,2025-07-19,Beauty,158.82,1,PayPal,4,Jul,Saturday,158.82
3547,2025-03-28,Sports,491.64,3,PayPal,5,Mar,Friday,1474.92
3548,2025-02-12,Electronics,144.33,2,PayPal,3,Feb,Wednesday,288.66
3549,2025-04-19,Electronics,109.3,1,PayPal,2,Apr,Saturday,109.3
3550,2025-06-01,Home & Kitchen,226.66,5,PayPal,4,Jun,Sunday,1133.3
3551,2025-01-17,Clothing,37.85,2,UPI,4,Jan,Friday,75.7
3552,2025-05-13,Sports,489.46,1,Credit Card,3,May,Tuesday,489.46
3553,2025-05-28,Clothing,298.33,4,Debit Card,2,May,Wednesday,1193.32
3554,2025-10-04,Sports,282.91,3,Debit Card,3,Oct,Saturday,848.73
3555,2025-08-20,Sports,331.34,5,UPI,2,Aug,Wednesday,1656.6999999999998
3556,2025-11-10,Sports,253.54,2,Debit Card,4,Nov,Monday,507.08
3557,2025-08-16,Clothing,25.71,4,Debit Card,2,Aug,Saturday,102.84
3558,2025-05-19,Beauty,310.03,3,Debit Card,3,May,Monday,930.0899999999999
3559,2025-07-30,Clothing,360.93,3,Credit Card,1,Jul,Wednesday,1082.79
3560,2025-01-28,Sports,214.21,4,Debit Card,1,Jan,Tuesday,856.84
3561,2025-02-20,Home & Kitchen,381.07,2,Credit Card,2,Feb,Thursday,762.14
3562,2025-09-18,Electronics,121.23,3,Debit Card,3,Sep,Thursday,363.69
3563,2025-09-18,Sports,118.43,5,Debit Card,5,Sep,Thursday,592.1500000000001
3564,2025-12-16,Home & Kitchen,89.09,1,Credit Card,1,Dec,Tuesday,89.09
3565,2025-12-18,Beauty,192.28,5,UPI,4,Dec,Thursday,961.4
3566,2025-01-08,Sports,425.04,3,Debit Card,3,Jan,Wednesday,1275.1200000000001
3567,2025-11-16,Home & Kitchen,415.68,1,PayPal,3,Nov,Sunday,415.68
3568,2025-05-18,Sports,197.58,4,PayPal,1,May,Sunday,790.32
3569,2025-02-07,Clothing,298.67,1,UPI,5,Feb,Friday,298.67
3570,2025-04-21,Home & Kitchen,363.2,1,PayPal,4,Apr,Monday,363.2
3571,2025-08-08,Clothing,128.19,1,Credit Card,5,Aug,Friday,128.19
3572,2025-12-03,Clothing,92.39,3,Debit Card,4,Dec,Wednesday,277.17
3573,2025-08-11,Home & Kitchen,486.33,2,Debit Card,1,Aug,Monday,972.66
3574,2025-05-16,Electronics,312.6,3,Debit Card,3,May,Friday,937.8000000000001
3575,2025-09-13,Home & Kitchen,490.89,2,Debit Card,4,Sep,Saturday,981.78
3576,2025-12-26,Electronics,175.5,4,PayPal,3,Dec,Friday,702.0
3577,2025-11-25,Sports,354.49,4,PayPal,2,Nov,Tuesday,1417.96
3578,2025-02-18,Sports,119.08,4,PayPal,2,Feb,Tuesday,476.32
3579,2025-10-19,Home & Kitchen,137.99,4,Credit Card,1,Oct,Sunday,551.96
3580,2025-11-20,Sports,260.83,4,PayPal,1,Nov,Thursday,1043.32
3581,2025-03-19,Beauty,166.61,5,PayPal,1,Mar,Wednesday,833.0500000000001
3582,2025-04-15,Clothing,92.13,3,Debit Card,2,Apr,Tuesday,276.39
3583,2025-06-18,Clothing,138.81,2,PayPal,4,Jun,Wednesday,277.62
3584,2025-08-05,Electronics,27.52,4,UPI,5,Aug,Tuesday,110.08
3585,2025-04-29,Sports,355.17,5,UPI,1,Apr,Tuesday,1775.8500000000001
3586,2025-07-09,Electronics,251.14,5,Debit Card,5,Jul,Wednesday,1255.6999999999998
3587,2025-09-12,Clothing,56.18,5,PayPal,5,Sep,Friday,280.9
3588,2025-09-23,Clothing,94.13,3,UPI,2,Sep,Tuesday,282.39
3589,2025-05-29,Sports,60.24,4,UPI,4,May,Thursday,240.96
3590,2025-06-13,Beauty,310.17,5,Credit Card,2,Jun,Friday,1550.8500000000001
3591,2025-05-20,Beauty,56.16,5,Debit Card,1,May,Tuesday,280.79999999999995
3592,2025-12-13,Sports,379.6,4,UPI,2,Dec,Saturday,1518.4
3593,2025-09-15,Sports,20.05,3,UPI,2,Sep,Monday,60.150000000000006
3594,2025-09-26,Electronics,132.19,5,Debit Card,2,Sep,Friday,660.95
3595,2025-06-30,Sports,446.43,2,PayPal,1,Jun,Monday,892.86
3596,2025-06-09,Beauty,362.08,1,Debit Card,1,Jun,Monday,362.08
3597,2025-12-17,Sports,45.75,1,Credit Card,2,Dec,Wednesday,45.75
3598,2025-10-15,Electronics,412.35,1,Credit Card,2,Oct,Wednesday,412.35
3599,2025-10-15,Electronics,251.59,3,Credit Card,5,Oct,Wednesday,754.77
3600,2025-08-14,Electronics,424.92,5,UPI,4,Aug,Thursday,2124.6
3601,2025-01-11,Electronics,304.36,1,PayPal,5,Jan,Saturday,304.36
3602,2025-01-10,Home & Kitchen,344.1,1,Credit Card,4,Jan,Friday,344.1
3603,2025-09-28,Sports,496.82,4,Debit Card,4,Sep,Sunday,1987.28
3604,2025-09-30,Clothing,123.84,5,Credit Card,2,Sep,Tuesday,619.2
3605,2025-07-02,Sports,315.73,5,UPI,5,Jul,Wednesday,1578.65
3606,2025-06-02,Home & Kitchen,235.56,4,Credit Card,4,Jun,Monday,942.24
3607,2025-11-11,Electronics,29.33,5,PayPal,4,Nov,Tuesday,146.64999999999998
3608,2025-11-30,Home & Kitchen,17.09,2,Credit Card,1,Nov,Sunday,34.18
3609,2025-05-04,Beauty,68.42,3,PayPal,4,May,Sunday,205.26
3610,2025-04-24,Beauty,328.05,4,PayPal,2,Apr,Thursday,1312.2
3611,2025-10-05,Sports,287.91,1,Debit Card,3,Oct,Sunday,287.91
3612,2025-08-01,Sports,281.18,5,PayPal,1,Aug,Friday,1405.9
3613,2025-06-21,Clothing,25.61,2,UPI,3,Jun,Saturday,51.22
3614,2025-10-15,Clothing,239.96,2,UPI,2,Oct,Wednesday,479.92
3615,2025-06-23,Beauty,463.07,3,PayPal,3,Jun,Monday,1389.21
3616,2025-04-23,Electronics,204.82,2,PayPal,4,Apr,Wednesday,409.64
3617,2025-05-02,Home & Kitchen,316.21,5,Credit Card,3,May,Friday,1581.05
3618,2025-02-01,Clothing,392.11,5,Credit Card,5,Feb,Saturday,1960.5500000000002
3619,2025-08-10,Clothing,394.12,2,Debit Card,2,Aug,Sunday,788.24
3620,2025-04-29,Electronics,264.45,5,Credit Card,5,Apr,Tuesday,1322.25
3621,2025-02-08,Electronics,430.4,5,UPI,3,Feb,Saturday,2152.0
3622,2025-09-25,Sports,201.78,1,Credit Card,5,Sep,Thursday,201.78
3623,2025-08-21,Home & Kitchen,445.46,4,Debit Card,1,Aug,Thursday,1781.84
3624,2025-01-18,Electronics,127.71,5,Debit Card,3,Jan,Saturday,638.55
3625,2025-05-29,Clothing,147.31,5,PayPal,5,May,Thursday,736.55
3626,2025-05-29,Clothing,36.03,3,Debit Card,4,May,Thursday,108.09
3627,2025-05-06,Beauty,399.84,4,PayPal,3,May,Tuesday,1599.36
3628,2025-10-29,Electronics,214.36,4,UPI,1,Oct,Wednesday,857.44
3629,2025-12-26,Sports,122.27,4,UPI,4,Dec,Friday,489.08
3630,2025-08-26,Home & Kitchen,123.58,2,Credit Card,3,Aug,Tuesday,247.16
3631,2025-05-15,Sports,451.69,1,Debit Card,4,May,Thursday,451.69
3632,2025-05-31,Clothing,418.62,1,UPI,3,May,Saturday,418.62
3633,2025-08-24,Sports,281.23,3,PayPal,3,Aug,Sunday,843.69
3634,2025-08-12,Clothing,311.89,4,Debit Card,2,Aug,Tuesday,1247.56
3635,2025-07-22,Clothing,242.42,4,Debit Card,5,Jul,Tuesday,969.68
3636,2025-09-13,Clothing,201.92,5,PayPal,3,Sep,Saturday,1009.5999999999999
3637,2025-03-27,Clothing,458.58,2,Debit Card,1,Mar,Thursday,917.16
3638,2025-05-30,Clothing,71.55,2,Debit Card,5,May,Friday,143.1
3639,2025-08-23,Beauty,215.04,3,UPI,2,Aug,Saturday,645.12
3640,2025-12-11,Sports,178.84,1,PayPal,5,Dec,Thursday,178.84
3641,2025-01-22,Beauty,254.09,4,UPI,5,Jan,Wednesday,1016.36
3642,2025-12-14,Beauty,234.24,3,PayPal,3,Dec,Sunday,702.72
3643,2025-10-12,Electronics,264.26,2,Credit Card,1,Oct,Sunday,528.52
3644,2025-09-26,Electronics,78.56,2,Debit Card,3,Sep,Friday,157.12
3645,2025-09-15,Electronics,261.44,2,Debit Card,1,Sep,Monday,522.88
3646,2025-01-29,Home & Kitchen,128.79,4,UPI,1,Jan,Wednesday,515.16
3647,2025-08-01,Electronics,100.32,4,Debit Card,4,Aug,Friday,401.28
3648,2025-10-10,Sports,41.77,4,Debit Card,3,Oct,Friday,167.08
3649,2025-02-19,Beauty,383.7,5,UPI,2,Feb,Wednesday,1918.5
3650,2025-04-05,Sports,219.45,1,UPI,5,Apr,Saturday,219.45
3651,2025-03-29,Electronics,317.06,2,PayPal,4,Mar,Saturday,634.12
3652,2025-02-13,Home & Kitchen,366.52,2,Credit Card,2,Feb,Thursday,733.04
3653,2025-10-05,Home & Kitchen,342.87,5,UPI,3,Oct,Sunday,1714.35
3654,2025-06-20,Beauty,240.55,2,PayPal,1,Jun,Friday,481.1
3655,2025-07-08,Sports,200.07,2,UPI,3,Jul,Tuesday,400.14
3656,2025-12-19,Clothing,194.22,4,PayPal,3,Dec,Friday,776.88
3657,2025-07-03,Sports,323.62,4,Credit Card,4,Jul,Thursday,1294.48
3658,2025-01-03,Electronics,252.45,1,PayPal,2,Jan,Friday,252.45
3659,2025-07-10,Clothing,426.07,2,PayPal,4,Jul,Thursday,852.14
3660,2025-04-28,Home & Kitchen,438.6,3,Debit Card,2,Apr,Monday,1315.8000000000002
3661,2025-01-19,Beauty,93.57,2,UPI,4,Jan,Sunday,187.14
3662,2025-01-23,Beauty,76.75,2,PayPal,5,Jan,Thursday,153.5
3663,2025-01-30,Home & Kitchen,318.9,1,UPI,1,Jan,Thursday,318.9
3664,2025-10-22,Electronics,157.6,3,PayPal,1,Oct,Wednesday,472.79999999999995
3665,2025-04-18,Home & Kitchen,19.1,2,Debit Card,1,Apr,Friday,38.2
3666,2025-10-08,Electronics,445.43,3,Debit Card,5,Oct,Wednesday,1336.29
3667,2025-05-08,Clothing,121.18,4,Credit Card,5,May,Thursday,484.72
3668,2025-08-17,Home & Kitchen,465.35,4,PayPal,1,Aug,Sunday,1861.4
3669,2025-04-21,Electronics,361.54,3,Debit Card,1,Apr,Monday,1084.6200000000001
3670,2025-05-16,Clothing,383.7,2,UPI,2,May,Friday,767.4
3671,2025-12-28,Home & Kitchen,108.72,3,PayPal,2,Dec,Sunday,326.15999999999997
3672,2025-07-05,Beauty,124.76,3,PayPal,3,Jul,Saturday,374.28000000000003
3673,2025-05-24,Home & Kitchen,265.42,4,Credit Card,4,May,Saturday,1061.68
3674,2025-03-13,Sports,94.33,3,UPI,2,Mar,Thursday,282.99
3675,2025-05-09,Home & Kitchen,159.66,5,Credit Card,2,May,Friday,798.3
3676,2025-12-30,Sports,167.52,5,PayPal,2,Dec,Tuesday,837.6
3677,2025-09-18,Clothing,88.22,4,Credit Card,2,Sep,Thursday,352.88
3678,2025-01-03,Home & Kitchen,110.54,2,PayPal,5,Jan,Friday,221.08
3679,2025-04-14,Clothing,396.39,2,PayPal,3,Apr,Monday,792.78
3680,2025-08-12,Clothing,91.93,4,Credit Card,2,Aug,Tuesday,367.72
3681,2025-11-16,Electronics,23.94,2,Credit Card,4,Nov,Sunday,47.88
3682,2025-12-28,Clothing,318.38,1,PayPal,2,Dec,Sunday,318.38
3683,2025-12-20,Clothing,488.23,5,Credit Card,5,Dec,Saturday,2441.15
3684,2025-01-10,Home & Kitchen,172.29,1,Credit Card,1,Jan,Friday,172.29
3685,2025-10-29,Home & Kitchen,68.14,1,PayPal,1,Oct,Wednesday,68.14
3686,2025-08-19,Beauty,289.49,1,UPI,3,Aug,Tuesday,289.49
3687,2025-08-07,Electronics,454.11,4,Credit Card,1,Aug,Thursday,1816.44
3688,2025-03-07,Clothing,394.19,1,Credit Card,2,Mar,Friday,394.19
3689,2025-04-22,Electronics,315.03,3,Debit Card,5,Apr,Tuesday,945.0899999999999
3690,2025-01-13,Sports,164.38,2,UPI,3,Jan,Monday,328.76
3691,2025-03-27,Clothing,275.52,4,Credit Card,2,Mar,Thursday,1102.08
3692,2025-08-22,Electronics,54.71,3,PayPal,1,Aug,Friday,164.13
3693,2025-03-31,Beauty,342.68,3,Debit Card,4,Mar,Monday,1028.04
3694,2025-11-10,Beauty,365.3,5,Debit Card,2,Nov,Monday,1826.5
3695,2025-02-23,Clothing,482.87,5,Debit Card,4,Feb,Sunday,2414.35
3696,2025-01-12,Sports,137.59,3,Credit Card,4,Jan,Sunday,412.77
3697,2025-07-28,Beauty,19.04,5,PayPal,3,Jul,Monday,95.19999999999999
3698,2025-01-14,Beauty,277.35,2,Debit Card,5,Jan,Tuesday,554.7
3699,2025-05-01,Sports,356.33,2,UPI,1,May,Thursday,712.66
3700,2025-01-20,Electronics,397.3,5,Debit Card,1,Jan,Monday,1986.5
3701,2025-03-16,Beauty,104.93,1,Debit Card,2,Mar,Sunday,104.93
3702,2025-08-31,Home & Kitchen,138.26,3,UPI,1,Aug,Sunday,414.78
3703,2025-08-11,Beauty,261.17,2,Debit Card,3,Aug,Monday,522.34
3704,2025-03-11,Electronics,171.99,5,Debit Card,1,Mar,Tuesday,859.95
3705,2025-11-08,Electronics,431.65,5,UPI,2,Nov,Saturday,2158.25
3706,2025-07-30,Clothing,242.14,2,Credit Card,1,Jul,Wednesday,484.28
3707,2025-04-11,Home & Kitchen,401.79,2,UPI,5,Apr,Friday,803.58
3708,2025-07-05,Electronics,294.5,1,Credit Card,4,Jul,Saturday,294.5
3709,2025-05-12,Sports,388.81,5,Credit Card,4,May,Monday,1944.05
3710,2025-04-21,Home & Kitchen,173.01,5,Credit Card,4,Apr,Monday,865.05
3711,2025-05-12,Home & Kitchen,417.39,4,UPI,5,May,Monday,1669.56
3712,2025-01-20,Sports,144.54,1,UPI,3,Jan,Monday,144.54
3713,2025-01-24,Beauty,277.59,2,Credit Card,2,Jan,Friday,555.18
3714,2025-08-15,Sports,114.86,2,UPI,5,Aug,Friday,229.72
3715,2025-06-03,Sports,243.01,3,Credit Card,2,Jun,Tuesday,729.03
3716,2025-10-20,Beauty,165.91,2,UPI,3,Oct,Monday,331.82
3717,2025-08-18,Beauty,140.68,5,PayPal,5,Aug,Monday,703.4000000000001
3718,2025-11-06,Beauty,483.82,2,UPI,1,Nov,Thursday,967.64
3719,2025-12-25,Beauty,88.44,5,UPI,3,Dec,Thursday,442.2
3720,2025-07-21,Beauty,395.79,5,UPI,4,Jul,Monday,1978.95
3721,2025-02-07,Sports,492.24,1,Credit Card,5,Feb,Friday,492.24
3722,2025-09-17,Clothing,19.75,2,Credit Card,3,Sep,Wednesday,39.5
3723,2025-07-07,Clothing,352.52,1,PayPal,3,Jul,Monday,352.52
3724,2025-02-26,Electronics,133.93,5,PayPal,5,Feb,Wednesday,669.6500000000001
3725,2025-01-20,Clothing,29.84,2,Debit Card,4,Jan,Monday,59.68
3726,2025-09-30,Clothing,207.42,2,PayPal,4,Sep,Tuesday,414.84
3727,2025-04-29,Sports,468.26,1,Credit Card,3,Apr,Tuesday,468.26
3728,2025-03-12,Beauty,15.76,1,PayPal,2,Mar,Wednesday,15.76
3729,2025-01-04,Beauty,298.06,5,PayPal,3,Jan,Saturday,1490.3
3730,2025-08-09,Sports,255.68,5,UPI,5,Aug,Saturday,1278.4
3731,2025-01-14,Clothing,437.96,2,PayPal,5,Jan,Tuesday,875.92
3732,2025-01-03,Sports,51.16,2,Debit Card,5,Jan,Friday,102.32
3733,2025-08-04,Electronics,343.95,4,UPI,4,Aug,Monday,1375.8
3734,2025-08-17,Beauty,343.25,4,Credit Card,1,Aug,Sunday,1373.0
3735,2025-12-02,Home & Kitchen,337.85,3,Debit Card,5,Dec,Tuesday,1013.5500000000001
3736,2025-07-05,Electronics,471.74,5,Credit Card,5,Jul,Saturday,2358.7
3737,2025-02-24,Electronics,413.31,3,Debit Card,2,Feb,Monday,1239.93
3738,2025-09-11,Sports,30.57,3,UPI,2,Sep,Thursday,91.71000000000001
3739,2025-01-24,Clothing,240.83,1,Debit Card,3,Jan,Friday,240.83
3740,2025-06-11,Beauty,205.0,1,Debit Card,3,Jun,Wednesday,205.0
3741,2025-06-07,Home & Kitchen,161.97,4,PayPal,3,Jun,Saturday,647.88
3742,2025-03-23,Electronics,231.15,3,Credit Card,5,Mar,Sunday,693.45
3743,2025-06-08,Home & Kitchen,198.26,4,UPI,2,Jun,Sunday,793.04
3744,2025-07-07,Clothing,221.84,5,Debit Card,3,Jul,Monday,1109.2
3745,2025-03-01,Clothing,489.84,2,Credit Card,2,Mar,Saturday,979.68
3746,2025-11-01,Home & Kitchen,53.43,1,Credit Card,5,Nov,Saturday,53.43
3747,2025-11-15,Beauty,461.89,5,PayPal,5,Nov,Saturday,2309.45
3748,2025-07-30,Clothing,245.32,5,Credit Card,3,Jul,Wednesday,1226.6
3749,2025-06-01,Home & Kitchen,315.63,1,UPI,5,Jun,Sunday,315.63
3750,2025-04-19,Electronics,416.79,1,PayPal,5,Apr,Saturday,416.79
3751,2025-03-17,Home & Kitchen,186.63,3,Debit Card,2,Mar,Monday,559.89
3752,2025-01-30,Home & Kitchen,220.91,4,UPI,1,Jan,Thursday,883.64
3753,2025-11-10,Sports,210.66,5,UPI,4,Nov,Monday,1053.3
3754,2025-04-27,Clothing,193.62,3,UPI,3,Apr,Sunday,580.86
3755,2025-12-22,Beauty,463.51,3,PayPal,1,Dec,Monday,1390.53
3756,2025-07-11,Beauty,416.18,5,Credit Card,3,Jul,Friday,2080.9
3757,2025-01-19,Sports,63.41,5,UPI,1,Jan,Sunday,317.04999999999995
3758,2025-06-22,Beauty,62.98,2,Credit Card,5,Jun,Sunday,125.96
3759,2025-08-16,Home & Kitchen,219.66,4,Credit Card,3,Aug,Saturday,878.64
3760,2025-12-16,Sports,58.34,5,UPI,1,Dec,Tuesday,291.70000000000005
3761,2025-07-02,Electronics,313.36,1,Credit Card,4,Jul,Wednesday,313.36
3762,2025-04-23,Clothing,80.41,2,PayPal,5,Apr,Wednesday,160.82
3763,2025-07-02,Clothing,265.96,4,PayPal,3,Jul,Wednesday,1063.84
3764,2025-05-26,Clothing,13.54,1,Debit Card,3,May,Monday,13.54
3765,2025-11-15,Home & Kitchen,165.13,1,Credit Card,1,Nov,Saturday,165.13
3766,2025-04-26,Electronics,341.82,4,Credit Card,3,Apr,Saturday,1367.28
3767,2025-04-23,Sports,247.18,2,Debit Card,5,Apr,Wednesday,494.36
3768,2025-09-08,Sports,489.35,1,PayPal,2,Sep,Monday,489.35
3769,2025-09-08,Clothing,438.31,3,Debit Card,1,Sep,Monday,1314.93
3770,2025-10-30,Electronics,185.94,4,Debit Card,4,Oct,Thursday,743.76
3771,2025-11-09,Electronics,32.29,4,Debit Card,3,Nov,Sunday,129.16
3772,2025-04-28,Electronics,424.36,5,Credit Card,5,Apr,Monday,2121.8
3773,2025-10-28,Beauty,456.5,2,Credit Card,3,Oct,Tuesday,913.0
3774,2025-06-10,Beauty,412.11,3,Credit Card,4,Jun,Tuesday,1236.33
3775,2025-07-17,Clothing,72.7,3,Credit Card,5,Jul,Thursday,218.10000000000002
3776,2025-09-17,Electronics,498.98,5,UPI,4,Sep,Wednesday,2494.9
3777,2025-05-28,Electronics,136.71,1,Debit Card,5,May,Wednesday,136.71
3778,2025-08-28,Sports,364.86,1,Debit Card,2,Aug,Thursday,364.86
3779,2025-02-16,Sports,454.94,3,Credit Card,5,Feb,Sunday,1364.82
3780,2025-07-17,Clothing,125.49,2,PayPal,4,Jul,Thursday,250.98
3781,2025-02-16,Electronics,455.05,1,UPI,1,Feb,Sunday,455.05
3782,2025-03-19,Clothing,161.65,4,UPI,2,Mar,Wednesday,646.6
3783,2025-05-04,Sports,488.44,5,PayPal,3,May,Sunday,2442.2
3784,2025-03-16,Sports,147.82,2,Credit Card,2,Mar,Sunday,295.64
3785,2025-12-25,Beauty,477.18,1,UPI,2,Dec,Thursday,477.18
3786,2025-05-17,Clothing,36.24,3,UPI,3,May,Saturday,108.72
3787,2025-03-31,Clothing,357.54,5,Debit Card,5,Mar,Monday,1787.7
3788,2025-11-21,Electronics,270.73,1,Debit Card,2,Nov,Friday,270.73
3789,2025-03-02,Electronics,244.16,3,Credit Card,2,Mar,Sunday,732.48
3790,2025-05-18,Beauty,119.51,1,Credit Card,1,May,Sunday,119.51
3791,2025-02-19,Home & Kitchen,355.74,5,Debit Card,1,Feb,Wednesday,1778.7
3792,2025-09-16,Home & Kitchen,103.5,4,Debit Card,4,Sep,Tuesday,414.0
3793,2025-04-17,Home & Kitchen,280.89,4,Debit Card,3,Apr,Thursday,1123.56
3794,2025-04-23,Clothing,134.09,3,PayPal,5,Apr,Wednesday,402.27
3795,2025-12-16,Clothing,478.25,4,UPI,5,Dec,Tuesday,1913.0
3796,2025-09-11,Sports,24.03,5,Credit Card,4,Sep,Thursday,120.15
3797,2025-04-28,Clothing,107.87,3,Credit Card,5,Apr,Monday,323.61
3798,2025-07-17,Clothing,128.73,1,PayPal,5,Jul,Thursday,128.73
3799,2025-12-03,Clothing,212.89,2,Debit Card,1,Dec,Wednesday,425.78
3800,2025-12-31,Beauty,124.04,1,UPI,5,Dec,Wednesday,124.04
3801,2025-02-20,Clothing,250.76,5,Debit Card,5,Feb,Thursday,1253.8
3802,2025-09-02,Electronics,437.51,3,Credit Card,4,Sep,Tuesday,1312.53
3803,2025-02-04,Electronics,358.91,1,PayPal,4,Feb,Tuesday,358.91
3804,2025-10-29,Sports,294.18,3,UPI,2,Oct,Wednesday,882.54
3805,2025-03-10,Beauty,53.61,4,UPI,5,Mar,Monday,214.44
3806,2025-12-15,Electronics,350.06,2,UPI,5,Dec,Monday,700.12
3807,2025-11-16,Beauty,91.54,5,UPI,5,Nov,Sunday,457.70000000000005
3808,2025-02-18,Beauty,395.32,1,PayPal,1,Feb,Tuesday,395.32
3809,2025-03-15,Sports,132.53,2,Credit Card,5,Mar,Saturday,265.06
3810,2025-07-11,Beauty,214.35,5,UPI,1,Jul,Friday,1071.75
3811,2025-09-18,Clothing,181.73,5,UPI,2,Sep,Thursday,908.65
3812,2025-12-22,Beauty,430.82,4,Credit Card,3,Dec,Monday,1723.28
3813,2025-03-11,Sports,72.01,3,Debit Card,5,Mar,Tuesday,216.03000000000003
3814,2025-03-31,Sports,287.17,3,UPI,4,Mar,Monday,861.51
3815,2025-09-17,Sports,79.61,2,UPI,4,Sep,Wednesday,159.22
3816,2025-05-06,Electronics,355.35,4,Debit Card,5,May,Tuesday,1421.4
3817,2025-08-19,Clothing,453.49,5,Credit Card,1,Aug,Tuesday,2267.45
3818,2025-10-22,Electronics,222.96,4,Credit Card,4,Oct,Wednesday,891.84
3819,2025-05-09,Home & Kitchen,249.17,4,UPI,4,May,Friday,996.68
3820,2025-10-07,Clothing,464.44,2,Credit Card,2,Oct,Tuesday,928.88
3821,2025-11-09,Beauty,265.29,3,Debit Card,2,Nov,Sunday,795.8700000000001
3822,2025-04-10,Sports,248.92,4,PayPal,2,Apr,Thursday,995.68
3823,2025-11-22,Home & Kitchen,293.38,4,Debit Card,4,Nov,Saturday,1173.52
3824,2025-10-24,Clothing,347.72,4,Debit Card,4,Oct,Friday,1390.88
3825,2025-07-01,Electronics,62.37,1,PayPal,5,Jul,Tuesday,62.37
3826,2025-06-23,Sports,412.34,4,Debit Card,5,Jun,Monday,1649.36
3827,2025-11-12,Electronics,223.4,4,UPI,1,Nov,Wednesday,893.6
3828,2025-12-30,Clothing,45.45,5,UPI,4,Dec,Tuesday,227.25
3829,2025-07-07,Clothing,395.23,1,Credit Card,5,Jul,Monday,395.23
3830,2025-02-26,Home & Kitchen,194.71,4,Credit Card,5,Feb,Wednesday,778.84
3831,2025-01-31,Beauty,59.18,4,Debit Card,2,Jan,Friday,236.72
3832,2025-03-25,Electronics,320.55,2,UPI,2,Mar,Tuesday,641.1
3833,2025-06-01,Home & Kitchen,441.26,2,UPI,2,Jun,Sunday,882.52
3834,2025-02-05,Sports,445.0,1,PayPal,3,Feb,Wednesday,445.0
3835,2025-08-01,Beauty,479.26,5,Credit Card,5,Aug,Friday,2396.3
3836,2025-12-30,Home & Kitchen,435.18,1,UPI,2,Dec,Tuesday,435.18
3837,2025-04-16,Electronics,11.05,1,Debit Card,2,Apr,Wednesday,11.05
3838,2025-12-08,Clothing,196.32,2,UPI,4,Dec,Monday,392.64
3839,2025-08-08,Sports,411.09,2,Credit Card,2,Aug,Friday,822.18
3840,2025-06-12,Electronics,189.46,5,Debit Card,4,Jun,Thursday,947.3000000000001
3841,2025-08-08,Beauty,304.76,4,Credit Card,1,Aug,Friday,1219.04
3842,2025-09-27,Beauty,307.1,5,UPI,2,Sep,Saturday,1535.5
3843,2025-04-30,Clothing,188.86,4,UPI,4,Apr,Wednesday,755.44
3844,2025-12-02,Clothing,453.19,3,UPI,2,Dec,Tuesday,1359.57
3845,2025-07-01,Sports,256.58,2,Credit Card,1,Jul,Tuesday,513.16
3846,2025-04-16,Sports,237.74,3,Debit Card,2,Apr,Wednesday,713.22
3847,2025-08-05,Clothing,498.78,3,UPI,4,Aug,Tuesday,1496.34
3848,2025-07-24,Clothing,251.82,2,UPI,1,Jul,Thursday,503.64
3849,2025-03-11,Beauty,97.42,3,UPI,1,Mar,Tuesday,292.26
3850,2025-02-13,Clothing,261.4,1,PayPal,1,Feb,Thursday,261.4
3851,2025-11-25,Home & Kitchen,408.87,4,PayPal,3,Nov,Tuesday,1635.48
3852,2025-10-28,Electronics,390.66,5,Debit Card,4,Oct,Tuesday,1953.3000000000002
3853,2025-08-16,Clothing,396.41,2,Credit Card,3,Aug,Saturday,792.82
3854,2025-07-03,Sports,356.93,1,UPI,1,Jul,Thursday,356.93
3855,2025-04-17,Home & Kitchen,134.57,5,UPI,3,Apr,Thursday,672.8499999999999
3856,2025-03-25,Sports,432.42,5,Credit Card,2,Mar,Tuesday,2162.1
3857,2025-12-04,Home & Kitchen,447.79,5,Credit Card,3,Dec,Thursday,2238.9500000000003
3858,2025-09-07,Clothing,105.13,3,Debit Card,5,Sep,Sunday,315.39
3859,2025-12-29,Electronics,73.92,3,Credit Card,1,Dec,Monday,221.76
3860,2025-01-21,Sports,488.05,3,UPI,1,Jan,Tuesday,1464.15
3861,2025-07-15,Home & Kitchen,435.48,3,Debit Card,4,Jul,Tuesday,1306.44
3862,2025-06-27,Beauty,447.69,1,PayPal,2,Jun,Friday,447.69
3863,2025-01-07,Clothing,444.32,3,Debit Card,4,Jan,Tuesday,1332.96
3864,2025-03-11,Electronics,275.43,2,Debit Card,3,Mar,Tuesday,550.86
3865,2025-05-07,Clothing,326.74,5,Debit Card,5,May,Wednesday,1633.7
3866,2025-06-09,Beauty,277.23,1,Credit Card,5,Jun,Monday,277.23
3867,2025-09-05,Electronics,35.09,3,UPI,5,Sep,Friday,105.27000000000001
3868,2025-07-22,Beauty,375.3,5,Credit Card,5,Jul,Tuesday,1876.5
3869,2025-05-28,Clothing,257.61,1,UPI,2,May,Wednesday,257.61
3870,2025-05-23,Home & Kitchen,327.38,5,Credit Card,3,May,Friday,1636.9
3871,2025-07-18,Clothing,256.29,1,Debit Card,5,Jul,Friday,256.29
3872,2025-06-03,Clothing,250.99,4,UPI,1,Jun,Tuesday,1003.96
3873,2025-05-22,Clothing,94.18,1,Credit Card,3,May,Thursday,94.18
3874,2025-11-09,Sports,146.57,3,Debit Card,2,Nov,Sunday,439.71
3875,2025-06-14,Beauty,87.84,5,PayPal,5,Jun,Saturday,439.20000000000005
3876,2025-11-10,Beauty,105.88,5,Credit Card,2,Nov,Monday,529.4
3877,2025-01-21,Beauty,486.76,5,Credit Card,5,Jan,Tuesday,2433.8
3878,2025-03-23,Sports,85.03,2,PayPal,1,Mar,Sunday,170.06
3879,2025-03-10,Home & Kitchen,141.94,2,Credit Card,3,Mar,Monday,283.88
3880,2025-05-11,Clothing,299.39,3,PayPal,1,May,Sunday,898.17
3881,2025-03-28,Home & Kitchen,308.99,4,UPI,5,Mar,Friday,1235.96
3882,2025-08-06,Sports,85.45,2,PayPal,4,Aug,Wednesday,170.9
3883,2025-11-01,Beauty,398.92,1,Debit Card,3,Nov,Saturday,398.92
3884,2025-12-11,Clothing,394.75,3,PayPal,2,Dec,Thursday,1184.25
3885,2025-12-07,Electronics,126.29,4,UPI,5,Dec,Sunday,505.16
3886,2025-06-10,Electronics,151.45,1,PayPal,1,Jun,Tuesday,151.45
3887,2025-06-27,Home & Kitchen,469.61,5,PayPal,4,Jun,Friday,2348.05
3888,2025-04-27,Beauty,414.58,2,UPI,5,Apr,Sunday,829.16
3889,2025-07-15,Electronics,351.92,1,Credit Card,2,Jul,Tuesday,351.92
3890,2025-11-23,Home & Kitchen,50.29,4,Credit Card,1,Nov,Sunday,201.16
3891,2025-03-27,Sports,214.95,3,Debit Card,3,Mar,Thursday,644.8499999999999
3892,2025-10-16,Home & Kitchen,284.06,1,Debit Card,4,Oct,Thursday,284.06
3893,2025-03-22,Home & Kitchen,101.83,3,PayPal,5,Mar,Saturday,305.49
3894,2025-06-01,Home & Kitchen,229.63,5,Credit Card,5,Jun,Sunday,1148.15
3895,2025-03-02,Clothing,304.5,4,Credit Card,5,Mar,Sunday,1218.0
3896,2025-03-02,Home & Kitchen,170.41,4,PayPal,5,Mar,Sunday,681.64
3897,2025-12-20,Home & Kitchen,392.66,2,UPI,1,Dec,Saturday,785.32
3898,2025-01-28,Clothing,421.82,4,Credit Card,3,Jan,Tuesday,1687.28
3899,2025-02-12,Clothing,168.57,1,Debit Card,2,Feb,Wednesday,168.57
3900,2025-06-18,Sports,420.94,1,PayPal,4,Jun,Wednesday,420.94
3901,2025-03-27,Beauty,60.75,1,UPI,5,Mar,Thursday,60.75
3902,2025-06-26,Electronics,420.49,5,Debit Card,5,Jun,Thursday,2102.45
3903,2025-01-17,Electronics,84.85,4,Credit Card,3,Jan,Friday,339.4
3904,2025-04-08,Home & Kitchen,50.63,4,UPI,3,Apr,Tuesday,202.52
3905,2025-07-17,Sports,324.47,1,Debit Card,1,Jul,Thursday,324.47
3906,2025-04-08,Home & Kitchen,241.25,2,PayPal,1,Apr,Tuesday,482.5
3907,2025-03-06,Electronics,454.87,2,UPI,1,Mar,Thursday,909.74
3908,2025-11-26,Clothing,187.96,4,UPI,4,Nov,Wednesday,751.84
3909,2025-12-07,Beauty,150.7,4,PayPal,1,Dec,Sunday,602.8
3910,2025-01-05,Sports,255.36,3,Credit Card,5,Jan,Sunday,766.08
3911,2025-01-02,Clothing,233.41,4,Credit Card,1,Jan,Thursday,933.64
3912,2025-01-22,Beauty,178.77,1,UPI,4,Jan,Wednesday,178.77
3913,2025-04-22,Sports,349.93,5,UPI,1,Apr,Tuesday,1749.65
3914,2025-02-26,Sports,382.19,4,UPI,1,Feb,Wednesday,1528.76
3915,2025-03-07,Electronics,427.96,4,Debit Card,5,Mar,Friday,1711.84
3916,2025-11-26,Clothing,486.7,1,UPI,5,Nov,Wednesday,486.7
3917,2025-04-08,Sports,140.66,3,Credit Card,5,Apr,Tuesday,421.98
3918,2025-05-24,Sports,360.89,4,PayPal,1,May,Saturday,1443.56
3919,2025-05-05,Beauty,203.19,2,PayPal,5,May,Monday,406.38
3920,2025-06-16,Electronics,341.77,2,PayPal,3,Jun,Monday,683.54
3921,2025-03-27,Home & Kitchen,243.23,2,UPI,2,Mar,Thursday,486.46
3922,2025-03-17,Electronics,496.95,5,UPI,2,Mar,Monday,2484.75
3923,2025-12-10,Home & Kitchen,367.16,5,PayPal,5,Dec,Wednesday,1835.8000000000002
3924,2025-10-21,Clothing,476.72,4,Debit Card,4,Oct,Tuesday,1906.88
3925,2025-02-28,Clothing,419.14,4,Debit Card,5,Feb,Friday,1676.56
3926,2025-05-18,Sports,452.42,4,Debit Card,5,May,Sunday,1809.68
3927,2025-04-09,Clothing,409.07,5,Debit Card,1,Apr,Wednesday,2045.35
3928,2025-07-11,Sports,234.99,4,Credit Card,4,Jul,Friday,939.96
3929,2025-08-31,Electronics,133.38,1,PayPal,5,Aug,Sunday,133.38
3930,2025-11-15,Clothing,191.46,3,Credit Card,3,Nov,Saturday,574.38
3931,2025-02-18,Electronics,19.92,2,UPI,2,Feb,Tuesday,39.84
3932,2025-02-01,Electronics,266.76,2,Debit Card,3,Feb,Saturday,533.52
3933,2025-10-04,Clothing,257.48,1,Debit Card,3,Oct,Saturday,257.48
3934,2025-01-20,Electronics,267.37,4,PayPal,3,Jan,Monday,1069.48
3935,2025-06-03,Clothing,487.28,5,Debit Card,4,Jun,Tuesday,2436.3999999999996
3936,2025-03-09,Clothing,456.61,4,PayPal,4,Mar,Sunday,1826.44
3937,2025-08-02,Clothing,89.24,4,UPI,4,Aug,Saturday,356.96
3938,2025-05-23,Home & Kitchen,190.75,2,Debit Card,2,May,Friday,381.5
3939,2025-08-20,Electronics,217.74,2,Debit Card,1,Aug,Wednesday,435.48
3940,2025-08-01,Beauty,186.66,5,Credit Card,5,Aug,Friday,933.3
3941,2025-03-20,Clothing,401.26,2,PayPal,5,Mar,Thursday,802.52
3942,2025-08-02,Electronics,266.78,4,PayPal,1,Aug,Saturday,1067.12
3943,2025-04-26,Sports,290.33,1,Debit Card,5,Apr,Saturday,290.33
3944,2025-04-02,Clothing,427.98,5,Credit Card,3,Apr,Wednesday,2139.9
3945,2025-09-27,Clothing,404.9,1,Debit Card,2,Sep,Saturday,404.9
3946,2025-06-17,Beauty,74.78,4,PayPal,5,Jun,Tuesday,299.12
3947,2025-02-27,Home & Kitchen,359.82,5,PayPal,2,Feb,Thursday,1799.1
3948,2025-10-11,Home & Kitchen,223.36,1,Debit Card,1,Oct,Saturday,223.36
3949,2025-01-26,Clothing,154.38,5,UPI,5,Jan,Sunday,771.9
3950,2025-03-07,Electronics,34.51,4,Debit Card,2,Mar,Friday,138.04
3951,2025-09-05,Sports,248.75,5,Credit Card,3,Sep,Friday,1243.75
3952,2025-09-11,Sports,184.16,4,PayPal,3,Sep,Thursday,736.64
3953,2025-02-13,Electronics,133.24,5,PayPal,1,Feb,Thursday,666.2
3954,2025-04-07,Clothing,350.39,5,Debit Card,4,Apr,Monday,1751.9499999999998
3955,2025-02-11,Sports,387.05,2,UPI,5,Feb,Tuesday,774.1
3956,2025-08-15,Home & Kitchen,129.95,4,PayPal,3,Aug,Friday,519.8
3957,2025-09-19,Electronics,34.23,3,Debit Card,3,Sep,Friday,102.69
3958,2025-06-16,Beauty,425.89,5,UPI,1,Jun,Monday,2129.45
3959,2025-10-06,Clothing,14.88,1,Debit Card,3,Oct,Monday,14.88
3960,2025-03-30,Electronics,469.19,2,Debit Card,5,Mar,Sunday,938.38
3961,2025-06-27,Sports,317.53,2,Debit Card,1,Jun,Friday,635.06
3962,2025-07-16,Clothing,167.7,5,PayPal,2,Jul,Wednesday,838.5
3963,2025-11-03,Home & Kitchen,130.77,3,UPI,1,Nov,Monday,392.31000000000006
3964,2025-09-24,Clothing,14.41,2,Credit Card,5,Sep,Wednesday,28.82
3965,2025-09-25,Clothing,125.38,4,Credit Card,5,Sep,Thursday,501.52
3966,2025-03-15,Home & Kitchen,77.49,5,PayPal,2,Mar,Saturday,387.45
3967,2025-01-08,Home & Kitchen,309.96,5,PayPal,1,Jan,Wednesday,1549.8
3968,2025-10-24,Clothing,91.61,3,Debit Card,5,Oct,Friday,274.83
3969,2025-06-13,Home & Kitchen,269.03,4,Debit Card,5,Jun,Friday,1076.12
3970,2025-03-26,Electronics,299.16,4,UPI,2,Mar,Wednesday,1196.64
3971,2025-03-13,Home & Kitchen,156.04,3,Debit Card,4,Mar,Thursday,468.12
3972,2025-02-24,Home & Kitchen,27.18,1,UPI,1,Feb,Monday,27.18
3973,2025-02-16,Clothing,28.25,4,Debit Card,5,Feb,Sunday,113.0
3974,2025-08-26,Electronics,22.91,1,Debit Card,3,Aug,Tuesday,22.91
3975,2025-04-14,Beauty,372.17,1,Credit Card,2,Apr,Monday,372.17
3976,2025-07-29,Beauty,165.82,5,PayPal,4,Jul,Tuesday,829.0999999999999
3977,2025-02-11,Sports,400.19,5,UPI,4,Feb,Tuesday,2000.95
3978,2025-11-12,Home & Kitchen,221.55,2,Credit Card,2,Nov,Wednesday,443.1
3979,2025-09-25,Home & Kitchen,231.97,5,Debit Card,4,Sep,Thursday,1159.85
3980,2025-09-20,Electronics,261.31,4,Credit Card,5,Sep,Saturday,1045.24
3981,2025-12-02,Beauty,359.39,4,UPI,4,Dec,Tuesday,1437.56
3982,2025-12-31,Sports,144.02,1,PayPal,1,Dec,Wednesday,144.02
3983,2025-09-16,Electronics,69.58,4,Credit Card,3,Sep,Tuesday,278.32
3984,2025-10-10,Home & Kitchen,282.47,5,UPI,5,Oct,Friday,1412.3500000000001
3985,2025-04-24,Beauty,170.22,5,Debit Card,2,Apr,Thursday,851.1
3986,2025-12-29,Sports,226.82,5,Credit Card,3,Dec,Monday,1134.1
3987,2025-02-09,Clothing,327.0,3,PayPal,5,Feb,Sunday,981.0
3988,2025-08-08,Beauty,252.12,4,UPI,3,Aug,Friday,1008.48
3989,2025-05-09,Sports,313.94,2,PayPal,4,May,Friday,627.88
3990,2025-01-08,Electronics,276.66,4,Debit Card,2,Jan,Wednesday,1106.64
3991,2025-04-11,Clothing,372.5,4,PayPal,2,Apr,Friday,1490.0
3992,2025-06-25,Sports,355.91,3,Debit Card,1,Jun,Wednesday,1067.73
3993,2025-04-17,Sports,271.75,4,Debit Card,4,Apr,Thursday,1087.0
3994,2025-04-11,Home & Kitchen,342.66,1,Credit Card,1,Apr,Friday,342.66
3995,2025-09-17,Beauty,438.04,5,Debit Card,1,Sep,Wednesday,2190.2000000000003
3996,2025-09-03,Home & Kitchen,221.81,5,PayPal,4,Sep,Wednesday,1109.05
3997,2025-10-02,Clothing,212.25,3,Credit Card,5,Oct,Thursday,636.75
3998,2025-02-01,Sports,384.48,5,Debit Card,1,Feb,Saturday,1922.4
3999,2025-05-17,Home & Kitchen,295.45,1,UPI,3,May,Saturday,295.45
4000,2025-01-12,Beauty,44.79,3,UPI,5,Jan,Sunday,134.37
4001,2025-10-29,Clothing,447.13,2,Debit Card,4,Oct,Wednesday,894.26
4002,2025-01-16,Electronics,25.08,5,Credit Card,2,Jan,Thursday,125.39999999999999
4003,2025-05-09,Home & Kitchen,376.71,4,Credit Card,5,May,Friday,1506.84
4004,2025-03-04,Clothing,381.81,1,Credit Card,1,Mar,Tuesday,381.81
4005,2025-04-19,Electronics,477.02,1,PayPal,3,Apr,Saturday,477.02
4006,2025-01-21,Home & Kitchen,36.53,5,UPI,4,Jan,Tuesday,182.65
4007,2025-06-07,Clothing,302.46,2,Debit Card,2,Jun,Saturday,604.92
4008,2025-09-26,Clothing,219.64,4,Debit Card,3,Sep,Friday,878.56
4009,2025-06-11,Home & Kitchen,172.01,2,UPI,2,Jun,Wednesday,344.02
4010,2025-09-17,Clothing,54.26,2,PayPal,4,Sep,Wednesday,108.52
4011,2025-04-12,Sports,285.7,5,Credit Card,5,Apr,Saturday,1428.5
4012,2025-08-11,Home & Kitchen,244.73,4,UPI,1,Aug,Monday,978.92
4013,2025-02-28,Clothing,61.23,5,Debit Card,4,Feb,Friday,306.15
4014,2025-09-04,Electronics,310.12,5,PayPal,3,Sep,Thursday,1550.6
4015,2025-05-08,Electronics,371.6,1,Debit Card,5,May,Thursday,371.6
4016,2025-10-10,Sports,385.97,5,Credit Card,2,Oct,Friday,1929.8500000000001
4017,2025-11-21,Home & Kitchen,453.63,3,UPI,5,Nov,Friday,1360.8899999999999
4018,2025-01-25,Clothing,210.64,4,Credit Card,5,Jan,Saturday,842.56
4019,2025-05-11,Clothing,477.01,1,PayPal,3,May,Sunday,477.01
4020,2025-12-19,Electronics,434.06,4,UPI,1,Dec,Friday,1736.24
4021,2025-07-15,Sports,155.29,1,Credit Card,5,Jul,Tuesday,155.29
4022,2025-10-08,Electronics,88.05,3,Credit Card,5,Oct,Wednesday,264.15
4023,2025-06-03,Electronics,223.34,5,Credit Card,1,Jun,Tuesday,1116.7
4024,2025-05-13,Sports,206.93,1,PayPal,1,May,Tuesday,206.93
4025,2025-08-15,Home & Kitchen,292.1,1,Credit Card,2,Aug,Friday,292.1
4026,2025-07-08,Clothing,295.86,1,Debit Card,2,Jul,Tuesday,295.86
4027,2025-09-22,Home & Kitchen,377.49,3,UPI,1,Sep,Monday,1132.47
4028,2025-05-14,Beauty,259.85,4,UPI,4,May,Wednesday,1039.4
4029,2025-07-30,Beauty,61.36,3,Credit Card,1,Jul,Wednesday,184.07999999999998
4030,2025-03-01,Beauty,430.56,1,PayPal,2,Mar,Saturday,430.56
4031,2025-12-30,Sports,161.78,1,Debit Card,3,Dec,Tuesday,161.78
4032,2025-12-30,Electronics,485.94,5,Debit Card,3,Dec,Tuesday,2429.7
4033,2025-08-01,Home & Kitchen,67.75,3,UPI,5,Aug,Friday,203.25
4034,2025-08-04,Clothing,479.54,3,UPI,3,Aug,Monday,1438.6200000000001
4035,2025-08-14,Beauty,54.6,2,Debit Card,2,Aug,Thursday,109.2
4036,2025-05-11,Home & Kitchen,123.21,4,UPI,3,May,Sunday,492.84
4037,2025-03-17,Beauty,32.82,2,Credit Card,4,Mar,Monday,65.64
4038,2025-10-13,Beauty,355.51,2,Debit Card,1,Oct,Monday,711.02
4039,2025-10-04,Clothing,426.65,4,UPI,1,Oct,Saturday,1706.6
4040,2025-06-05,Sports,222.69,5,Credit Card,2,Jun,Thursday,1113.45
4041,2025-09-05,Electronics,464.98,5,Credit Card,5,Sep,Friday,2324.9
4042,2025-08-06,Sports,299.25,4,Debit Card,1,Aug,Wednesday,1197.0
4043,2025-07-09,Home & Kitchen,318.7,4,Credit Card,3,Jul,Wednesday,1274.8
4044,2025-06-12,Sports,424.26,3,Debit Card,4,Jun,Thursday,1272.78
4045,2025-06-29,Home & Kitchen,155.43,3,Credit Card,5,Jun,Sunday,466.29
4046,2025-02-03,Home & Kitchen,183.59,3,Debit Card,5,Feb,Monday,550.77
4047,2025-02-10,Electronics,453.92,3,Debit Card,5,Feb,Monday,1361.76
4048,2025-11-03,Clothing,451.47,1,Debit Card,1,Nov,Monday,451.47
4049,2025-12-04,Electronics,488.48,1,Debit Card,5,Dec,Thursday,488.48
4050,2025-11-10,Sports,451.9,5,Credit Card,2,Nov,Monday,2259.5
4051,2025-03-16,Home & Kitchen,72.41,1,Debit Card,3,Mar,Sunday,72.41
4052,2025-10-06,Beauty,413.62,1,UPI,4,Oct,Monday,413.62
4053,2025-06-25,Beauty,210.82,3,Credit Card,3,Jun,Wednesday,632.46
4054,2025-05-30,Home & Kitchen,495.49,3,Debit Card,2,May,Friday,1486.47
4055,2025-09-30,Electronics,241.42,4,Credit Card,2,Sep,Tuesday,965.68
4056,2025-11-21,Clothing,281.38,3,Credit Card,3,Nov,Friday,844.14
4057,2025-04-18,Electronics,269.59,4,Credit Card,1,Apr,Friday,1078.36
4058,2025-05-19,Home & Kitchen,167.65,4,Credit Card,2,May,Monday,670.6
4059,2025-12-16,Home & Kitchen,46.76,1,Debit Card,5,Dec,Tuesday,46.76
4060,2025-09-28,Clothing,448.87,3,Credit Card,4,Sep,Sunday,1346.6100000000001
4061,2025-12-13,Sports,403.31,1,UPI,4,Dec,Saturday,403.31
4062,2025-10-16,Sports,78.37,3,Credit Card,2,Oct,Thursday,235.11
4063,2025-07-31,Clothing,390.62,1,Credit Card,5,Jul,Thursday,390.62
4064,2025-09-29,Sports,316.66,1,UPI,3,Sep,Monday,316.66
4065,2025-03-07,Beauty,210.48,1,Debit Card,4,Mar,Friday,210.48
4066,2025-09-05,Sports,134.47,5,UPI,5,Sep,Friday,672.35
4067,2025-06-05,Sports,431.27,1,PayPal,5,Jun,Thursday,431.27
4068,2025-02-16,Sports,353.09,2,UPI,1,Feb,Sunday,706.18
4069,2025-07-20,Beauty,278.39,2,Debit Card,2,Jul,Sunday,556.78
4070,2025-05-28,Sports,308.69,2,UPI,5,May,Wednesday,617.38
4071,2025-05-04,Beauty,54.62,4,Credit Card,3,May,Sunday,218.48
4072,2025-01-01,Clothing,242.22,1,Debit Card,4,Jan,Wednesday,242.22
4073,2025-09-04,Electronics,104.91,2,PayPal,1,Sep,Thursday,209.82
4074,2025-12-09,Clothing,112.11,4,Debit Card,3,Dec,Tuesday,448.44
4075,2025-05-08,Electronics,334.04,2,Credit Card,4,May,Thursday,668.08
4076,2025-07-10,Clothing,456.52,3,PayPal,2,Jul,Thursday,1369.56
4077,2025-03-08,Electronics,207.84,5,Debit Card,3,Mar,Saturday,1039.2
4078,2025-01-04,Electronics,111.8,1,Debit Card,4,Jan,Saturday,111.8
4079,2025-10-30,Home & Kitchen,327.89,5,Credit Card,1,Oct,Thursday,1639.4499999999998
4080,2025-10-21,Electronics,436.88,5,UPI,4,Oct,Tuesday,2184.4
4081,2025-05-23,Electronics,376.68,3,UPI,5,May,Friday,1130.04
4082,2025-07-10,Home & Kitchen,435.69,3,PayPal,1,Jul,Thursday,1307.07
4083,2025-01-21,Sports,272.91,3,Credit Card,3,Jan,Tuesday,818.73
4084,2025-08-15,Sports,378.42,4,Credit Card,2,Aug,Friday,1513.68
4085,2025-11-09,Home & Kitchen,78.63,2,UPI,1,Nov,Sunday,157.26
4086,2025-04-27,Beauty,180.65,1,UPI,1,Apr,Sunday,180.65
4087,2025-10-29,Electronics,200.88,3,PayPal,1,Oct,Wednesday,602.64
4088,2025-05-22,Electronics,260.53,1,UPI,4,May,Thursday,260.53
4089,2025-02-08,Home & Kitchen,465.25,1,PayPal,5,Feb,Saturday,465.25
4090,2025-12-21,Home & Kitchen,438.41,1,Debit Card,2,Dec,Sunday,438.41
4091,2025-09-09,Beauty,75.92,3,PayPal,2,Sep,Tuesday,227.76
4092,2025-11-29,Sports,94.67,3,PayPal,5,Nov,Saturday,284.01
4093,2025-07-26,Clothing,185.24,2,PayPal,4,Jul,Saturday,370.48
4094,2025-07-29,Sports,152.46,3,Debit Card,4,Jul,Tuesday,457.38
4095,2025-04-25,Electronics,311.24,3,UPI,5,Apr,Friday,933.72
4096,2025-08-13,Home & Kitchen,452.36,1,PayPal,5,Aug,Wednesday,452.36
4097,2025-05-14,Beauty,481.52,2,UPI,3,May,Wednesday,963.04
4098,2025-09-08,Sports,330.27,5,PayPal,4,Sep,Monday,1651.35
4099,2025-08-07,Beauty,420.7,3,UPI,1,Aug,Thursday,1262.1
4100,2025-04-01,Sports,267.35,3,PayPal,2,Apr,Tuesday,802.0500000000001
4101,2025-12-20,Electronics,112.08,5,UPI,4,Dec,Saturday,560.4
4102,2025-02-15,Clothing,267.1,1,Credit Card,5,Feb,Saturday,267.1
4103,2025-02-07,Beauty,281.99,2,Debit Card,1,Feb,Friday,563.98
4104,2025-05-22,Beauty,373.8,1,PayPal,3,May,Thursday,373.8
4105,2025-04-10,Clothing,117.74,4,Debit Card,3,Apr,Thursday,470.96
4106,2025-11-24,Beauty,190.47,3,PayPal,1,Nov,Monday,571.41
4107,2025-07-09,Beauty,188.37,4,Credit Card,1,Jul,Wednesday,753.48
4108,2025-02-04,Sports,480.13,3,Credit Card,5,Feb,Tuesday,1440.3899999999999
4109,2025-05-27,Sports,227.53,4,Debit Card,5,May,Tuesday,910.12
4110,2025-01-30,Clothing,380.0,5,PayPal,2,Jan,Thursday,1900.0
4111,2025-11-30,Electronics,377.9,3,UPI,2,Nov,Sunday,1133.6999999999998
4112,2025-03-25,Beauty,140.12,3,PayPal,3,Mar,Tuesday,420.36
4113,2025-10-08,Electronics,290.22,4,UPI,1,Oct,Wednesday,1160.88
4114,2025-12-10,Clothing,448.21,2,Debit Card,3,Dec,Wednesday,896.42
4115,2025-09-27,Clothing,242.85,4,Debit Card,5,Sep,Saturday,971.4
4116,2025-06-03,Sports,473.11,3,Credit Card,4,Jun,Tuesday,1419.33
4117,2025-04-12,Beauty,115.08,3,UPI,5,Apr,Saturday,345.24
4118,2025-08-03,Home & Kitchen,46.34,2,PayPal,4,Aug,Sunday,92.68
4119,2025-05-30,Clothing,446.81,1,Credit Card,1,May,Friday,446.81
4120,2025-03-24,Beauty,425.36,2,Debit Card,1,Mar,Monday,850.72
4121,2025-04-20,Electronics,496.37,1,Credit Card,1,Apr,Sunday,496.37
4122,2025-10-02,Sports,342.9,3,PayPal,2,Oct,Thursday,1028.6999999999998
4123,2025-07-20,Electronics,468.98,5,PayPal,2,Jul,Sunday,2344.9
4124,2025-10-11,Clothing,415.21,5,Debit Card,4,Oct,Saturday,2076.0499999999997
4125,2025-06-22,Clothing,423.77,4,Credit Card,3,Jun,Sunday,1695.08
4126,2025-11-23,Electronics,288.88,2,UPI,3,Nov,Sunday,577.76
4127,2025-07-25,Clothing,197.36,2,UPI,4,Jul,Friday,394.72
4128,2025-03-04,Beauty,467.93,5,UPI,2,Mar,Tuesday,2339.65
4129,2025-03-14,Clothing,221.74,1,PayPal,5,Mar,Friday,221.74
4130,2025-09-08,Sports,274.02,2,Credit Card,4,Sep,Monday,548.04
4131,2025-05-04,Beauty,228.6,1,UPI,3,May,Sunday,228.6
4132,2025-05-01,Home & Kitchen,286.76,1,Credit Card,4,May,Thursday,286.76
4133,2025-10-02,Clothing,240.55,1,Debit Card,4,Oct,Thursday,240.55
4134,2025-04-30,Clothing,33.5,1,UPI,1,Apr,Wednesday,33.5
4135,2025-11-13,Sports,442.2,4,Credit Card,2,Nov,Thursday,1768.8
4136,2025-06-13,Sports,227.75,4,PayPal,1,Jun,Friday,911.0
4137,2025-10-13,Electronics,298.58,5,Debit Card,2,Oct,Monday,1492.8999999999999
4138,2025-09-22,Electronics,78.2,4,Debit Card,4,Sep,Monday,312.8
4139,2025-11-16,Electronics,11.66,2,Debit Card,2,Nov,Sunday,23.32
4140,2025-06-10,Sports,130.19,4,Debit Card,3,Jun,Tuesday,520.76
4141,2025-11-04,Electronics,355.25,2,PayPal,1,Nov,Tuesday,710.5
4142,2025-03-30,Electronics,58.61,2,PayPal,4,Mar,Sunday,117.22
4143,2025-05-22,Home & Kitchen,455.35,1,UPI,3,May,Thursday,455.35
4144,2025-07-22,Electronics,115.36,5,PayPal,2,Jul,Tuesday,576.8
4145,2025-11-05,Clothing,110.25,1,PayPal,2,Nov,Wednesday,110.25
4146,2025-08-15,Sports,98.94,1,Debit Card,3,Aug,Friday,98.94
4147,2025-11-30,Beauty,16.85,4,PayPal,2,Nov,Sunday,67.4
4148,2025-08-10,Home & Kitchen,388.18,4,Debit Card,1,Aug,Sunday,1552.72
4149,2025-02-10,Sports,438.77,2,Credit Card,5,Feb,Monday,877.54
4150,2025-07-15,Sports,310.94,4,Credit Card,2,Jul,Tuesday,1243.76
4151,2025-03-09,Clothing,102.22,4,Credit Card,4,Mar,Sunday,408.88
4152,2025-09-21,Electronics,149.79,3,Credit Card,2,Sep,Sunday,449.37
4153,2025-01-02,Clothing,243.2,2,Credit Card,4,Jan,Thursday,486.4
4154,2025-12-27,Electronics,477.63,2,Credit Card,2,Dec,Saturday,955.26
4155,2025-05-05,Electronics,131.2,3,Credit Card,2,May,Monday,393.59999999999997
4156,2025-04-20,Sports,368.51,2,Debit Card,4,Apr,Sunday,737.02
4157,2025-03-27,Electronics,225.33,5,Debit Card,1,Mar,Thursday,1126.65
4158,2025-04-30,Home & Kitchen,155.95,5,Debit Card,5,Apr,Wednesday,779.75
4159,2025-05-07,Home & Kitchen,233.4,3,Debit Card,5,May,Wednesday,700.2
4160,2025-09-12,Home & Kitchen,44.89,4,PayPal,1,Sep,Friday,179.56
4161,2025-07-02,Sports,401.36,5,PayPal,2,Jul,Wednesday,2006.8000000000002
4162,2025-01-16,Clothing,129.22,3,UPI,5,Jan,Thursday,387.65999999999997
4163,2025-03-03,Beauty,365.45,5,PayPal,1,Mar,Monday,1827.25
4164,2025-06-07,Electronics,43.49,1,Debit Card,1,Jun,Saturday,43.49
4165,2025-09-25,Beauty,478.0,3,Debit Card,5,Sep,Thursday,1434.0
4166,2025-02-04,Clothing,104.58,2,Credit Card,4,Feb,Tuesday,209.16
4167,2025-09-24,Clothing,442.54,5,Credit Card,3,Sep,Wednesday,2212.7000000000003
4168,2025-03-05,Sports,406.64,2,UPI,4,Mar,Wednesday,813.28
4169,2025-02-19,Home & Kitchen,484.25,3,PayPal,2,Feb,Wednesday,1452.75
4170,2025-09-12,Home & Kitchen,244.17,5,Debit Card,4,Sep,Friday,1220.85
4171,2025-05-29,Clothing,366.42,2,PayPal,3,May,Thursday,732.84
4172,2025-11-21,Sports,191.65,4,UPI,3,Nov,Friday,766.6
4173,2025-10-31,Sports,100.34,4,Credit Card,1,Oct,Friday,401.36
4174,2025-10-03,Electronics,227.11,1,Debit Card,2,Oct,Friday,227.11
4175,2025-12-23,Home & Kitchen,91.22,3,Credit Card,1,Dec,Tuesday,273.65999999999997
4176,2025-06-21,Clothing,491.2,2,Debit Card,4,Jun,Saturday,982.4
4177,2025-07-20,Beauty,57.16,1,Credit Card,4,Jul,Sunday,57.16
4178,2025-11-20,Home & Kitchen,298.71,3,Credit Card,5,Nov,Thursday,896.1299999999999
4179,2025-02-04,Electronics,316.97,4,UPI,1,Feb,Tuesday,1267.88
4180,2025-08-04,Sports,273.66,2,PayPal,1,Aug,Monday,547.32
4181,2025-03-06,Clothing,334.47,5,Credit Card,1,Mar,Thursday,1672.3500000000001
4182,2025-01-08,Home & Kitchen,66.93,4,Debit Card,1,Jan,Wednesday,267.72
4183,2025-10-28,Beauty,281.96,5,PayPal,3,Oct,Tuesday,1409.8
4184,2025-12-09,Electronics,150.73,5,PayPal,5,Dec,Tuesday,753.65
4185,2025-11-28,Electronics,470.69,2,Credit Card,2,Nov,Friday,941.38
4186,2025-03-17,Home & Kitchen,383.42,2,Credit Card,2,Mar,Monday,766.84
4187,2025-06-23,Beauty,486.53,5,Credit Card,2,Jun,Monday,2432.6499999999996
4188,2025-02-16,Electronics,28.4,1,PayPal,3,Feb,Sunday,28.4
4189,2025-01-15,Clothing,149.72,5,UPI,5,Jan,Wednesday,748.6
4190,2025-12-27,Electronics,105.76,5,Credit Card,5,Dec,Saturday,528.8000000000001
4191,2025-05-27,Beauty,15.47,2,PayPal,3,May,Tuesday,30.94
4192,2025-01-26,Sports,128.74,3,PayPal,1,Jan,Sunday,386.22
4193,2025-11-04,Sports,342.6,4,Debit Card,4,Nov,Tuesday,1370.4
4194,2025-04-03,Home & Kitchen,123.23,2,Credit Card,1,Apr,Thursday,246.46
4195,2025-08-20,Beauty,259.41,1,UPI,2,Aug,Wednesday,259.41
4196,2025-01-21,Electronics,445.03,4,Debit Card,1,Jan,Tuesday,1780.12
4197,2025-11-03,Electronics,349.94,2,Credit Card,3,Nov,Monday,699.88
4198,2025-02-07,Sports,203.37,2,Debit Card,2,Feb,Friday,406.74
4199,2025-10-03,Sports,192.51,3,Credit Card,4,Oct,Friday,577.53
4200,2025-06-06,Clothing,233.31,1,Debit Card,2,Jun,Friday,233.31
4201,2025-06-28,Sports,96.75,1,UPI,1,Jun,Saturday,96.75
4202,2025-05-12,Clothing,320.66,2,Debit Card,5,May,Monday,641.32
4203,2025-11-07,Electronics,188.43,3,Debit Card,5,Nov,Friday,565.29
4204,2025-12-14,Clothing,427.66,2,Debit Card,5,Dec,Sunday,855.32
4205,2025-01-28,Clothing,380.71,5,Credit Card,2,Jan,Tuesday,1903.55
4206,2025-09-17,Home & Kitchen,309.15,5,Credit Card,5,Sep,Wednesday,1545.75
4207,2025-03-17,Sports,188.46,3,UPI,3,Mar,Monday,565.38
4208,2025-03-08,Clothing,112.87,2,Debit Card,4,Mar,Saturday,225.74
4209,2025-12-08,Electronics,390.31,3,PayPal,5,Dec,Monday,1170.93
4210,2025-07-13,Beauty,248.34,2,Debit Card,3,Jul,Sunday,496.68
4211,2025-06-11,Clothing,120.13,2,PayPal,3,Jun,Wednesday,240.26
4212,2025-12-13,Sports,105.64,5,PayPal,2,Dec,Saturday,528.2
4213,2025-12-27,Home & Kitchen,91.05,4,Debit Card,2,Dec,Saturday,364.2
4214,2025-09-14,Electronics,390.81,1,PayPal,4,Sep,Sunday,390.81
4215,2025-03-13,Home & Kitchen,122.2,1,PayPal,4,Mar,Thursday,122.2
4216,2025-03-28,Beauty,268.05,3,Debit Card,1,Mar,Friday,804.1500000000001
4217,2025-09-19,Clothing,231.26,1,Credit Card,4,Sep,Friday,231.26
4218,2025-08-02,Clothing,294.01,5,Debit Card,2,Aug,Saturday,1470.05
4219,2025-06-02,Sports,439.81,4,UPI,3,Jun,Monday,1759.24
4220,2025-07-29,Clothing,435.2,2,PayPal,1,Jul,Tuesday,870.4
4221,2025-03-02,Electronics,231.03,2,UPI,4,Mar,Sunday,462.06
4222,2025-09-25,Beauty,17.53,5,PayPal,3,Sep,Thursday,87.65
4223,2025-09-19,Home & Kitchen,218.96,1,Credit Card,2,Sep,Friday,218.96
4224,2025-08-06,Beauty,307.03,2,PayPal,5,Aug,Wednesday,614.06
4225,2025-10-10,Clothing,283.3,1,Debit Card,1,Oct,Friday,283.3
4226,2025-05-16,Home & Kitchen,329.15,5,PayPal,3,May,Friday,1645.75
4227,2025-12-28,Sports,85.5,2,UPI,2,Dec,Sunday,171.0
4228,2025-04-03,Beauty,326.8,3,Debit Card,2,Apr,Thursday,980.4000000000001
4229,2025-04-19,Home & Kitchen,99.5,4,UPI,1,Apr,Saturday,398.0
4230,2025-08-29,Home & Kitchen,377.76,1,Credit Card,1,Aug,Friday,377.76
4231,2025-12-21,Home & Kitchen,176.15,1,UPI,4,Dec,Sunday,176.15
4232,2025-05-22,Electronics,357.85,1,UPI,4,May,Thursday,357.85
4233,2025-10-18,Beauty,33.45,1,UPI,1,Oct,Saturday,33.45
4234,2025-08-25,Home & Kitchen,209.85,5,Debit Card,1,Aug,Monday,1049.25
4235,2025-12-06,Beauty,355.47,5,Credit Card,3,Dec,Saturday,1777.3500000000001
4236,2025-11-08,Home & Kitchen,121.17,5,Credit Card,4,Nov,Saturday,605.85
4237,2025-06-26,Sports,399.69,5,Credit Card,2,Jun,Thursday,1998.45
4238,2025-05-21,Sports,319.08,2,UPI,4,May,Wednesday,638.16
4239,2025-07-08,Sports,297.91,5,Debit Card,4,Jul,Tuesday,1489.5500000000002
4240,2025-02-18,Clothing,183.24,2,Debit Card,1,Feb,Tuesday,366.48
4241,2025-10-29,Home & Kitchen,246.4,3,Debit Card,1,Oct,Wednesday,739.2
4242,2025-07-09,Clothing,302.7,5,UPI,4,Jul,Wednesday,1513.5
4243,2025-05-16,Beauty,241.51,3,Credit Card,5,May,Friday,724.53
4244,2025-02-12,Clothing,352.17,5,UPI,5,Feb,Wednesday,1760.8500000000001
4245,2025-12-19,Beauty,222.51,3,Debit Card,4,Dec,Friday,667.53
4246,2025-03-31,Beauty,109.11,4,UPI,5,Mar,Monday,436.44
4247,2025-10-22,Beauty,114.83,3,PayPal,4,Oct,Wednesday,344.49
4248,2025-12-07,Clothing,12.84,2,Credit Card,1,Dec,Sunday,25.68
4249,2025-09-02,Home & Kitchen,157.47,1,Credit Card,1,Sep,Tuesday,157.47
4250,2025-07-11,Clothing,376.97,3,Debit Card,1,Jul,Friday,1130.91
4251,2025-11-14,Home & Kitchen,399.14,1,UPI,2,Nov,Friday,399.14
4252,2025-04-16,Home & Kitchen,109.21,4,Debit Card,1,Apr,Wednesday,436.84
4253,2025-12-29,Beauty,479.93,4,UPI,1,Dec,Monday,1919.72
4254,2025-11-06,Clothing,256.18,2,PayPal,4,Nov,Thursday,512.36
4255,2025-08-21,Home & Kitchen,459.32,2,Credit Card,5,Aug,Thursday,918.64
4256,2025-09-22,Sports,356.31,3,Credit Card,5,Sep,Monday,1068.93
4257,2025-12-10,Home & Kitchen,363.99,5,UPI,1,Dec,Wednesday,1819.95
4258,2025-02-06,Sports,51.67,4,Credit Card,1,Feb,Thursday,206.68
4259,2025-11-01,Clothing,117.8,1,UPI,1,Nov,Saturday,117.8
4260,2025-02-10,Clothing,14.32,5,Debit Card,4,Feb,Monday,71.6
4261,2025-01-17,Clothing,360.9,4,PayPal,4,Jan,Friday,1443.6
4262,2025-12-10,Home & Kitchen,178.77,3,UPI,4,Dec,Wednesday,536.3100000000001
4263,2025-10-04,Electronics,395.46,4,PayPal,5,Oct,Saturday,1581.84
4264,2025-11-03,Home & Kitchen,176.08,2,Debit Card,2,Nov,Monday,352.16
4265,2025-02-28,Home & Kitchen,411.47,1,Debit Card,5,Feb,Friday,411.47
4266,2025-07-02,Beauty,74.04,1,Debit Card,4,Jul,Wednesday,74.04
4267,2025-02-10,Beauty,94.95,2,UPI,3,Feb,Monday,189.9
4268,2025-02-08,Home & Kitchen,177.03,5,PayPal,2,Feb,Saturday,885.15
4269,2025-07-11,Sports,210.16,2,PayPal,1,Jul,Friday,420.32
4270,2025-09-24,Beauty,180.86,1,Credit Card,5,Sep,Wednesday,180.86
4271,2025-05-27,Home & Kitchen,384.19,3,UPI,2,May,Tuesday,1152.57
4272,2025-11-29,Electronics,57.51,5,Credit Card,3,Nov,Saturday,287.55
4273,2025-05-07,Sports,182.1,4,Credit Card,2,May,Wednesday,728.4
4274,2025-02-15,Clothing,420.25,3,UPI,5,Feb,Saturday,1260.75
4275,2025-02-14,Home & Kitchen,42.73,5,Credit Card,4,Feb,Friday,213.64999999999998
4276,2025-01-01,Home & Kitchen,471.75,1,Credit Card,1,Jan,Wednesday,471.75
4277,2025-06-17,Sports,493.3,1,Credit Card,4,Jun,Tuesday,493.3
4278,2025-04-18,Beauty,53.4,3,Debit Card,4,Apr,Friday,160.2
4279,2025-01-19,Beauty,152.72,5,UPI,5,Jan,Sunday,763.6
4280,2025-11-28,Beauty,192.48,4,Debit Card,4,Nov,Friday,769.92
4281,2025-03-13,Clothing,390.43,4,Credit Card,4,Mar,Thursday,1561.72
4282,2025-04-19,Sports,302.0,2,Credit Card,5,Apr,Saturday,604.0
4283,2025-09-25,Sports,325.74,3,Debit Card,5,Sep,Thursday,977.22
4284,2025-08-28,Beauty,381.18,5,Credit Card,3,Aug,Thursday,1905.9
4285,2025-10-28,Beauty,67.81,3,UPI,4,Oct,Tuesday,203.43
4286,2025-03-31,Electronics,418.27,4,PayPal,2,Mar,Monday,1673.08
4287,2025-04-13,Electronics,355.75,5,Debit Card,1,Apr,Sunday,1778.75
4288,2025-09-07,Home & Kitchen,292.9,1,PayPal,1,Sep,Sunday,292.9
4289,2025-01-08,Home & Kitchen,445.97,1,PayPal,5,Jan,Wednesday,445.97
4290,2025-06-02,Sports,353.15,5,PayPal,5,Jun,Monday,1765.75
4291,2025-12-13,Sports,108.83,3,Debit Card,3,Dec,Saturday,326.49
4292,2025-06-23,Clothing,220.58,3,Credit Card,4,Jun,Monday,661.74
4293,2025-12-09,Clothing,252.08,1,UPI,5,Dec,Tuesday,252.08
4294,2025-06-07,Electronics,37.06,1,Credit Card,5,Jun,Saturday,37.06
4295,2025-08-03,Home & Kitchen,477.77,4,UPI,1,Aug,Sunday,1911.08
4296,2025-06-26,Electronics,73.0,5,Credit Card,4,Jun,Thursday,365.0
4297,2025-06-24,Electronics,351.76,3,PayPal,3,Jun,Tuesday,1055.28
4298,2025-12-06,Home & Kitchen,258.05,4,PayPal,5,Dec,Saturday,1032.2
4299,2025-12-04,Clothing,22.56,3,UPI,5,Dec,Thursday,67.67999999999999
4300,2025-05-26,Home & Kitchen,463.13,1,Debit Card,5,May,Monday,463.13
4301,2025-11-20,Beauty,427.4,5,Credit Card,1,Nov,Thursday,2137.0
4302,2025-06-10,Beauty,266.89,2,PayPal,5,Jun,Tuesday,533.78
4303,2025-05-07,Beauty,122.18,5,UPI,5,May,Wednesday,610.9000000000001
4304,2025-03-23,Sports,69.6,2,Credit Card,1,Mar,Sunday,139.2
4305,2025-05-27,Clothing,188.06,4,UPI,5,May,Tuesday,752.24
4306,2025-08-27,Clothing,135.16,2,Debit Card,4,Aug,Wednesday,270.32
4307,2025-03-25,Sports,258.28,2,Debit Card,4,Mar,Tuesday,516.56
4308,2025-04-23,Electronics,483.54,4,Credit Card,1,Apr,Wednesday,1934.16
4309,2025-08-13,Beauty,291.73,5,Debit Card,4,Aug,Wednesday,1458.65
4310,2025-11-28,Beauty,446.07,4,Credit Card,3,Nov,Friday,1784.28
4311,2025-08-31,Electronics,328.93,1,Credit Card,5,Aug,Sunday,328.93
4312,2025-05-23,Home & Kitchen,242.87,1,Debit Card,3,May,Friday,242.87
4313,2025-02-10,Home & Kitchen,428.76,2,UPI,4,Feb,Monday,857.52
4314,2025-09-15,Clothing,240.97,4,UPI,1,Sep,Monday,963.88
4315,2025-10-12,Sports,435.63,4,Credit Card,1,Oct,Sunday,1742.52
4316,2025-04-15,Clothing,152.87,4,PayPal,3,Apr,Tuesday,611.48
4317,2025-07-21,Home & Kitchen,73.12,5,Credit Card,4,Jul,Monday,365.6
4318,2025-11-03,Electronics,429.1,3,UPI,5,Nov,Monday,1287.3000000000002
4319,2025-11-27,Clothing,297.83,3,Credit Card,4,Nov,Thursday,893.49
4320,2025-09-23,Beauty,445.66,3,UPI,4,Sep,Tuesday,1336.98
4321,2025-07-29,Beauty,469.54,5,Debit Card,1,Jul,Tuesday,2347.7000000000003
4322,2025-02-20,Electronics,36.28,4,Credit Card,2,Feb,Thursday,145.12
4323,2025-04-28,Home & Kitchen,255.47,3,Credit Card,5,Apr,Monday,766.41
4324,2025-07-20,Beauty,193.73,4,Debit Card,5,Jul,Sunday,774.92
4325,2025-02-08,Beauty,316.67,2,Debit Card,1,Feb,Saturday,633.34
4326,2025-01-28,Sports,398.86,3,PayPal,4,Jan,Tuesday,1196.58
4327,2025-09-16,Clothing,147.49,2,Debit Card,1,Sep,Tuesday,294.98
4328,2025-03-25,Home & Kitchen,282.83,5,PayPal,4,Mar,Tuesday,1414.1499999999999
4329,2025-06-04,Clothing,357.28,1,Debit Card,2,Jun,Wednesday,357.28
4330,2025-04-27,Home & Kitchen,75.87,5,UPI,2,Apr,Sunday,379.35
4331,2025-01-02,Beauty,408.89,5,Credit Card,3,Jan,Thursday,2044.4499999999998
4332,2025-04-03,Sports,306.99,5,Debit Card,4,Apr,Thursday,1534.95
4333,2025-06-15,Clothing,475.27,3,UPI,1,Jun,Sunday,1425.81
4334,2025-12-16,Beauty,176.37,2,Debit Card,1,Dec,Tuesday,352.74
4335,2025-10-23,Home & Kitchen,62.99,3,Credit Card,1,Oct,Thursday,188.97
4336,2025-09-15,Clothing,258.19,1,Debit Card,3,Sep,Monday,258.19
4337,2025-03-22,Clothing,52.05,5,Debit Card,5,Mar,Saturday,260.25
4338,2025-09-25,Beauty,485.07,4,Credit Card,1,Sep,Thursday,1940.28
4339,2025-08-23,Clothing,28.96,1,Debit Card,2,Aug,Saturday,28.96
4340,2025-11-17,Sports,379.22,2,Credit Card,1,Nov,Monday,758.44
4341,2025-11-07,Sports,267.3,1,PayPal,1,Nov,Friday,267.3
4342,2025-10-28,Beauty,190.62,3,Debit Card,1,Oct,Tuesday,571.86
4343,2025-12-23,Home & Kitchen,42.26,4,UPI,5,Dec,Tuesday,169.04
4344,2025-08-01,Beauty,314.86,3,Debit Card,1,Aug,Friday,944.58
4345,2025-03-03,Sports,296.76,5,Credit Card,5,Mar,Monday,1483.8
4346,2025-02-18,Electronics,147.63,5,Credit Card,5,Feb,Tuesday,738.15
4347,2025-05-07,Electronics,456.01,1,UPI,3,May,Wednesday,456.01
4348,2025-08-11,Clothing,159.01,5,UPI,2,Aug,Monday,795.05
4349,2025-10-06,Clothing,230.37,5,Credit Card,1,Oct,Monday,1151.85
4350,2025-10-21,Electronics,276.44,2,PayPal,1,Oct,Tuesday,552.88
4351,2025-10-11,Sports,59.11,2,PayPal,1,Oct,Saturday,118.22
4352,2025-10-04,Clothing,466.76,3,Credit Card,5,Oct,Saturday,1400.28
4353,2025-04-17,Beauty,193.52,3,PayPal,4,Apr,Thursday,580.5600000000001
4354,2025-05-26,Beauty,49.58,2,UPI,2,May,Monday,99.16
4355,2025-04-09,Sports,199.77,1,PayPal,1,Apr,Wednesday,199.77
4356,2025-03-14,Clothing,304.1,2,UPI,4,Mar,Friday,608.2
4357,2025-05-02,Beauty,261.69,3,Debit Card,4,May,Friday,785.0699999999999
4358,2025-01-30,Clothing,350.33,4,UPI,4,Jan,Thursday,1401.32
4359,2025-07-07,Clothing,37.19,5,Debit Card,2,Jul,Monday,185.95
4360,2025-12-30,Beauty,149.42,4,UPI,4,Dec,Tuesday,597.68
4361,2025-12-20,Electronics,411.42,4,UPI,1,Dec,Saturday,1645.68
4362,2025-10-15,Beauty,49.15,5,PayPal,1,Oct,Wednesday,245.75
4363,2025-07-14,Sports,429.19,2,UPI,3,Jul,Monday,858.38
4364,2025-06-05,Home & Kitchen,55.03,1,Credit Card,5,Jun,Thursday,55.03
4365,2025-06-21,Beauty,418.88,4,Debit Card,4,Jun,Saturday,1675.52
4366,2025-12-01,Clothing,186.79,1,Debit Card,5,Dec,Monday,186.79
4367,2025-02-10,Clothing,309.98,3,UPI,5,Feb,Monday,929.94
4368,2025-03-04,Beauty,84.91,4,Credit Card,5,Mar,Tuesday,339.64
4369,2025-01-23,Home & Kitchen,42.42,3,UPI,5,Jan,Thursday,127.26
4370,2025-12-26,Beauty,115.81,2,UPI,5,Dec,Friday,231.62
4371,2025-03-16,Home & Kitchen,72.65,4,PayPal,1,Mar,Sunday,290.6
4372,2025-02-17,Home & Kitchen,163.08,3,UPI,2,Feb,Monday,489.24
4373,2025-06-09,Sports,262.05,3,UPI,4,Jun,Monday,786.1500000000001
4374,2025-11-09,Clothing,298.49,2,PayPal,4,Nov,Sunday,596.98
4375,2025-04-28,Clothing,397.04,1,PayPal,1,Apr,Monday,397.04
4376,2025-04-10,Home & Kitchen,331.56,1,Credit Card,1,Apr,Thursday,331.56
4377,2025-06-16,Clothing,308.29,4,PayPal,5,Jun,Monday,1233.16
4378,2025-10-17,Electronics,211.77,2,Debit Card,2,Oct,Friday,423.54
4379,2025-06-05,Home & Kitchen,242.17,4,Debit Card,4,Jun,Thursday,968.68
4380,2025-01-07,Clothing,213.12,1,Credit Card,3,Jan,Tuesday,213.12
4381,2025-07-15,Electronics,422.66,2,UPI,1,Jul,Tuesday,845.32
4382,2025-02-25,Sports,122.7,5,Credit Card,3,Feb,Tuesday,613.5
4383,2025-11-17,Clothing,12.8,2,PayPal,4,Nov,Monday,25.6
4384,2025-07-12,Electronics,329.15,2,UPI,1,Jul,Saturday,658.3
4385,2025-02-16,Beauty,109.21,5,Credit Card,4,Feb,Sunday,546.05
4386,2025-05-28,Beauty,446.16,3,Credit Card,1,May,Wednesday,1338.48
4387,2025-10-02,Electronics,430.93,3,Debit Card,4,Oct,Thursday,1292.79
4388,2025-06-06,Home & Kitchen,47.6,3,Credit Card,3,Jun,Friday,142.8
4389,2025-07-21,Home & Kitchen,62.13,1,UPI,2,Jul,Monday,62.13
4390,2025-05-06,Clothing,252.63,2,Credit Card,1,May,Tuesday,505.26
4391,2025-11-01,Beauty,308.52,5,Credit Card,3,Nov,Saturday,1542.6
4392,2025-10-21,Home & Kitchen,144.71,1,PayPal,4,Oct,Tuesday,144.71
4393,2025-03-05,Home & Kitchen,361.23,5,Credit Card,3,Mar,Wednesday,1806.15
4394,2025-11-21,Beauty,301.51,1,UPI,1,Nov,Friday,301.51
4395,2025-06-25,Sports,169.16,1,Debit Card,3,Jun,Wednesday,169.16
4396,2025-04-26,Home & Kitchen,22.43,1,Debit Card,4,Apr,Saturday,22.43
4397,2025-07-23,Electronics,377.57,5,Debit Card,5,Jul,Wednesday,1887.85
4398,2025-11-17,Clothing,115.23,4,Debit Card,2,Nov,Monday,460.92
4399,2025-01-31,Home & Kitchen,418.89,1,PayPal,2,Jan,Friday,418.89
4400,2025-04-23,Home & Kitchen,215.94,3,UPI,5,Apr,Wednesday,647.8199999999999
4401,2025-12-31,Sports,292.77,2,PayPal,1,Dec,Wednesday,585.54
4402,2025-11-21,Electronics,437.74,4,Debit Card,3,Nov,Friday,1750.96
4403,2025-12-10,Clothing,433.18,4,PayPal,3,Dec,Wednesday,1732.72
4404,2025-03-08,Home & Kitchen,192.04,5,Credit Card,5,Mar,Saturday,960.1999999999999
4405,2025-03-16,Clothing,112.36,4,UPI,5,Mar,Sunday,449.44
4406,2025-02-14,Beauty,389.82,5,Credit Card,4,Feb,Friday,1949.1
4407,2025-09-17,Home & Kitchen,222.21,5,PayPal,4,Sep,Wednesday,1111.05
4408,2025-06-03,Home & Kitchen,104.1,3,Credit Card,2,Jun,Tuesday,312.29999999999995
4409,2025-06-04,Beauty,453.17,1,PayPal,1,Jun,Wednesday,453.17
4410,2025-12-29,Sports,107.07,4,PayPal,1,Dec,Monday,428.28
4411,2025-08-22,Home & Kitchen,22.65,1,UPI,5,Aug,Friday,22.65
4412,2025-02-20,Clothing,19.94,1,UPI,2,Feb,Thursday,19.94
4413,2025-11-02,Electronics,314.93,1,UPI,2,Nov,Sunday,314.93
4414,2025-09-19,Clothing,334.22,5,Debit Card,4,Sep,Friday,1671.1000000000001
4415,2025-11-11,Sports,162.41,1,UPI,3,Nov,Tuesday,162.41
4416,2025-05-05,Electronics,166.81,4,Credit Card,1,May,Monday,667.24
4417,2025-09-02,Clothing,176.35,5,UPI,2,Sep,Tuesday,881.75
4418,2025-01-30,Clothing,343.28,4,UPI,4,Jan,Thursday,1373.12
4419,2025-05-02,Beauty,38.49,5,UPI,4,May,Friday,192.45000000000002
4420,2025-05-05,Sports,465.27,2,PayPal,4,May,Monday,930.54
4421,2025-02-06,Beauty,119.04,2,PayPal,3,Feb,Thursday,238.08
4422,2025-06-19,Electronics,499.84,2,UPI,2,Jun,Thursday,999.68
4423,2025-05-04,Beauty,94.05,2,PayPal,5,May,Sunday,188.1
4424,2025-12-23,Sports,388.06,5,PayPal,5,Dec,Tuesday,1940.3
4425,2025-02-04,Home & Kitchen,119.47,1,Debit Card,4,Feb,Tuesday,119.47
4426,2025-03-28,Home & Kitchen,49.61,3,Credit Card,4,Mar,Friday,148.82999999999998
4427,2025-05-14,Electronics,438.72,3,PayPal,3,May,Wednesday,1316.16
4428,2025-07-15,Home & Kitchen,430.79,2,Credit Card,4,Jul,Tuesday,861.58
4429,2025-10-01,Beauty,207.75,1,PayPal,2,Oct,Wednesday,207.75
4430,2025-07-20,Electronics,354.17,4,UPI,4,Jul,Sunday,1416.68
4431,2025-10-12,Sports,282.96,1,PayPal,4,Oct,Sunday,282.96
4432,2025-03-18,Electronics,427.95,4,PayPal,2,Mar,Tuesday,1711.8
4433,2025-02-28,Electronics,164.38,3,Credit Card,1,Feb,Friday,493.14
4434,2025-05-06,Clothing,266.6,1,UPI,5,May,Tuesday,266.6
4435,2025-04-19,Clothing,247.83,1,Debit Card,4,Apr,Saturday,247.83
4436,2025-08-12,Electronics,183.41,3,Credit Card,2,Aug,Tuesday,550.23
4437,2025-10-05,Home & Kitchen,446.81,1,UPI,5,Oct,Sunday,446.81
4438,2025-03-09,Clothing,91.28,4,UPI,3,Mar,Sunday,365.12
4439,2025-03-10,Sports,83.26,1,Credit Card,1,Mar,Monday,83.26
4440,2025-06-14,Beauty,292.69,4,PayPal,4,Jun,Saturday,1170.76
4441,2025-11-01,Clothing,332.17,2,UPI,1,Nov,Saturday,664.34
4442,2025-06-11,Electronics,105.36,1,Debit Card,4,Jun,Wednesday,105.36
4443,2025-12-31,Home & Kitchen,201.45,4,PayPal,4,Dec,Wednesday,805.8
4444,2025-12-08,Beauty,473.82,3,Credit Card,4,Dec,Monday,1421.46
4445,2025-11-05,Clothing,130.84,2,Credit Card,1,Nov,Wednesday,261.68
4446,2025-12-09,Home & Kitchen,337.5,1,Credit Card,3,Dec,Tuesday,337.5
4447,2025-02-11,Home & Kitchen,372.67,4,Credit Card,2,Feb,Tuesday,1490.68
4448,2025-12-20,Home & Kitchen,229.58,1,Debit Card,2,Dec,Saturday,229.58
4449,2025-04-19,Electronics,469.39,4,Debit Card,3,Apr,Saturday,1877.56
4450,2025-02-20,Sports,370.96,1,UPI,3,Feb,Thursday,370.96
4451,2025-09-07,Home & Kitchen,234.38,2,Debit Card,4,Sep,Sunday,468.76
4452,2025-12-07,Beauty,288.97,2,Credit Card,4,Dec,Sunday,577.94
4453,2025-01-21,Clothing,349.38,1,Debit Card,2,Jan,Tuesday,349.38
4454,2025-10-27,Beauty,300.17,1,PayPal,4,Oct,Monday,300.17
4455,2025-05-19,Electronics,440.56,5,PayPal,4,May,Monday,2202.8
4456,2025-12-25,Electronics,184.88,1,UPI,3,Dec,Thursday,184.88
4457,2025-11-20,Beauty,156.94,1,Credit Card,1,Nov,Thursday,156.94
4458,2025-04-02,Sports,114.78,2,Debit Card,5,Apr,Wednesday,229.56
4459,2025-10-07,Electronics,28.51,1,UPI,5,Oct,Tuesday,28.51
4460,2025-05-05,Electronics,31.08,3,UPI,4,May,Monday,93.24
4461,2025-04-21,Beauty,436.33,1,Debit Card,4,Apr,Monday,436.33
4462,2025-12-20,Electronics,342.41,5,UPI,5,Dec,Saturday,1712.0500000000002
4463,2025-05-19,Sports,333.66,4,Credit Card,3,May,Monday,1334.64
4464,2025-09-30,Sports,311.17,2,Debit Card,5,Sep,Tuesday,622.34
4465,2025-04-09,Sports,426.12,3,PayPal,5,Apr,Wednesday,1278.3600000000001
4466,2025-09-09,Clothing,245.33,4,PayPal,5,Sep,Tuesday,981.32
4467,2025-12-04,Sports,436.5,3,Debit Card,4,Dec,Thursday,1309.5
4468,2025-04-14,Sports,186.13,2,UPI,4,Apr,Monday,372.26
4469,2025-08-02,Clothing,464.09,5,UPI,5,Aug,Saturday,2320.45
4470,2025-09-06,Home & Kitchen,352.34,2,PayPal,4,Sep,Saturday,704.68
4471,2025-06-01,Electronics,136.02,3,PayPal,5,Jun,Sunday,408.06000000000006
4472,2025-09-07,Sports,286.4,3,Credit Card,3,Sep,Sunday,859.1999999999999
4473,2025-10-02,Electronics,271.18,2,UPI,4,Oct,Thursday,542.36
4474,2025-06-14,Beauty,77.57,1,Credit Card,1,Jun,Saturday,77.57
4475,2025-12-07,Electronics,299.71,2,PayPal,4,Dec,Sunday,599.42
4476,2025-01-08,Clothing,164.24,5,PayPal,3,Jan,Wednesday,821.2
4477,2025-10-11,Electronics,35.65,2,PayPal,3,Oct,Saturday,71.3
4478,2025-01-05,Electronics,474.84,4,PayPal,4,Jan,Sunday,1899.36
4479,2025-05-25,Electronics,324.33,1,Credit Card,2,May,Sunday,324.33
4480,2025-04-11,Home & Kitchen,439.69,4,PayPal,5,Apr,Friday,1758.76
4481,2025-06-13,Home & Kitchen,341.27,2,Debit Card,5,Jun,Friday,682.54
4482,2025-05-27,Beauty,184.92,1,UPI,3,May,Tuesday,184.92
4483,2025-03-05,Clothing,261.22,4,PayPal,4,Mar,Wednesday,1044.88
4484,2025-04-01,Electronics,341.12,4,UPI,2,Apr,Tuesday,1364.48
4485,2025-04-27,Electronics,480.52,1,PayPal,1,Apr,Sunday,480.52
4486,2025-12-20,Electronics,134.3,1,Credit Card,5,Dec,Saturday,134.3
4487,2025-09-24,Electronics,438.74,3,UPI,2,Sep,Wednesday,1316.22
4488,2025-11-06,Home & Kitchen,462.8,1,Credit Card,5,Nov,Thursday,462.8
4489,2025-06-22,Beauty,338.5,2,PayPal,4,Jun,Sunday,677.0
4490,2025-02-16,Sports,466.32,5,Debit Card,5,Feb,Sunday,2331.6
4491,2025-05-20,Clothing,204.96,3,Debit Card,1,May,Tuesday,614.88
4492,2025-09-03,Electronics,476.98,1,Debit Card,4,Sep,Wednesday,476.98
4493,2025-05-29,Beauty,354.36,5,Debit Card,3,May,Thursday,1771.8000000000002
4494,2025-09-03,Sports,30.58,3,Debit Card,2,Sep,Wednesday,91.74
4495,2025-01-05,Beauty,454.37,2,Credit Card,5,Jan,Sunday,908.74
4496,2025-07-03,Home & Kitchen,247.39,5,Debit Card,4,Jul,Thursday,1236.9499999999998
4497,2025-01-20,Sports,235.56,1,PayPal,4,Jan,Monday,235.56
4498,2025-02-15,Beauty,287.57,1,Credit Card,5,Feb,Saturday,287.57
4499,2025-01-12,Home & Kitchen,83.2,2,Credit Card,3,Jan,Sunday,166.4
4500,2025-03-11,Beauty,239.89,3,Debit Card,5,Mar,Tuesday,719.67
4501,2025-01-17,Beauty,417.25,5,UPI,3,Jan,Friday,2086.25
4502,2025-05-27,Sports,17.59,2,PayPal,5,May,Tuesday,35.18
4503,2025-06-03,Home & Kitchen,143.73,3,Credit Card,4,Jun,Tuesday,431.18999999999994
4504,2025-10-31,Electronics,11.2,4,PayPal,1,Oct,Friday,44.8
4505,2025-04-18,Clothing,213.7,4,UPI,1,Apr,Friday,854.8
4506,2025-08-24,Sports,366.87,3,Credit Card,4,Aug,Sunday,1100.6100000000001
4507,2025-11-04,Home & Kitchen,401.4,1,PayPal,1,Nov,Tuesday,401.4
4508,2025-12-18,Beauty,473.14,1,Debit Card,3,Dec,Thursday,473.14
4509,2025-03-11,Home & Kitchen,308.17,4,Credit Card,4,Mar,Tuesday,1232.68
4510,2025-07-02,Clothing,134.77,1,Credit Card,3,Jul,Wednesday,134.77
4511,2025-09-07,Clothing,462.83,1,Credit Card,4,Sep,Sunday,462.83
4512,2025-08-16,Electronics,389.9,3,Credit Card,3,Aug,Saturday,1169.6999999999998
4513,2025-04-12,Electronics,291.47,3,Debit Card,3,Apr,Saturday,874.4100000000001
4514,2025-03-16,Clothing,350.86,1,UPI,1,Mar,Sunday,350.86
4515,2025-08-04,Sports,462.92,3,UPI,4,Aug,Monday,1388.76
4516,2025-07-22,Sports,359.07,5,PayPal,5,Jul,Tuesday,1795.35
4517,2025-07-11,Beauty,190.5,4,Debit Card,1,Jul,Friday,762.0
4518,2025-09-06,Electronics,359.38,5,Debit Card,3,Sep,Saturday,1796.9
4519,2025-08-30,Beauty,29.74,5,PayPal,3,Aug,Saturday,148.7
4520,2025-06-28,Electronics,199.34,1,Debit Card,5,Jun,Saturday,199.34
4521,2025-08-07,Clothing,209.1,1,Debit Card,5,Aug,Thursday,209.1
4522,2025-03-23,Sports,91.75,5,Credit Card,3,Mar,Sunday,458.75
4523,2025-04-02,Sports,21.31,5,Credit Card,5,Apr,Wednesday,106.55
4524,2025-06-24,Clothing,75.36,2,Credit Card,2,Jun,Tuesday,150.72
4525,2025-08-27,Beauty,330.76,2,Debit Card,1,Aug,Wednesday,661.52
4526,2025-09-17,Beauty,403.12,4,Debit Card,4,Sep,Wednesday,1612.48
4527,2025-12-31,Home & Kitchen,494.22,5,UPI,5,Dec,Wednesday,2471.1000000000004
4528,2025-06-12,Electronics,179.72,3,Credit Card,5,Jun,Thursday,539.16
4529,2025-02-17,Beauty,303.7,2,PayPal,2,Feb,Monday,607.4
4530,2025-11-25,Clothing,469.2,1,Debit Card,4,Nov,Tuesday,469.2
4531,2025-11-24,Beauty,91.85,5,Credit Card,2,Nov,Monday,459.25
4532,2025-04-26,Sports,361.65,3,UPI,4,Apr,Saturday,1084.9499999999998
4533,2025-12-03,Electronics,379.94,3,Credit Card,1,Dec,Wednesday,1139.82
4534,2025-12-03,Home & Kitchen,53.6,3,UPI,5,Dec,Wednesday,160.8
4535,2025-08-13,Electronics,432.01,1,UPI,1,Aug,Wednesday,432.01
4536,2025-12-18,Sports,408.42,2,Debit Card,4,Dec,Thursday,816.84
4537,2025-11-24,Sports,26.37,3,UPI,5,Nov,Monday,79.11
4538,2025-05-27,Sports,54.63,2,UPI,2,May,Tuesday,109.26
4539,2025-03-04,Sports,34.07,4,PayPal,3,Mar,Tuesday,136.28
4540,2025-10-21,Clothing,174.02,1,UPI,2,Oct,Tuesday,174.02
4541,2025-11-19,Home & Kitchen,259.55,2,PayPal,3,Nov,Wednesday,519.1
4542,2025-11-21,Sports,270.85,2,PayPal,2,Nov,Friday,541.7
4543,2025-01-13,Sports,141.16,3,Credit Card,4,Jan,Monday,423.48
4544,2025-07-08,Beauty,456.68,3,Credit Card,1,Jul,Tuesday,1370.04
4545,2025-10-14,Home & Kitchen,190.45,1,Debit Card,3,Oct,Tuesday,190.45
4546,2025-07-27,Electronics,32.32,2,Debit Card,4,Jul,Sunday,64.64
4547,2025-04-24,Home & Kitchen,157.11,5,Debit Card,1,Apr,Thursday,785.5500000000001
4548,2025-01-22,Home & Kitchen,270.24,3,UPI,1,Jan,Wednesday,810.72
4549,2025-12-15,Home & Kitchen,210.03,3,Credit Card,5,Dec,Monday,630.09
4550,2025-08-02,Sports,144.18,4,UPI,5,Aug,Saturday,576.72
4551,2025-06-20,Sports,74.35,1,Credit Card,5,Jun,Friday,74.35
4552,2025-11-19,Clothing,411.39,2,UPI,3,Nov,Wednesday,822.78
4553,2025-02-23,Electronics,498.11,2,Debit Card,3,Feb,Sunday,996.22
4554,2025-10-25,Beauty,171.48,2,Credit Card,1,Oct,Saturday,342.96
4555,2025-11-16,Home & Kitchen,196.99,3,Credit Card,3,Nov,Sunday,590.97
4556,2025-05-06,Electronics,312.84,1,PayPal,1,May,Tuesday,312.84
4557,2025-10-04,Electronics,362.04,2,Credit Card,4,Oct,Saturday,724.08
4558,2025-07-23,Clothing,202.09,5,Credit Card,2,Jul,Wednesday,1010.45
4559,2025-07-13,Beauty,453.42,4,UPI,1,Jul,Sunday,1813.68
4560,2025-06-18,Home & Kitchen,284.4,4,Debit Card,1,Jun,Wednesday,1137.6
4561,2025-06-01,Beauty,230.69,2,PayPal,4,Jun,Sunday,461.38
4562,2025-02-04,Clothing,326.87,3,UPI,5,Feb,Tuesday,980.61
4563,2025-07-03,Sports,476.87,4,Credit Card,5,Jul,Thursday,1907.48
4564,2025-10-13,Electronics,399.33,4,UPI,5,Oct,Monday,1597.32
4565,2025-02-26,Home & Kitchen,29.61,4,Debit Card,1,Feb,Wednesday,118.44
4566,2025-08-10,Sports,172.83,4,PayPal,1,Aug,Sunday,691.32
4567,2025-10-30,Clothing,240.57,2,UPI,3,Oct,Thursday,481.14
4568,2025-06-12,Beauty,164.11,1,Credit Card,3,Jun,Thursday,164.11
4569,2025-01-19,Electronics,353.09,1,UPI,2,Jan,Sunday,353.09
4570,2025-09-21,Home & Kitchen,414.87,3,Credit Card,2,Sep,Sunday,1244.6100000000001
4571,2025-10-09,Sports,368.36,5,PayPal,3,Oct,Thursday,1841.8000000000002
4572,2025-04-23,Sports,494.77,1,PayPal,1,Apr,Wednesday,494.77
4573,2025-11-23,Electronics,143.55,5,UPI,4,Nov,Sunday,717.75
4574,2025-01-30,Beauty,438.74,1,PayPal,3,Jan,Thursday,438.74
4575,2025-05-15,Clothing,385.65,1,Debit Card,1,May,Thursday,385.65
4576,2025-03-08,Beauty,187.47,3,UPI,3,Mar,Saturday,562.41
4577,2025-03-06,Beauty,369.72,4,Credit Card,5,Mar,Thursday,1478.88
4578,2025-10-19,Beauty,61.0,3,UPI,3,Oct,Sunday,183.0
4579,2025-01-25,Electronics,396.77,1,Credit Card,5,Jan,Saturday,396.77
4580,2025-02-06,Electronics,270.84,4,PayPal,1,Feb,Thursday,1083.36
4581,2025-01-01,Clothing,153.22,4,Credit Card,5,Jan,Wednesday,612.88
4582,2025-02-06,Beauty,331.33,4,Credit Card,3,Feb,Thursday,1325.32
4583,2025-05-21,Electronics,324.39,5,Credit Card,5,May,Wednesday,1621.9499999999998
4584,2025-08-20,Clothing,112.65,1,Credit Card,4,Aug,Wednesday,112.65
4585,2025-05-16,Clothing,24.89,2,Debit Card,5,May,Friday,49.78
4586,2025-07-07,Beauty,222.48,3,Credit Card,5,Jul,Monday,667.4399999999999
4587,2025-05-08,Home & Kitchen,289.06,5,UPI,2,May,Thursday,1445.3
4588,2025-07-20,Beauty,439.54,3,Debit Card,4,Jul,Sunday,1318.6200000000001
4589,2025-05-07,Home & Kitchen,464.83,2,Credit Card,1,May,Wednesday,929.66
4590,2025-09-14,Clothing,269.11,4,Credit Card,5,Sep,Sunday,1076.44
4591,2025-06-13,Electronics,379.36,2,Credit Card,4,Jun,Friday,758.72
4592,2025-02-04,Sports,225.26,3,Debit Card,1,Feb,Tuesday,675.78
4593,2025-07-13,Clothing,375.58,2,Credit Card,4,Jul,Sunday,751.16
4594,2025-07-10,Electronics,110.35,1,Credit Card,2,Jul,Thursday,110.35
4595,2025-04-14,Clothing,191.82,2,Credit Card,1,Apr,Monday,383.64
4596,2025-01-23,Beauty,320.77,1,PayPal,1,Jan,Thursday,320.77
4597,2025-09-22,Home & Kitchen,18.9,2,UPI,5,Sep,Monday,37.8
4598,2025-10-17,Clothing,364.01,1,Credit Card,3,Oct,Friday,364.01
4599,2025-09-17,Electronics,419.41,1,UPI,1,Sep,Wednesday,419.41
4600,2025-12-24,Beauty,205.58,2,PayPal,1,Dec,Wednesday,411.16
4601,2025-03-16,Sports,229.49,5,PayPal,2,Mar,Sunday,1147.45
4602,2025-12-21,Beauty,427.13,4,Credit Card,2,Dec,Sunday,1708.52
4603,2025-03-13,Home & Kitchen,390.07,4,UPI,2,Mar,Thursday,1560.28
4604,2025-09-16,Beauty,151.19,4,Debit Card,5,Sep,Tuesday,604.76
4605,2025-07-07,Sports,168.75,1,Credit Card,1,Jul,Monday,168.75
4606,2025-06-22,Electronics,342.65,4,Debit Card,2,Jun,Sunday,1370.6
4607,2025-10-17,Clothing,285.97,1,PayPal,2,Oct,Friday,285.97
4608,2025-02-14,Home & Kitchen,89.49,5,PayPal,4,Feb,Friday,447.45
4609,2025-03-02,Sports,161.87,2,UPI,4,Mar,Sunday,323.74
4610,2025-03-24,Home & Kitchen,450.99,2,Debit Card,2,Mar,Monday,901.98
4611,2025-05-03,Beauty,347.21,1,Debit Card,5,May,Saturday,347.21
4612,2025-12-24,Home & Kitchen,493.13,1,Credit Card,3,Dec,Wednesday,493.13
4613,2025-01-16,Sports,385.84,5,UPI,4,Jan,Thursday,1929.1999999999998
4614,2025-03-07,Clothing,471.57,4,UPI,4,Mar,Friday,1886.28
4615,2025-05-25,Clothing,115.93,5,Debit Card,1,May,Sunday,579.6500000000001
4616,2025-06-11,Home & Kitchen,388.03,2,PayPal,1,Jun,Wednesday,776.06
4617,2025-08-22,Electronics,19.91,2,UPI,2,Aug,Friday,39.82
4618,2025-05-24,Home & Kitchen,338.67,4,PayPal,1,May,Saturday,1354.68
4619,2025-12-24,Beauty,239.95,2,Credit Card,1,Dec,Wednesday,479.9
4620,2025-07-07,Clothing,179.91,1,UPI,3,Jul,Monday,179.91
4621,2025-11-18,Clothing,432.58,2,UPI,5,Nov,Tuesday,865.16
4622,2025-01-13,Clothing,428.59,3,Credit Card,2,Jan,Monday,1285.77
4623,2025-07-03,Electronics,20.93,4,UPI,3,Jul,Thursday,83.72
4624,2025-04-21,Electronics,308.66,4,Debit Card,2,Apr,Monday,1234.64
4625,2025-10-17,Sports,190.24,4,Debit Card,5,Oct,Friday,760.96
4626,2025-10-22,Home & Kitchen,213.67,3,Credit Card,2,Oct,Wednesday,641.01
4627,2025-08-03,Home & Kitchen,417.7,5,PayPal,1,Aug,Sunday,2088.5
4628,2025-04-30,Beauty,161.82,1,PayPal,5,Apr,Wednesday,161.82
4629,2025-02-24,Clothing,472.09,4,UPI,3,Feb,Monday,1888.36
4630,2025-01-27,Electronics,98.02,2,PayPal,3,Jan,Monday,196.04
4631,2025-04-28,Beauty,334.73,1,PayPal,4,Apr,Monday,334.73
4632,2025-08-09,Beauty,339.33,2,Credit Card,3,Aug,Saturday,678.66
4633,2025-08-19,Electronics,133.58,1,PayPal,4,Aug,Tuesday,133.58
4634,2025-02-22,Home & Kitchen,169.13,1,PayPal,1,Feb,Saturday,169.13
4635,2025-10-22,Clothing,419.05,2,PayPal,3,Oct,Wednesday,838.1
4636,2025-11-17,Home & Kitchen,383.28,2,Debit Card,5,Nov,Monday,766.56
4637,2025-08-21,Beauty,171.26,1,Debit Card,4,Aug,Thursday,171.26
4638,2025-06-07,Clothing,271.64,4,Credit Card,3,Jun,Saturday,1086.56
4639,2025-09-26,Sports,40.22,2,UPI,1,Sep,Friday,80.44
4640,2025-01-21,Beauty,112.29,3,Credit Card,5,Jan,Tuesday,336.87
4641,2025-02-22,Home & Kitchen,248.05,3,UPI,5,Feb,Saturday,744.1500000000001
4642,2025-10-02,Home & Kitchen,52.13,1,UPI,1,Oct,Thursday,52.13
4643,2025-11-09,Home & Kitchen,423.23,5,PayPal,3,Nov,Sunday,2116.15
4644,2025-10-08,Electronics,361.82,1,PayPal,2,Oct,Wednesday,361.82
4645,2025-08-02,Beauty,472.38,1,Credit Card,3,Aug,Saturday,472.38
4646,2025-01-31,Clothing,349.8,4,Credit Card,4,Jan,Friday,1399.2
4647,2025-12-03,Home & Kitchen,470.8,4,Credit Card,4,Dec,Wednesday,1883.2
4648,2025-07-02,Home & Kitchen,281.71,5,Debit Card,3,Jul,Wednesday,1408.55
4649,2025-01-23,Electronics,304.11,5,Debit Card,4,Jan,Thursday,1520.5500000000002
4650,2025-02-01,Clothing,488.72,5,Debit Card,2,Feb,Saturday,2443.6000000000004
4651,2025-03-15,Beauty,324.64,5,Debit Card,2,Mar,Saturday,1623.1999999999998
4652,2025-01-10,Sports,25.09,5,Debit Card,5,Jan,Friday,125.45
4653,2025-02-23,Electronics,364.66,1,PayPal,4,Feb,Sunday,364.66
4654,2025-02-21,Beauty,453.68,1,UPI,3,Feb,Friday,453.68
4655,2025-05-28,Sports,399.83,3,Debit Card,5,May,Wednesday,1199.49
4656,2025-06-09,Home & Kitchen,296.08,3,Credit Card,2,Jun,Monday,888.24
4657,2025-01-14,Home & Kitchen,338.94,2,UPI,5,Jan,Tuesday,677.88
4658,2025-06-27,Clothing,495.19,1,Debit Card,1,Jun,Friday,495.19
4659,2025-02-22,Sports,54.42,5,Debit Card,4,Feb,Saturday,272.1
4660,2025-12-01,Home & Kitchen,336.95,2,PayPal,3,Dec,Monday,673.9
4661,2025-01-22,Home & Kitchen,148.86,4,PayPal,2,Jan,Wednesday,595.44
4662,2025-01-30,Clothing,323.64,1,PayPal,5,Jan,Thursday,323.64
4663,2025-07-10,Beauty,307.74,3,Debit Card,3,Jul,Thursday,923.22
4664,2025-09-17,Home & Kitchen,85.19,1,PayPal,4,Sep,Wednesday,85.19
4665,2025-07-24,Electronics,111.31,1,Debit Card,3,Jul,Thursday,111.31
4666,2025-02-28,Electronics,314.6,1,UPI,4,Feb,Friday,314.6
4667,2025-09-21,Beauty,72.83,1,UPI,4,Sep,Sunday,72.83
4668,2025-01-12,Sports,139.94,4,Debit Card,4,Jan,Sunday,559.76
4669,2025-04-29,Clothing,419.27,3,Credit Card,5,Apr,Tuesday,1257.81
4670,2025-10-17,Electronics,170.27,1,Debit Card,4,Oct,Friday,170.27
4671,2025-12-04,Electronics,249.15,4,UPI,3,Dec,Thursday,996.6
4672,2025-09-05,Beauty,471.16,2,UPI,1,Sep,Friday,942.32
4673,2025-12-20,Sports,121.3,1,Debit Card,3,Dec,Saturday,121.3
4674,2025-05-07,Sports,200.92,4,Debit Card,5,May,Wednesday,803.68
4675,2025-03-16,Beauty,307.16,5,Debit Card,4,Mar,Sunday,1535.8000000000002
4676,2025-12-27,Electronics,380.12,2,UPI,1,Dec,Saturday,760.24
4677,2025-07-23,Clothing,451.81,3,Credit Card,5,Jul,Wednesday,1355.43
4678,2025-02-18,Electronics,458.58,1,Debit Card,2,Feb,Tuesday,458.58
4679,2025-03-20,Sports,390.55,1,UPI,2,Mar,Thursday,390.55
4680,2025-08-29,Electronics,121.88,4,Debit Card,2,Aug,Friday,487.52
4681,2025-12-15,Clothing,22.16,3,UPI,1,Dec,Monday,66.48
4682,2025-06-03,Home & Kitchen,198.05,5,Debit Card,3,Jun,Tuesday,990.25
4683,2025-10-01,Electronics,79.36,2,UPI,1,Oct,Wednesday,158.72
4684,2025-04-06,Beauty,358.09,3,Debit Card,1,Apr,Sunday,1074.27
4685,2025-08-02,Home & Kitchen,333.95,1,PayPal,1,Aug,Saturday,333.95
4686,2025-10-21,Beauty,31.55,4,Debit Card,2,Oct,Tuesday,126.2
4687,2025-07-28,Beauty,419.93,5,UPI,3,Jul,Monday,2099.65
4688,2025-12-09,Beauty,131.88,4,Debit Card,1,Dec,Tuesday,527.52
4689,2025-03-29,Electronics,221.79,2,Credit Card,3,Mar,Saturday,443.58
4690,2025-11-02,Sports,337.29,3,Debit Card,4,Nov,Sunday,1011.8700000000001
4691,2025-09-21,Home & Kitchen,220.42,4,Debit Card,1,Sep,Sunday,881.68
4692,2025-11-21,Clothing,226.23,4,Debit Card,1,Nov,Friday,904.92
4693,2025-11-16,Sports,42.16,1,Credit Card,1,Nov,Sunday,42.16
4694,2025-06-06,Electronics,206.71,4,Credit Card,4,Jun,Friday,826.84
4695,2025-06-05,Beauty,384.78,5,Credit Card,4,Jun,Thursday,1923.8999999999999
4696,2025-05-19,Clothing,458.44,3,PayPal,2,May,Monday,1375.32
4697,2025-05-01,Home & Kitchen,212.61,2,Credit Card,5,May,Thursday,425.22
4698,2025-03-06,Sports,217.56,4,PayPal,3,Mar,Thursday,870.24
4699,2025-04-17,Sports,354.29,5,Debit Card,5,Apr,Thursday,1771.45
4700,2025-05-27,Clothing,471.96,2,PayPal,1,May,Tuesday,943.92
4701,2025-05-17,Electronics,140.86,5,Debit Card,1,May,Saturday,704.3000000000001
4702,2025-06-11,Home & Kitchen,225.67,4,PayPal,2,Jun,Wednesday,902.68
4703,2025-04-10,Clothing,400.03,4,Credit Card,5,Apr,Thursday,1600.12
4704,2025-12-04,Beauty,308.75,3,Credit Card,1,Dec,Thursday,926.25
4705,2025-11-03,Home & Kitchen,64.19,1,PayPal,5,Nov,Monday,64.19
4706,2025-05-21,Sports,317.59,5,PayPal,2,May,Wednesday,1587.9499999999998
4707,2025-03-24,Clothing,101.51,1,Credit Card,5,Mar,Monday,101.51
4708,2025-06-26,Sports,260.01,1,Debit Card,3,Jun,Thursday,260.01
4709,2025-07-17,Sports,269.26,2,Debit Card,2,Jul,Thursday,538.52
4710,2025-04-22,Sports,439.34,2,Debit Card,5,Apr,Tuesday,878.68
4711,2025-02-25,Electronics,236.62,5,Debit Card,1,Feb,Tuesday,1183.1
4712,2025-06-28,Sports,146.93,1,UPI,4,Jun,Saturday,146.93
4713,2025-07-05,Beauty,123.17,3,Debit Card,4,Jul,Saturday,369.51
4714,2025-08-06,Beauty,438.38,1,UPI,2,Aug,Wednesday,438.38
4715,2025-11-12,Home & Kitchen,93.8,2,UPI,4,Nov,Wednesday,187.6
4716,2025-08-05,Sports,218.68,1,Credit Card,3,Aug,Tuesday,218.68
4717,2025-04-30,Sports,101.71,4,Credit Card,2,Apr,Wednesday,406.84
4718,2025-06-24,Clothing,388.92,4,PayPal,1,Jun,Tuesday,1555.68
4719,2025-01-23,Electronics,242.44,3,Debit Card,1,Jan,Thursday,727.3199999999999
4720,2025-08-01,Home & Kitchen,182.06,5,Debit Card,2,Aug,Friday,910.3
4721,2025-08-23,Sports,186.94,1,Credit Card,4,Aug,Saturday,186.94
4722,2025-01-13,Clothing,427.58,4,Credit Card,4,Jan,Monday,1710.32
4723,2025-04-11,Electronics,281.35,5,Credit Card,1,Apr,Friday,1406.75
4724,2025-01-24,Home & Kitchen,361.76,4,PayPal,3,Jan,Friday,1447.04
4725,2025-12-30,Home & Kitchen,449.55,5,Debit Card,4,Dec,Tuesday,2247.75
4726,2025-01-11,Sports,451.85,5,PayPal,3,Jan,Saturday,2259.25
4727,2025-09-30,Home & Kitchen,170.97,4,UPI,4,Sep,Tuesday,683.88
4728,2025-10-08,Clothing,476.7,2,UPI,2,Oct,Wednesday,953.4
4729,2025-04-04,Home & Kitchen,22.19,5,Debit Card,5,Apr,Friday,110.95
4730,2025-07-20,Beauty,194.65,1,Credit Card,1,Jul,Sunday,194.65
4731,2025-01-21,Clothing,448.94,4,Credit Card,2,Jan,Tuesday,1795.76
4732,2025-12-06,Electronics,144.57,2,PayPal,4,Dec,Saturday,289.14
4733,2025-07-30,Electronics,143.81,4,UPI,1,Jul,Wednesday,575.24
4734,2025-05-20,Sports,158.28,3,UPI,5,May,Tuesday,474.84000000000003
4735,2025-10-20,Sports,310.03,1,Debit Card,5,Oct,Monday,310.03
4736,2025-10-25,Beauty,224.78,3,UPI,4,Oct,Saturday,674.34
4737,2025-04-11,Electronics,366.1,5,Credit Card,1,Apr,Friday,1830.5
4738,2025-10-31,Electronics,448.51,5,Credit Card,4,Oct,Friday,2242.55
4739,2025-12-25,Electronics,340.36,3,Credit Card,5,Dec,Thursday,1021.08
4740,2025-01-28,Electronics,110.19,3,Debit Card,2,Jan,Tuesday,330.57
4741,2025-02-10,Home & Kitchen,467.01,5,PayPal,2,Feb,Monday,2335.05
4742,2025-12-21,Clothing,139.6,2,UPI,3,Dec,Sunday,279.2
4743,2025-10-30,Clothing,83.45,1,Debit Card,5,Oct,Thursday,83.45
4744,2025-05-26,Beauty,54.08,4,PayPal,5,May,Monday,216.32
4745,2025-09-13,Home & Kitchen,286.06,3,Debit Card,4,Sep,Saturday,858.1800000000001
4746,2025-08-15,Electronics,65.74,1,UPI,3,Aug,Friday,65.74
4747,2025-08-24,Electronics,78.0,4,Credit Card,3,Aug,Sunday,312.0
4748,2025-12-27,Sports,157.01,4,PayPal,1,Dec,Saturday,628.04
4749,2025-01-13,Sports,148.01,3,PayPal,4,Jan,Monday,444.03
4750,2025-07-29,Beauty,306.08,2,Debit Card,2,Jul,Tuesday,612.16
4751,2025-08-17,Electronics,410.21,2,Debit Card,1,Aug,Sunday,820.42
4752,2025-04-10,Beauty,383.06,1,Credit Card,3,Apr,Thursday,383.06
4753,2025-01-31,Home & Kitchen,138.62,1,Debit Card,2,Jan,Friday,138.62
4754,2025-01-16,Clothing,130.2,5,UPI,5,Jan,Thursday,651.0
4755,2025-05-17,Electronics,483.24,2,UPI,4,May,Saturday,966.48
4756,2025-11-25,Home & Kitchen,14.04,1,UPI,3,Nov,Tuesday,14.04
4757,2025-06-15,Electronics,441.06,5,UPI,5,Jun,Sunday,2205.3
4758,2025-11-06,Sports,107.87,4,Credit Card,3,Nov,Thursday,431.48
4759,2025-04-10,Beauty,474.17,1,Credit Card,2,Apr,Thursday,474.17
4760,2025-04-19,Sports,177.73,5,Credit Card,1,Apr,Saturday,888.65
4761,2025-12-09,Clothing,225.77,2,Debit Card,2,Dec,Tuesday,451.54
4762,2025-06-22,Sports,356.49,4,Credit Card,4,Jun,Sunday,1425.96
4763,2025-08-25,Electronics,297.96,1,PayPal,4,Aug,Monday,297.96
4764,2025-06-11,Sports,165.79,2,PayPal,3,Jun,Wednesday,331.58
4765,2025-08-04,Electronics,281.38,4,PayPal,2,Aug,Monday,1125.52
4766,2025-09-21,Clothing,368.05,3,Debit Card,1,Sep,Sunday,1104.15
4767,2025-09-20,Sports,30.74,2,Debit Card,4,Sep,Saturday,61.48
4768,2025-10-19,Beauty,15.49,3,Credit Card,1,Oct,Sunday,46.47
4769,2025-10-01,Beauty,234.45,1,UPI,5,Oct,Wednesday,234.45
4770,2025-01-03,Beauty,74.6,5,PayPal,3,Jan,Friday,373.0
4771,2025-01-28,Sports,335.53,1,Debit Card,1,Jan,Tuesday,335.53
4772,2025-11-22,Sports,114.89,2,PayPal,3,Nov,Saturday,229.78
4773,2025-05-29,Sports,222.1,3,Credit Card,5,May,Thursday,666.3
4774,2025-01-28,Electronics,106.86,3,Debit Card,1,Jan,Tuesday,320.58
4775,2025-11-06,Clothing,278.76,4,UPI,1,Nov,Thursday,1115.04
4776,2025-03-06,Beauty,66.87,1,UPI,5,Mar,Thursday,66.87
4777,2025-12-22,Electronics,21.32,1,Debit Card,2,Dec,Monday,21.32
4778,2025-01-21,Beauty,35.05,2,UPI,1,Jan,Tuesday,70.1
4779,2025-09-09,Electronics,477.59,3,Credit Card,1,Sep,Tuesday,1432.77
4780,2025-08-23,Sports,79.72,2,UPI,4,Aug,Saturday,159.44
4781,2025-08-15,Beauty,357.15,2,PayPal,2,Aug,Friday,714.3
4782,2025-01-13,Sports,43.28,3,PayPal,1,Jan,Monday,129.84
4783,2025-11-09,Beauty,63.0,2,PayPal,5,Nov,Sunday,126.0
4784,2025-02-18,Home & Kitchen,259.35,3,Debit Card,3,Feb,Tuesday,778.0500000000001
4785,2025-04-28,Electronics,237.79,2,Debit Card,5,Apr,Monday,475.58
4786,2025-02-23,Home & Kitchen,476.27,5,Debit Card,2,Feb,Sunday,2381.35
4787,2025-05-18,Electronics,472.97,2,Debit Card,4,May,Sunday,945.94
4788,2025-02-22,Clothing,392.01,2,Debit Card,4,Feb,Saturday,784.02
4789,2025-02-13,Beauty,305.03,5,Credit Card,4,Feb,Thursday,1525.1499999999999
4790,2025-10-30,Clothing,232.93,1,Debit Card,5,Oct,Thursday,232.93
4791,2025-02-22,Clothing,184.53,3,UPI,3,Feb,Saturday,553.59
4792,2025-03-15,Electronics,474.07,4,Credit Card,3,Mar,Saturday,1896.28
4793,2025-02-15,Home & Kitchen,305.43,5,Debit Card,1,Feb,Saturday,1527.15
4794,2025-01-13,Sports,293.75,1,UPI,3,Jan,Monday,293.75
4795,2025-06-14,Electronics,123.63,2,Credit Card,3,Jun,Saturday,247.26
4796,2025-04-12,Sports,32.88,1,PayPal,1,Apr,Saturday,32.88
4797,2025-10-07,Clothing,473.14,5,Credit Card,5,Oct,Tuesday,2365.7
4798,2025-09-15,Sports,163.73,2,Debit Card,5,Sep,Monday,327.46
4799,2025-12-03,Home & Kitchen,226.87,1,Credit Card,2,Dec,Wednesday,226.87
4800,2025-12-22,Electronics,66.17,4,Credit Card,5,Dec,Monday,264.68
4801,2025-05-18,Home & Kitchen,420.09,3,PayPal,4,May,Sunday,1260.27
4802,2025-06-12,Home & Kitchen,23.54,3,Credit Card,4,Jun,Thursday,70.62
4803,2025-04-21,Electronics,418.66,5,Credit Card,2,Apr,Monday,2093.3
4804,2025-04-12,Home & Kitchen,78.74,2,PayPal,3,Apr,Saturday,157.48
4805,2025-01-17,Beauty,444.42,2,Debit Card,2,Jan,Friday,888.84
4806,2025-09-25,Beauty,367.59,3,UPI,1,Sep,Thursday,1102.77
4807,2025-07-01,Beauty,90.69,1,Credit Card,2,Jul,Tuesday,90.69
4808,2025-01-24,Sports,287.25,2,PayPal,2,Jan,Friday,574.5
4809,2025-01-29,Home & Kitchen,163.2,4,Credit Card,4,Jan,Wednesday,652.8
4810,2025-06-20,Electronics,97.33,4,Debit Card,1,Jun,Friday,389.32
4811,2025-08-16,Electronics,431.0,2,Debit Card,1,Aug,Saturday,862.0
4812,2025-07-07,Sports,207.73,2,PayPal,2,Jul,Monday,415.46
4813,2025-12-12,Electronics,205.29,3,UPI,1,Dec,Friday,615.87
4814,2025-08-18,Beauty,93.24,5,UPI,1,Aug,Monday,466.2
4815,2025-11-17,Home & Kitchen,197.7,3,Credit Card,5,Nov,Monday,593.0999999999999
4816,2025-12-06,Electronics,437.09,5,PayPal,1,Dec,Saturday,2185.45
4817,2025-04-29,Electronics,187.93,4,UPI,3,Apr,Tuesday,751.72
4818,2025-06-05,Clothing,476.29,5,Debit Card,1,Jun,Thursday,2381.4500000000003
4819,2025-09-29,Clothing,473.69,3,UPI,4,Sep,Monday,1421.07
4820,2025-06-24,Clothing,81.0,2,PayPal,5,Jun,Tuesday,162.0
4821,2025-04-14,Home & Kitchen,96.88,5,Debit Card,4,Apr,Monday,484.4
4822,2025-04-02,Beauty,432.71,3,Credit Card,4,Apr,Wednesday,1298.1299999999999
4823,2025-07-05,Beauty,202.45,4,Debit Card,3,Jul,Saturday,809.8
4824,2025-10-10,Beauty,12.14,5,UPI,5,Oct,Friday,60.7
4825,2025-06-30,Home & Kitchen,144.2,4,UPI,2,Jun,Monday,576.8
4826,2025-06-19,Home & Kitchen,302.84,4,UPI,1,Jun,Thursday,1211.36
4827,2025-07-06,Clothing,401.64,1,Credit Card,3,Jul,Sunday,401.64
4828,2025-06-24,Electronics,75.36,5,UPI,3,Jun,Tuesday,376.8
4829,2025-08-10,Sports,64.17,3,PayPal,2,Aug,Sunday,192.51
4830,2025-08-21,Sports,461.83,5,Credit Card,3,Aug,Thursday,2309.15
4831,2025-06-11,Electronics,378.06,5,Debit Card,2,Jun,Wednesday,1890.3
4832,2025-05-14,Clothing,298.99,4,UPI,2,May,Wednesday,1195.96
4833,2025-08-12,Electronics,386.9,4,PayPal,2,Aug,Tuesday,1547.6
4834,2025-06-02,Electronics,220.14,4,PayPal,3,Jun,Monday,880.56
4835,2025-02-02,Sports,381.64,4,Credit Card,2,Feb,Sunday,1526.56
4836,2025-02-24,Clothing,192.18,3,PayPal,3,Feb,Monday,576.54
4837,2025-01-07,Home & Kitchen,129.61,2,Credit Card,5,Jan,Tuesday,259.22
4838,2025-09-01,Sports,367.22,1,Credit Card,2,Sep,Monday,367.22
4839,2025-11-09,Home & Kitchen,215.64,4,Credit Card,3,Nov,Sunday,862.56
4840,2025-05-06,Clothing,490.87,4,Debit Card,3,May,Tuesday,1963.48
4841,2025-01-12,Electronics,181.25,1,Debit Card,3,Jan,Sunday,181.25
4842,2025-01-16,Beauty,461.65,4,PayPal,1,Jan,Thursday,1846.6
4843,2025-07-27,Beauty,467.15,2,Debit Card,1,Jul,Sunday,934.3
4844,2025-02-12,Clothing,128.51,5,Credit Card,2,Feb,Wednesday,642.55
4845,2025-05-15,Beauty,401.13,1,Credit Card,5,May,Thursday,401.13
4846,2025-08-16,Home & Kitchen,222.21,3,Debit Card,2,Aug,Saturday,666.63
4847,2025-04-21,Beauty,459.59,1,PayPal,4,Apr,Monday,459.59
4848,2025-11-03,Clothing,230.56,2,Credit Card,4,Nov,Monday,461.12
4849,2025-06-09,Clothing,374.71,3,Debit Card,5,Jun,Monday,1124.1299999999999
4850,2025-11-27,Home & Kitchen,238.81,5,UPI,5,Nov,Thursday,1194.05
4851,2025-09-21,Beauty,121.62,4,PayPal,5,Sep,Sunday,486.48
4852,2025-08-13,Beauty,107.68,1,PayPal,1,Aug,Wednesday,107.68
4853,2025-08-05,Electronics,218.46,3,PayPal,1,Aug,Tuesday,655.38
4854,2025-02-14,Sports,380.19,1,UPI,4,Feb,Friday,380.19
4855,2025-08-02,Clothing,306.49,5,Credit Card,5,Aug,Saturday,1532.45
4856,2025-02-28,Electronics,347.43,1,PayPal,3,Feb,Friday,347.43
4857,2025-05-12,Clothing,148.34,3,Debit Card,4,May,Monday,445.02
4858,2025-04-14,Electronics,245.9,2,PayPal,5,Apr,Monday,491.8
4859,2025-07-14,Sports,31.75,3,Debit Card,3,Jul,Monday,95.25
4860,2025-06-06,Electronics,410.59,1,PayPal,5,Jun,Friday,410.59
4861,2025-04-08,Clothing,495.05,5,Debit Card,2,Apr,Tuesday,2475.25
4862,2025-08-14,Beauty,209.37,4,Debit Card,3,Aug,Thursday,837.48
4863,2025-07-24,Clothing,15.37,4,Debit Card,2,Jul,Thursday,61.48
4864,2025-03-20,Home & Kitchen,93.2,5,UPI,1,Mar,Thursday,466.0
4865,2025-05-04,Home & Kitchen,329.74,1,UPI,4,May,Sunday,329.74
4866,2025-08-06,Home & Kitchen,309.92,5,UPI,5,Aug,Wednesday,1549.6000000000001
4867,2025-01-04,Home & Kitchen,396.05,1,Credit Card,4,Jan,Saturday,396.05
4868,2025-03-31,Sports,134.4,3,Debit Card,5,Mar,Monday,403.20000000000005
4869,2025-04-14,Beauty,384.18,2,Credit Card,2,Apr,Monday,768.36
4870,2025-04-29,Beauty,347.11,1,UPI,3,Apr,Tuesday,347.11
4871,2025-05-13,Clothing,168.18,4,Debit Card,3,May,Tuesday,672.72
4872,2025-11-08,Electronics,277.29,4,Credit Card,5,Nov,Saturday,1109.16
4873,2025-04-06,Clothing,82.16,2,UPI,2,Apr,Sunday,164.32
4874,2025-11-27,Clothing,231.76,1,Credit Card,5,Nov,Thursday,231.76
4875,2025-05-23,Clothing,441.79,2,Credit Card,5,May,Friday,883.58
4876,2025-10-15,Clothing,216.38,3,UPI,5,Oct,Wednesday,649.14
4877,2025-01-28,Beauty,421.39,2,Debit Card,3,Jan,Tuesday,842.78
4878,2025-10-05,Electronics,299.22,3,PayPal,5,Oct,Sunday,897.6600000000001
4879,2025-08-21,Clothing,104.02,4,PayPal,3,Aug,Thursday,416.08
4880,2025-01-17,Beauty,294.74,3,Credit Card,1,Jan,Friday,884.22
4881,2025-02-28,Clothing,257.93,1,Credit Card,2,Feb,Friday,257.93
4882,2025-03-31,Home & Kitchen,205.33,1,Credit Card,1,Mar,Monday,205.33
4883,2025-07-18,Clothing,68.62,1,Debit Card,5,Jul,Friday,68.62
4884,2025-12-28,Clothing,214.19,1,Credit Card,3,Dec,Sunday,214.19
4885,2025-01-26,Sports,45.65,5,Credit Card,2,Jan,Sunday,228.25
4886,2025-01-25,Home & Kitchen,58.4,3,Credit Card,4,Jan,Saturday,175.2
4887,2025-10-28,Electronics,213.8,1,UPI,2,Oct,Tuesday,213.8
4888,2025-12-05,Clothing,159.64,2,PayPal,2,Dec,Friday,319.28
4889,2025-09-24,Electronics,463.52,2,PayPal,5,Sep,Wednesday,927.04
4890,2025-06-30,Home & Kitchen,194.1,5,UPI,1,Jun,Monday,970.5
4891,2025-12-26,Clothing,381.35,3,Debit Card,1,Dec,Friday,1144.0500000000002
4892,2025-03-09,Sports,269.82,3,Debit Card,4,Mar,Sunday,809.46
4893,2025-12-17,Beauty,355.0,3,Debit Card,5,Dec,Wednesday,1065.0
4894,2025-11-17,Sports,137.46,5,UPI,2,Nov,Monday,687.3000000000001
4895,2025-02-18,Sports,471.53,3,PayPal,1,Feb,Tuesday,1414.59
4896,2025-06-24,Beauty,269.74,3,PayPal,1,Jun,Tuesday,809.22
4897,2025-02-21,Beauty,417.35,1,Credit Card,3,Feb,Friday,417.35
4898,2025-04-12,Beauty,188.87,3,PayPal,2,Apr,Saturday,566.61
4899,2025-08-04,Clothing,59.1,1,Debit Card,5,Aug,Monday,59.1
4900,2025-07-07,Electronics,340.12,1,Debit Card,1,Jul,Monday,340.12
4901,2025-02-26,Electronics,13.8,3,Credit Card,5,Feb,Wednesday,41.400000000000006
4902,2025-02-16,Beauty,242.89,2,Credit Card,2,Feb,Sunday,485.78
4903,2025-06-08,Sports,104.47,4,PayPal,2,Jun,Sunday,417.88
4904,2025-06-23,Home & Kitchen,317.41,2,Credit Card,1,Jun,Monday,634.82
4905,2025-08-30,Beauty,489.92,3,Credit Card,4,Aug,Saturday,1469.76
4906,2025-10-09,Sports,237.56,3,UPI,5,Oct,Thursday,712.6800000000001
4907,2025-08-29,Sports,410.57,2,PayPal,5,Aug,Friday,821.14
4908,2025-01-05,Clothing,258.81,3,Debit Card,3,Jan,Sunday,776.4300000000001
4909,2025-03-25,Clothing,252.96,1,UPI,2,Mar,Tuesday,252.96
4910,2025-11-04,Electronics,465.91,5,Debit Card,2,Nov,Tuesday,2329.55
4911,2025-12-27,Electronics,446.08,3,Credit Card,1,Dec,Saturday,1338.24
4912,2025-09-05,Home & Kitchen,395.04,3,Credit Card,1,Sep,Friday,1185.1200000000001
4913,2025-02-23,Home & Kitchen,155.17,2,Debit Card,1,Feb,Sunday,310.34
4914,2025-06-10,Home & Kitchen,277.05,1,UPI,3,Jun,Tuesday,277.05
4915,2025-08-14,Home & Kitchen,119.71,2,UPI,4,Aug,Thursday,239.42
4916,2025-01-15,Sports,227.52,2,UPI,1,Jan,Wednesday,455.04
4917,2025-08-12,Sports,247.26,3,Credit Card,1,Aug,Tuesday,741.78
4918,2025-03-02,Electronics,417.5,1,PayPal,1,Mar,Sunday,417.5
4919,2025-05-02,Clothing,449.05,3,Credit Card,3,May,Friday,1347.15
4920,2025-10-04,Clothing,213.16,3,Debit Card,5,Oct,Saturday,639.48
4921,2025-02-15,Beauty,18.68,3,UPI,4,Feb,Saturday,56.04
4922,2025-10-21,Sports,432.27,3,PayPal,5,Oct,Tuesday,1296.81
4923,2025-03-03,Home & Kitchen,95.4,5,UPI,2,Mar,Monday,477.0
4924,2025-03-27,Home & Kitchen,314.72,4,Credit Card,2,Mar,Thursday,1258.88
4925,2025-07-29,Beauty,22.24,1,PayPal,1,Jul,Tuesday,22.24
4926,2025-03-19,Clothing,205.76,5,PayPal,5,Mar,Wednesday,1028.8
4927,2025-07-21,Home & Kitchen,493.12,4,Credit Card,3,Jul,Monday,1972.48
4928,2025-10-29,Clothing,59.34,4,UPI,4,Oct,Wednesday,237.36
4929,2025-08-11,Beauty,217.61,4,UPI,5,Aug,Monday,870.44
4930,2025-08-10,Clothing,160.5,5,UPI,5,Aug,Sunday,802.5
4931,2025-01-03,Clothing,453.49,1,Credit Card,4,Jan,Friday,453.49
4932,2025-01-06,Clothing,435.98,2,Debit Card,5,Jan,Monday,871.96
4933,2025-04-03,Home & Kitchen,126.47,4,Debit Card,5,Apr,Thursday,505.88
4934,2025-01-08,Electronics,49.78,2,UPI,4,Jan,Wednesday,99.56
4935,2025-08-23,Sports,317.3,2,PayPal,3,Aug,Saturday,634.6
4936,2025-04-18,Clothing,174.82,3,Debit Card,4,Apr,Friday,524.46
4937,2025-06-10,Clothing,339.32,2,UPI,1,Jun,Tuesday,678.64
4938,2025-07-28,Clothing,25.74,3,Debit Card,1,Jul,Monday,77.22
4939,2025-08-28,Electronics,75.37,1,UPI,1,Aug,Thursday,75.37
4940,2025-11-27,Beauty,346.32,1,Debit Card,1,Nov,Thursday,346.32
4941,2025-11-29,Home & Kitchen,114.06,3,Debit Card,2,Nov,Saturday,342.18
4942,2025-02-19,Electronics,430.22,1,PayPal,3,Feb,Wednesday,430.22
4943,2025-01-11,Clothing,38.71,4,PayPal,2,Jan,Saturday,154.84
4944,2025-12-17,Electronics,115.59,1,Debit Card,5,Dec,Wednesday,115.59
4945,2025-06-05,Electronics,499.29,3,UPI,5,Jun,Thursday,1497.8700000000001
4946,2025-03-11,Electronics,222.21,4,PayPal,4,Mar,Tuesday,888.84
4947,2025-06-18,Beauty,354.45,2,Credit Card,1,Jun,Wednesday,708.9
4948,2025-09-29,Sports,99.5,2,PayPal,4,Sep,Monday,199.0
4949,2025-03-09,Home & Kitchen,308.84,2,Debit Card,5,Mar,Sunday,617.68
4950,2025-12-21,Beauty,365.79,3,Debit Card,1,Dec,Sunday,1097.3700000000001
4951,2025-09-09,Beauty,164.09,2,Credit Card,3,Sep,Tuesday,328.18
4952,2025-02-17,Sports,416.16,1,PayPal,5,Feb,Monday,416.16
4953,2025-07-03,Beauty,305.67,2,Debit Card,4,Jul,Thursday,611.34
4954,2025-11-16,Electronics,200.67,5,Credit Card,4,Nov,Sunday,1003.3499999999999
4955,2025-07-06,Electronics,283.24,5,Credit Card,5,Jul,Sunday,1416.2
4956,2025-03-31,Clothing,292.61,2,UPI,2,Mar,Monday,585.22
4957,2025-11-28,Beauty,91.11,2,PayPal,3,Nov,Friday,182.22
4958,2025-05-19,Clothing,207.34,5,PayPal,5,May,Monday,1036.7
4959,2025-12-23,Home & Kitchen,178.28,2,PayPal,5,Dec,Tuesday,356.56
4960,2025-03-30,Electronics,206.44,4,Debit Card,4,Mar,Sunday,825.76
4961,2025-10-01,Home & Kitchen,382.94,5,Credit Card,1,Oct,Wednesday,1914.7
4962,2025-01-19,Sports,246.44,3,UPI,1,Jan,Sunday,739.3199999999999
4963,2025-11-07,Electronics,470.75,5,PayPal,1,Nov,Friday,2353.75
4964,2025-12-24,Home & Kitchen,153.9,1,UPI,4,Dec,Wednesday,153.9
4965,2025-06-03,Sports,213.69,4,UPI,1,Jun,Tuesday,854.76
4966,2025-09-17,Home & Kitchen,395.61,3,Credit Card,5,Sep,Wednesday,1186.83
4967,2025-04-18,Sports,277.55,2,PayPal,2,Apr,Friday,555.1
4968,2025-10-12,Sports,278.04,1,UPI,2,Oct,Sunday,278.04
4969,2025-02-28,Electronics,36.14,1,PayPal,2,Feb,Friday,36.14
4970,2025-05-05,Clothing,205.31,4,PayPal,1,May,Monday,821.24
4971,2025-12-20,Sports,142.66,3,PayPal,2,Dec,Saturday,427.98
4972,2025-09-30,Sports,499.67,1,UPI,1,Sep,Tuesday,499.67
4973,2025-04-17,Electronics,161.09,3,Credit Card,5,Apr,Thursday,483.27
4974,2025-10-26,Clothing,443.4,3,Credit Card,5,Oct,Sunday,1330.1999999999998
4975,2025-09-02,Beauty,341.35,1,UPI,4,Sep,Tuesday,341.35
4976,2025-12-02,Beauty,177.05,3,Debit Card,4,Dec,Tuesday,531.1500000000001
4977,2025-09-04,Clothing,276.33,4,PayPal,3,Sep,Thursday,1105.32
4978,2025-01-08,Home & Kitchen,421.86,1,PayPal,5,Jan,Wednesday,421.86
4979,2025-05-21,Electronics,442.85,4,Credit Card,1,May,Wednesday,1771.4
4980,2025-12-28,Clothing,88.59,4,UPI,3,Dec,Sunday,354.36
4981,2025-01-08,Beauty,176.39,3,UPI,5,Jan,Wednesday,529.17
4982,2025-12-18,Sports,174.26,3,Debit Card,1,Dec,Thursday,522.78
4983,2025-04-04,Beauty,30.6,1,Debit Card,5,Apr,Friday,30.6
4984,2025-11-17,Sports,303.14,2,Credit Card,5,Nov,Monday,606.28
4985,2025-02-08,Electronics,428.86,1,Debit Card,1,Feb,Saturday,428.86
4986,2025-03-22,Sports,196.97,4,Debit Card,5,Mar,Saturday,787.88
4987,2025-07-06,Clothing,372.62,3,UPI,5,Jul,Sunday,1117.8600000000001
4988,2025-03-25,Sports,317.57,4,UPI,5,Mar,Tuesday,1270.28
4989,2025-03-29,Home & Kitchen,194.07,5,Debit Card,4,Mar,Saturday,970.3499999999999
4990,2025-08-30,Clothing,79.12,5,Credit Card,2,Aug,Saturday,395.6
4991,2025-12-08,Electronics,357.57,4,Debit Card,5,Dec,Monday,1430.28
4992,2025-04-03,Clothing,428.74,2,Credit Card,1,Apr,Thursday,857.48
4993,2025-03-27,Home & Kitchen,346.07,2,Debit Card,5,Mar,Thursday,692.14
4994,2025-02-13,Electronics,18.76,1,UPI,4,Feb,Thursday,18.76
4995,2025-05-17,Beauty,115.95,1,UPI,4,May,Saturday,115.95
4996,2025-03-15,Home & Kitchen,44.05,1,Credit Card,5,Mar,Saturday,44.05
4997,2025-02-05,Electronics,289.49,3,Debit Card,3,Feb,Wednesday,868.47
4998,2025-04-11,Sports,380.67,2,Debit Card,2,Apr,Friday,761.34
4999,2025-06-05,Clothing,64.18,4,Credit Card,1,Jun,Thursday,256.72
5000,2025-09-12,Electronics,420.79,5,Debit Card,1,Sep,Friday,2103.9500000000003
5001,2025-06-20,Clothing,282.2,2,PayPal,1,Jun,Friday,564.4
5002,2025-08-04,Sports,348.08,2,UPI,1,Aug,Monday,696.16
5003,2025-06-19,Electronics,485.99,2,UPI,4,Jun,Thursday,971.98
5004,2025-09-09,Beauty,51.0,1,Credit Card,2,Sep,Tuesday,51.0
5005,2025-12-26,Home & Kitchen,451.6,3,Debit Card,5,Dec,Friday,1354.8000000000002
5006,2025-11-18,Electronics,71.79,4,Credit Card,5,Nov,Tuesday,287.16
5007,2025-02-24,Sports,202.55,1,PayPal,3,Feb,Monday,202.55
5008,2025-04-01,Electronics,427.2,3,Debit Card,5,Apr,Tuesday,1281.6
5009,2025-10-05,Clothing,454.06,2,PayPal,2,Oct,Sunday,908.12
5010,2025-04-11,Electronics,258.12,3,Credit Card,5,Apr,Friday,774.36
5011,2025-06-04,Beauty,301.11,1,UPI,4,Jun,Wednesday,301.11
5012,2025-12-15,Electronics,356.99,2,PayPal,5,Dec,Monday,713.98
5013,2025-12-30,Home & Kitchen,418.05,1,Debit Card,1,Dec,Tuesday,418.05
5014,2025-05-21,Electronics,69.54,4,Credit Card,1,May,Wednesday,278.16
5015,2025-06-22,Clothing,406.93,2,Credit Card,1,Jun,Sunday,813.86
5016,2025-01-10,Electronics,245.83,3,Credit Card,1,Jan,Friday,737.49
5017,2025-08-16,Beauty,230.81,1,UPI,4,Aug,Saturday,230.81
5018,2025-09-22,Sports,217.71,5,Credit Card,4,Sep,Monday,1088.55
5019,2025-09-05,Electronics,259.51,3,Credit Card,4,Sep,Friday,778.53
5020,2025-09-04,Electronics,473.07,3,UPI,5,Sep,Thursday,1419.21
5021,2025-06-04,Home & Kitchen,278.62,2,Credit Card,1,Jun,Wednesday,557.24
5022,2025-02-03,Beauty,477.06,3,Credit Card,3,Feb,Monday,1431.18
5023,2025-05-09,Sports,98.34,1,PayPal,3,May,Friday,98.34
5024,2025-06-09,Clothing,364.83,5,Credit Card,1,Jun,Monday,1824.1499999999999
5025,2025-03-30,Electronics,408.0,4,UPI,2,Mar,Sunday,1632.0
5026,2025-04-03,Sports,342.77,5,PayPal,5,Apr,Thursday,1713.85
5027,2025-11-23,Clothing,307.39,1,Credit Card,3,Nov,Sunday,307.39
5028,2025-08-29,Beauty,286.76,2,UPI,4,Aug,Friday,573.52
5029,2025-11-19,Beauty,431.86,1,Debit Card,2,Nov,Wednesday,431.86
5030,2025-04-27,Sports,412.61,3,Credit Card,4,Apr,Sunday,1237.83
5031,2025-04-04,Clothing,69.92,2,Debit Card,2,Apr,Friday,139.84
5032,2025-06-12,Beauty,425.81,4,PayPal,2,Jun,Thursday,1703.24
5033,2025-04-09,Sports,212.89,4,UPI,5,Apr,Wednesday,851.56
5034,2025-04-23,Beauty,134.31,1,PayPal,4,Apr,Wednesday,134.31
5035,2025-12-25,Beauty,436.19,3,Debit Card,4,Dec,Thursday,1308.57
5036,2025-04-01,Beauty,221.69,4,Debit Card,3,Apr,Tuesday,886.76
5037,2025-12-12,Home & Kitchen,406.1,5,Debit Card,1,Dec,Friday,2030.5
5038,2025-07-25,Clothing,139.07,2,UPI,1,Jul,Friday,278.14
5039,2025-01-17,Sports,11.93,5,Debit Card,3,Jan,Friday,59.65
5040,2025-10-01,Sports,252.78,4,Debit Card,2,Oct,Wednesday,1011.12
5041,2025-06-22,Clothing,59.11,4,UPI,3,Jun,Sunday,236.44
5042,2025-04-26,Clothing,379.64,1,Debit Card,3,Apr,Saturday,379.64
5043,2025-12-15,Clothing,145.28,1,Credit Card,4,Dec,Monday,145.28
5044,2025-06-30,Clothing,227.39,2,Debit Card,3,Jun,Monday,454.78
5045,2025-04-01,Electronics,52.65,1,UPI,2,Apr,Tuesday,52.65
5046,2025-03-23,Sports,150.46,3,Debit Card,1,Mar,Sunday,451.38
5047,2025-11-20,Electronics,392.93,2,UPI,5,Nov,Thursday,785.86
5048,2025-04-24,Beauty,84.28,3,Debit Card,3,Apr,Thursday,252.84
5049,2025-09-14,Beauty,327.11,1,Credit Card,3,Sep,Sunday,327.11
5050,2025-02-27,Sports,459.54,2,UPI,4,Feb,Thursday,919.08
5051,2025-06-03,Beauty,343.12,4,UPI,4,Jun,Tuesday,1372.48
5052,2025-12-31,Clothing,407.4,5,UPI,3,Dec,Wednesday,2037.0
5053,2025-04-26,Electronics,63.4,4,UPI,3,Apr,Saturday,253.6
5054,2025-12-09,Clothing,132.86,3,Debit Card,2,Dec,Tuesday,398.58000000000004
5055,2025-09-23,Beauty,448.32,4,Debit Card,1,Sep,Tuesday,1793.28
5056,2025-11-11,Electronics,360.4,4,Credit Card,1,Nov,Tuesday,1441.6
5057,2025-07-22,Clothing,323.38,5,Credit Card,5,Jul,Tuesday,1616.9
5058,2025-02-10,Sports,335.25,5,Debit Card,1,Feb,Monday,1676.25
5059,2025-04-15,Clothing,212.96,4,PayPal,5,Apr,Tuesday,851.84
5060,2025-07-12,Beauty,31.83,5,UPI,4,Jul,Saturday,159.14999999999998
5061,2025-10-05,Electronics,394.38,4,Debit Card,5,Oct,Sunday,1577.52
5062,2025-12-20,Sports,342.57,2,Credit Card,5,Dec,Saturday,685.14
5063,2025-08-25,Electronics,241.67,4,UPI,1,Aug,Monday,966.68
5064,2025-08-09,Sports,450.88,1,Credit Card,3,Aug,Saturday,450.88
5065,2025-03-09,Electronics,174.72,5,PayPal,4,Mar,Sunday,873.6
5066,2025-07-16,Beauty,154.22,5,UPI,2,Jul,Wednesday,771.1
5067,2025-09-13,Sports,437.67,3,PayPal,5,Sep,Saturday,1313.01
5068,2025-05-19,Home & Kitchen,400.52,3,PayPal,5,May,Monday,1201.56
5069,2025-11-08,Electronics,262.34,1,PayPal,5,Nov,Saturday,262.34
5070,2025-05-29,Electronics,74.06,5,Debit Card,3,May,Thursday,370.3
5071,2025-04-09,Clothing,115.39,5,Credit Card,2,Apr,Wednesday,576.95
5072,2025-03-17,Sports,331.55,3,UPI,1,Mar,Monday,994.6500000000001
5073,2025-10-09,Home & Kitchen,198.67,3,Debit Card,4,Oct,Thursday,596.01
5074,2025-04-19,Beauty,419.87,4,Credit Card,3,Apr,Saturday,1679.48
5075,2025-07-07,Clothing,475.48,5,Debit Card,2,Jul,Monday,2377.4
5076,2025-07-18,Home & Kitchen,404.76,5,Credit Card,4,Jul,Friday,2023.8
5077,2025-10-30,Sports,195.0,4,UPI,1,Oct,Thursday,780.0
5078,2025-11-23,Home & Kitchen,396.46,5,UPI,4,Nov,Sunday,1982.3
5079,2025-06-03,Electronics,182.21,1,UPI,5,Jun,Tuesday,182.21
5080,2025-02-09,Electronics,91.88,3,UPI,5,Feb,Sunday,275.64
5081,2025-05-13,Clothing,26.36,3,Credit Card,3,May,Tuesday,79.08
5082,2025-05-12,Sports,199.0,3,Debit Card,4,May,Monday,597.0
5083,2025-10-06,Sports,452.74,2,UPI,5,Oct,Monday,905.48
5084,2025-12-28,Home & Kitchen,127.1,1,UPI,3,Dec,Sunday,127.1
5085,2025-03-25,Clothing,111.19,1,UPI,3,Mar,Tuesday,111.19
5086,2025-08-30,Sports,485.21,4,PayPal,3,Aug,Saturday,1940.84
5087,2025-04-26,Electronics,22.25,2,UPI,1,Apr,Saturday,44.5
5088,2025-04-19,Home & Kitchen,395.03,5,UPI,5,Apr,Saturday,1975.1499999999999
5089,2025-08-09,Beauty,167.47,1,Credit Card,5,Aug,Saturday,167.47
5090,2025-02-10,Electronics,28.37,2,PayPal,2,Feb,Monday,56.74
5091,2025-05-27,Clothing,459.72,2,Credit Card,1,May,Tuesday,919.44
5092,2025-04-22,Sports,78.42,1,Debit Card,5,Apr,Tuesday,78.42
5093,2025-04-13,Electronics,280.37,4,PayPal,5,Apr,Sunday,1121.48
5094,2025-02-15,Beauty,144.29,2,Credit Card,2,Feb,Saturday,288.58
5095,2025-11-20,Beauty,41.94,3,Credit Card,4,Nov,Thursday,125.82
5096,2025-09-28,Clothing,34.46,2,Debit Card,4,Sep,Sunday,68.92
5097,2025-07-14,Electronics,66.62,5,Debit Card,1,Jul,Monday,333.1
5098,2025-10-07,Home & Kitchen,44.97,1,UPI,3,Oct,Tuesday,44.97
5099,2025-10-10,Electronics,382.67,5,UPI,2,Oct,Friday,1913.3500000000001
5100,2025-02-09,Beauty,247.93,4,PayPal,2,Feb,Sunday,991.72
5101,2025-07-08,Clothing,178.02,3,PayPal,5,Jul,Tuesday,534.0600000000001
5102,2025-06-13,Clothing,215.0,1,Debit Card,5,Jun,Friday,215.0
5103,2025-01-24,Home & Kitchen,465.18,2,PayPal,2,Jan,Friday,930.36
5104,2025-01-24,Clothing,456.27,3,UPI,3,Jan,Friday,1368.81
5105,2025-01-04,Clothing,360.68,2,Debit Card,4,Jan,Saturday,721.36
5106,2025-11-19,Clothing,443.49,4,Credit Card,1,Nov,Wednesday,1773.96
5107,2025-10-17,Clothing,166.63,1,Debit Card,4,Oct,Friday,166.63
5108,2025-06-30,Clothing,196.74,4,PayPal,1,Jun,Monday,786.96
5109,2025-09-05,Beauty,310.72,4,UPI,3,Sep,Friday,1242.88
5110,2025-04-26,Electronics,315.58,4,UPI,2,Apr,Saturday,1262.32
5111,2025-10-06,Sports,246.03,4,Credit Card,3,Oct,Monday,984.12
5112,2025-12-31,Clothing,206.32,2,Credit Card,2,Dec,Wednesday,412.64
5113,2025-03-10,Sports,493.23,5,Debit Card,5,Mar,Monday,2466.15
5114,2025-12-17,Sports,412.35,2,UPI,1,Dec,Wednesday,824.7
5115,2025-09-11,Beauty,223.14,3,Credit Card,5,Sep,Thursday,669.42
5116,2025-06-30,Clothing,366.37,4,Credit Card,2,Jun,Monday,1465.48
5117,2025-11-14,Sports,142.09,3,Debit Card,1,Nov,Friday,426.27
5118,2025-06-18,Clothing,59.08,2,Debit Card,1,Jun,Wednesday,118.16
5119,2025-11-09,Home & Kitchen,182.69,4,UPI,5,Nov,Sunday,730.76
5120,2025-09-06,Home & Kitchen,207.46,2,PayPal,1,Sep,Saturday,414.92
5121,2025-07-07,Home & Kitchen,18.1,4,PayPal,2,Jul,Monday,72.4
5122,2025-02-23,Sports,409.25,2,UPI,2,Feb,Sunday,818.5
5123,2025-11-22,Home & Kitchen,186.0,1,PayPal,5,Nov,Saturday,186.0
5124,2025-12-23,Beauty,294.4,5,UPI,3,Dec,Tuesday,1472.0
5125,2025-11-09,Beauty,46.24,5,UPI,2,Nov,Sunday,231.20000000000002
5126,2025-05-18,Sports,95.75,4,Credit Card,2,May,Sunday,383.0
5127,2025-06-17,Clothing,445.95,1,PayPal,1,Jun,Tuesday,445.95
5128,2025-04-13,Electronics,308.26,3,UPI,1,Apr,Sunday,924.78
5129,2025-03-26,Clothing,475.64,1,PayPal,2,Mar,Wednesday,475.64
5130,2025-11-13,Clothing,499.39,4,PayPal,5,Nov,Thursday,1997.56
5131,2025-07-31,Clothing,192.21,1,Debit Card,3,Jul,Thursday,192.21
5132,2025-01-03,Clothing,156.41,3,PayPal,1,Jan,Friday,469.23
5133,2025-06-28,Electronics,430.59,4,UPI,1,Jun,Saturday,1722.36
5134,2025-12-08,Home & Kitchen,499.32,5,Credit Card,3,Dec,Monday,2496.6
5135,2025-10-30,Clothing,318.52,1,PayPal,1,Oct,Thursday,318.52
5136,2025-11-28,Beauty,399.62,5,UPI,5,Nov,Friday,1998.1
5137,2025-02-07,Sports,393.06,5,Debit Card,1,Feb,Friday,1965.3
5138,2025-08-27,Sports,184.12,2,PayPal,1,Aug,Wednesday,368.24
5139,2025-06-18,Beauty,291.39,3,Credit Card,2,Jun,Wednesday,874.17
5140,2025-12-09,Clothing,418.2,1,PayPal,5,Dec,Tuesday,418.2
5141,2025-11-10,Electronics,347.18,5,UPI,5,Nov,Monday,1735.9
5142,2025-11-02,Home & Kitchen,20.37,5,PayPal,2,Nov,Sunday,101.85000000000001
5143,2025-01-30,Sports,174.99,3,PayPal,4,Jan,Thursday,524.97
5144,2025-07-09,Home & Kitchen,80.79,5,Debit Card,3,Jul,Wednesday,403.95000000000005
5145,2025-12-23,Electronics,124.16,5,PayPal,5,Dec,Tuesday,620.8
5146,2025-01-25,Sports,453.69,5,Credit Card,4,Jan,Saturday,2268.45
5147,2025-04-22,Home & Kitchen,28.08,5,PayPal,3,Apr,Tuesday,140.39999999999998
5148,2025-07-25,Electronics,117.7,2,Debit Card,5,Jul,Friday,235.4
5149,2025-07-04,Home & Kitchen,161.69,2,UPI,1,Jul,Friday,323.38
5150,2025-02-16,Clothing,312.27,4,PayPal,5,Feb,Sunday,1249.08
5151,2025-08-16,Electronics,271.71,1,PayPal,3,Aug,Saturday,271.71
5152,2025-02-08,Home & Kitchen,116.95,3,Debit Card,4,Feb,Saturday,350.85
5153,2025-01-16,Clothing,90.48,4,Debit Card,1,Jan,Thursday,361.92
5154,2025-01-22,Clothing,126.03,2,Debit Card,3,Jan,Wednesday,252.06
5155,2025-08-01,Electronics,256.24,2,PayPal,3,Aug,Friday,512.48
5156,2025-11-06,Beauty,142.88,2,Credit Card,5,Nov,Thursday,285.76
5157,2025-05-29,Sports,474.33,4,Debit Card,2,May,Thursday,1897.32
5158,2025-08-29,Electronics,237.29,2,UPI,2,Aug,Friday,474.58
5159,2025-09-29,Clothing,38.81,4,PayPal,1,Sep,Monday,155.24
5160,2025-02-28,Clothing,367.34,2,UPI,3,Feb,Friday,734.68
5161,2025-10-14,Electronics,171.13,5,UPI,4,Oct,Tuesday,855.65
5162,2025-07-21,Beauty,330.21,5,Credit Card,1,Jul,Monday,1651.05
5163,2025-02-01,Sports,147.0,1,UPI,1,Feb,Saturday,147.0
5164,2025-06-11,Home & Kitchen,289.66,2,Debit Card,5,Jun,Wednesday,579.32
5165,2025-09-12,Electronics,388.35,1,Debit Card,4,Sep,Friday,388.35
5166,2025-09-11,Sports,464.72,4,PayPal,3,Sep,Thursday,1858.88
5167,2025-01-09,Sports,137.95,1,Credit Card,3,Jan,Thursday,137.95
5168,2025-05-19,Clothing,174.08,2,Credit Card,3,May,Monday,348.16
5169,2025-01-10,Home & Kitchen,237.49,4,UPI,1,Jan,Friday,949.96
5170,2025-08-02,Electronics,464.32,4,Credit Card,5,Aug,Saturday,1857.28
5171,2025-09-30,Clothing,451.68,5,UPI,1,Sep,Tuesday,2258.4
5172,2025-11-20,Clothing,54.04,4,UPI,2,Nov,Thursday,216.16
5173,2025-02-17,Beauty,74.65,4,Credit Card,2,Feb,Monday,298.6
5174,2025-04-21,Sports,252.8,1,PayPal,3,Apr,Monday,252.8
5175,2025-06-02,Electronics,62.24,4,UPI,5,Jun,Monday,248.96
5176,2025-05-03,Electronics,179.33,3,Debit Card,3,May,Saturday,537.99
5177,2025-12-23,Electronics,82.71,5,Debit Card,3,Dec,Tuesday,413.54999999999995
5178,2025-04-12,Clothing,321.66,5,Credit Card,1,Apr,Saturday,1608.3000000000002
5179,2025-08-29,Beauty,475.25,4,Credit Card,3,Aug,Friday,1901.0
5180,2025-11-17,Home & Kitchen,498.4,1,UPI,3,Nov,Monday,498.4
5181,2025-07-10,Clothing,193.87,5,UPI,5,Jul,Thursday,969.35
5182,2025-08-05,Home & Kitchen,303.52,5,Debit Card,5,Aug,Tuesday,1517.6
5183,2025-02-20,Beauty,429.57,3,UPI,5,Feb,Thursday,1288.71
5184,2025-10-19,Sports,67.56,4,Debit Card,3,Oct,Sunday,270.24
5185,2025-03-22,Electronics,347.89,5,UPI,5,Mar,Saturday,1739.4499999999998
5186,2025-03-29,Home & Kitchen,210.33,5,PayPal,5,Mar,Saturday,1051.65
5187,2025-07-13,Clothing,111.01,5,PayPal,4,Jul,Sunday,555.0500000000001
5188,2025-04-14,Home & Kitchen,207.35,5,Debit Card,4,Apr,Monday,1036.75
5189,2025-09-28,Sports,47.22,1,PayPal,2,Sep,Sunday,47.22
5190,2025-04-06,Electronics,350.75,2,PayPal,1,Apr,Sunday,701.5
5191,2025-07-17,Home & Kitchen,133.84,3,Credit Card,1,Jul,Thursday,401.52
5192,2025-01-01,Sports,162.59,1,UPI,5,Jan,Wednesday,162.59
5193,2025-06-16,Clothing,69.33,3,Credit Card,2,Jun,Monday,207.99
5194,2025-05-06,Beauty,433.68,5,Debit Card,2,May,Tuesday,2168.4
5195,2025-11-09,Clothing,251.79,3,Credit Card,4,Nov,Sunday,755.37
5196,2025-03-22,Electronics,290.35,4,Debit Card,2,Mar,Saturday,1161.4
5197,2025-09-08,Clothing,289.02,4,PayPal,3,Sep,Monday,1156.08
5198,2025-06-18,Clothing,211.14,2,Credit Card,5,Jun,Wednesday,422.28
5199,2025-03-14,Clothing,104.34,2,PayPal,3,Mar,Friday,208.68
5200,2025-05-21,Clothing,375.12,3,UPI,1,May,Wednesday,1125.3600000000001
5201,2025-03-11,Electronics,72.26,1,PayPal,4,Mar,Tuesday,72.26
5202,2025-09-19,Sports,60.9,1,UPI,3,Sep,Friday,60.9
5203,2025-12-06,Home & Kitchen,357.97,5,PayPal,5,Dec,Saturday,1789.8500000000001
5204,2025-11-04,Beauty,112.33,1,Credit Card,3,Nov,Tuesday,112.33
5205,2025-09-02,Home & Kitchen,160.32,2,Credit Card,3,Sep,Tuesday,320.64
5206,2025-01-03,Home & Kitchen,242.86,1,PayPal,2,Jan,Friday,242.86
5207,2025-12-03,Beauty,230.18,5,Debit Card,4,Dec,Wednesday,1150.9
5208,2025-03-04,Electronics,357.2,4,Debit Card,1,Mar,Tuesday,1428.8
5209,2025-02-18,Beauty,315.48,1,UPI,5,Feb,Tuesday,315.48
5210,2025-03-17,Electronics,325.75,1,UPI,5,Mar,Monday,325.75
5211,2025-06-24,Home & Kitchen,359.89,2,PayPal,1,Jun,Tuesday,719.78
5212,2025-04-19,Electronics,153.38,3,Credit Card,5,Apr,Saturday,460.14
5213,2025-07-02,Sports,167.94,4,UPI,2,Jul,Wednesday,671.76
5214,2025-07-11,Beauty,224.62,3,PayPal,3,Jul,Friday,673.86
5215,2025-03-06,Sports,160.66,5,UPI,2,Mar,Thursday,803.3
5216,2025-12-03,Home & Kitchen,492.62,5,Credit Card,2,Dec,Wednesday,2463.1
5217,2025-09-28,Beauty,408.89,3,UPI,2,Sep,Sunday,1226.67
5218,2025-04-10,Home & Kitchen,90.68,2,PayPal,1,Apr,Thursday,181.36
5219,2025-02-01,Sports,12.74,2,UPI,4,Feb,Saturday,25.48
5220,2025-12-18,Home & Kitchen,30.96,2,Debit Card,1,Dec,Thursday,61.92
5221,2025-05-08,Beauty,129.59,4,UPI,1,May,Thursday,518.36
5222,2025-12-05,Beauty,66.0,5,Credit Card,2,Dec,Friday,330.0
5223,2025-02-12,Home & Kitchen,271.34,5,Credit Card,4,Feb,Wednesday,1356.6999999999998
5224,2025-03-19,Beauty,430.42,5,Credit Card,1,Mar,Wednesday,2152.1
5225,2025-11-10,Beauty,371.01,4,Credit Card,4,Nov,Monday,1484.04
5226,2025-10-16,Home & Kitchen,115.65,5,PayPal,2,Oct,Thursday,578.25
5227,2025-09-27,Sports,205.66,3,UPI,1,Sep,Saturday,616.98
5228,2025-06-11,Beauty,258.87,1,UPI,4,Jun,Wednesday,258.87
5229,2025-07-08,Beauty,407.0,4,UPI,5,Jul,Tuesday,1628.0
5230,2025-09-04,Beauty,421.17,1,UPI,1,Sep,Thursday,421.17
5231,2025-08-04,Beauty,455.76,3,PayPal,1,Aug,Monday,1367.28
5232,2025-11-11,Home & Kitchen,259.53,2,Credit Card,1,Nov,Tuesday,519.06
5233,2025-12-05,Sports,350.19,2,UPI,4,Dec,Friday,700.38
5234,2025-06-17,Sports,64.78,2,UPI,3,Jun,Tuesday,129.56
5235,2025-12-05,Electronics,286.99,4,Credit Card,1,Dec,Friday,1147.96
5236,2025-07-12,Beauty,131.86,2,Debit Card,5,Jul,Saturday,263.72
5237,2025-10-10,Beauty,221.54,4,Debit Card,5,Oct,Friday,886.16
5238,2025-12-02,Electronics,320.68,4,Credit Card,2,Dec,Tuesday,1282.72
5239,2025-01-13,Sports,135.92,1,UPI,3,Jan,Monday,135.92
5240,2025-08-28,Clothing,35.57,2,Credit Card,3,Aug,Thursday,71.14
5241,2025-11-16,Clothing,15.01,5,UPI,4,Nov,Sunday,75.05
5242,2025-05-27,Sports,20.86,2,UPI,2,May,Tuesday,41.72
5243,2025-07-23,Beauty,14.09,2,Debit Card,4,Jul,Wednesday,28.18
5244,2025-03-21,Clothing,64.07,2,Debit Card,2,Mar,Friday,128.14
5245,2025-02-12,Home & Kitchen,127.35,5,UPI,3,Feb,Wednesday,636.75
5246,2025-03-30,Home & Kitchen,118.4,5,UPI,4,Mar,Sunday,592.0
5247,2025-05-28,Electronics,493.53,4,UPI,2,May,Wednesday,1974.12
5248,2025-04-05,Sports,159.94,5,Debit Card,3,Apr,Saturday,799.7
5249,2025-05-31,Sports,72.44,4,UPI,3,May,Saturday,289.76
5250,2025-01-02,Clothing,277.33,1,Credit Card,1,Jan,Thursday,277.33
5251,2025-01-22,Beauty,430.4,4,PayPal,4,Jan,Wednesday,1721.6
5252,2025-11-09,Sports,342.25,2,PayPal,1,Nov,Sunday,684.5
5253,2025-11-24,Clothing,155.08,3,UPI,3,Nov,Monday,465.24
5254,2025-01-07,Clothing,285.19,3,Credit Card,4,Jan,Tuesday,855.5699999999999
5255,2025-07-25,Sports,360.28,2,UPI,4,Jul,Friday,720.56
5256,2025-04-24,Clothing,366.77,4,Credit Card,5,Apr,Thursday,1467.08
5257,2025-09-29,Electronics,336.6,2,Debit Card,2,Sep,Monday,673.2
5258,2025-03-24,Electronics,436.7,5,Debit Card,5,Mar,Monday,2183.5
5259,2025-06-28,Sports,436.35,4,UPI,5,Jun,Saturday,1745.4
5260,2025-07-29,Beauty,293.68,2,Debit Card,3,Jul,Tuesday,587.36
5261,2025-11-24,Electronics,220.63,5,UPI,2,Nov,Monday,1103.15
5262,2025-05-04,Electronics,324.37,5,PayPal,5,May,Sunday,1621.85
5263,2025-04-23,Sports,410.92,4,Credit Card,5,Apr,Wednesday,1643.68
5264,2025-01-12,Home & Kitchen,12.77,1,Credit Card,4,Jan,Sunday,12.77
5265,2025-05-06,Clothing,496.08,1,PayPal,3,May,Tuesday,496.08
5266,2025-02-22,Electronics,99.62,5,PayPal,5,Feb,Saturday,498.1
5267,2025-11-27,Home & Kitchen,240.42,1,PayPal,2,Nov,Thursday,240.42
5268,2025-10-10,Beauty,437.29,5,PayPal,1,Oct,Friday,2186.4500000000003
5269,2025-05-20,Home & Kitchen,120.27,1,Debit Card,1,May,Tuesday,120.27
5270,2025-04-07,Sports,243.63,5,Credit Card,3,Apr,Monday,1218.15
5271,2025-01-05,Beauty,74.97,5,Credit Card,1,Jan,Sunday,374.85
5272,2025-02-26,Beauty,203.59,5,PayPal,4,Feb,Wednesday,1017.95
5273,2025-11-30,Home & Kitchen,96.8,5,UPI,4,Nov,Sunday,484.0
5274,2025-03-10,Sports,188.18,3,UPI,2,Mar,Monday,564.54
5275,2025-04-28,Electronics,193.0,1,UPI,3,Apr,Monday,193.0
5276,2025-02-28,Home & Kitchen,496.65,5,UPI,3,Feb,Friday,2483.25
5277,2025-02-02,Electronics,497.46,2,Debit Card,1,Feb,Sunday,994.92
5278,2025-11-14,Home & Kitchen,66.25,4,Credit Card,5,Nov,Friday,265.0
5279,2025-02-19,Electronics,365.72,2,Credit Card,5,Feb,Wednesday,731.44
5280,2025-01-19,Home & Kitchen,35.36,2,Credit Card,5,Jan,Sunday,70.72
5281,2025-08-02,Beauty,24.79,3,UPI,2,Aug,Saturday,74.37
5282,2025-07-16,Clothing,61.61,1,PayPal,3,Jul,Wednesday,61.61
5283,2025-02-16,Beauty,483.09,3,UPI,1,Feb,Sunday,1449.27
5284,2025-06-16,Electronics,471.02,1,Credit Card,2,Jun,Monday,471.02
5285,2025-10-16,Sports,105.02,5,UPI,4,Oct,Thursday,525.1
5286,2025-05-21,Beauty,89.22,3,PayPal,4,May,Wednesday,267.65999999999997
5287,2025-03-25,Clothing,127.86,4,PayPal,4,Mar,Tuesday,511.44
5288,2025-07-01,Electronics,262.62,1,UPI,3,Jul,Tuesday,262.62
5289,2025-03-20,Beauty,289.16,3,Credit Card,4,Mar,Thursday,867.48
5290,2025-08-03,Home & Kitchen,118.58,4,Debit Card,5,Aug,Sunday,474.32
5291,2025-01-14,Sports,380.75,2,Credit Card,4,Jan,Tuesday,761.5
5292,2025-08-03,Electronics,161.68,5,Debit Card,2,Aug,Sunday,808.4000000000001
5293,2025-05-08,Beauty,461.84,5,Credit Card,4,May,Thursday,2309.2
5294,2025-11-06,Electronics,331.79,2,UPI,5,Nov,Thursday,663.58
5295,2025-09-05,Home & Kitchen,223.81,3,Debit Card,4,Sep,Friday,671.4300000000001
5296,2025-01-29,Clothing,397.06,2,Credit Card,1,Jan,Wednesday,794.12
5297,2025-10-07,Beauty,410.78,4,UPI,5,Oct,Tuesday,1643.12
5298,2025-12-04,Electronics,152.34,1,Credit Card,3,Dec,Thursday,152.34
5299,2025-11-15,Electronics,176.46,3,PayPal,4,Nov,Saturday,529.38
5300,2025-07-21,Electronics,468.62,1,PayPal,2,Jul,Monday,468.62
5301,2025-12-27,Clothing,90.72,2,Credit Card,4,Dec,Saturday,181.44
5302,2025-02-26,Electronics,30.65,5,UPI,2,Feb,Wednesday,153.25
5303,2025-08-06,Sports,232.49,1,Credit Card,1,Aug,Wednesday,232.49
5304,2025-03-03,Sports,402.59,1,UPI,3,Mar,Monday,402.59
5305,2025-06-06,Electronics,388.12,5,Debit Card,5,Jun,Friday,1940.6
5306,2025-07-21,Sports,460.57,1,PayPal,5,Jul,Monday,460.57
5307,2025-01-17,Beauty,271.27,1,Debit Card,3,Jan,Friday,271.27
5308,2025-11-18,Sports,59.03,5,UPI,1,Nov,Tuesday,295.15
5309,2025-01-06,Electronics,298.46,5,Credit Card,1,Jan,Monday,1492.3
5310,2025-02-27,Home & Kitchen,391.41,2,PayPal,4,Feb,Thursday,782.82
5311,2025-11-21,Beauty,55.73,2,UPI,1,Nov,Friday,111.46
5312,2025-11-14,Clothing,94.6,1,UPI,4,Nov,Friday,94.6
5313,2025-06-18,Electronics,16.02,3,PayPal,2,Jun,Wednesday,48.06
5314,2025-03-23,Clothing,300.89,2,Credit Card,3,Mar,Sunday,601.78
5315,2025-08-07,Home & Kitchen,444.5,2,PayPal,2,Aug,Thursday,889.0
5316,2025-06-26,Clothing,338.63,3,Credit Card,2,Jun,Thursday,1015.89
5317,2025-07-23,Electronics,491.2,3,Credit Card,2,Jul,Wednesday,1473.6
5318,2025-03-12,Electronics,40.89,5,UPI,2,Mar,Wednesday,204.45
5319,2025-09-23,Home & Kitchen,452.47,2,Credit Card,5,Sep,Tuesday,904.94
5320,2025-04-08,Electronics,408.89,4,Credit Card,1,Apr,Tuesday,1635.56
5321,2025-12-11,Home & Kitchen,163.98,4,PayPal,3,Dec,Thursday,655.92
5322,2025-10-18,Home & Kitchen,487.03,1,PayPal,3,Oct,Saturday,487.03
5323,2025-07-27,Electronics,151.09,2,Credit Card,2,Jul,Sunday,302.18
5324,2025-01-02,Sports,445.76,4,UPI,3,Jan,Thursday,1783.04
5325,2025-05-04,Home & Kitchen,441.57,2,PayPal,4,May,Sunday,883.14
5326,2025-10-07,Electronics,381.25,2,Debit Card,3,Oct,Tuesday,762.5
5327,2025-03-15,Sports,286.1,4,UPI,2,Mar,Saturday,1144.4
5328,2025-06-15,Home & Kitchen,68.8,2,PayPal,3,Jun,Sunday,137.6
5329,2025-01-22,Sports,270.67,3,PayPal,1,Jan,Wednesday,812.01
5330,2025-06-03,Beauty,184.83,1,Debit Card,2,Jun,Tuesday,184.83
5331,2025-10-22,Beauty,398.19,5,Credit Card,5,Oct,Wednesday,1990.95
5332,2025-08-07,Sports,381.48,4,PayPal,1,Aug,Thursday,1525.92
5333,2025-06-06,Home & Kitchen,456.2,5,Debit Card,3,Jun,Friday,2281.0
5334,2025-08-18,Electronics,17.27,1,Debit Card,5,Aug,Monday,17.27
5335,2025-01-20,Clothing,406.46,3,PayPal,1,Jan,Monday,1219.3799999999999
5336,2025-02-10,Electronics,469.85,3,UPI,4,Feb,Monday,1409.5500000000002
5337,2025-05-28,Clothing,396.76,3,PayPal,1,May,Wednesday,1190.28
5338,2025-04-18,Clothing,73.8,3,Debit Card,5,Apr,Friday,221.39999999999998
5339,2025-03-25,Home & Kitchen,49.83,4,PayPal,4,Mar,Tuesday,199.32
5340,2025-11-18,Sports,20.21,4,UPI,3,Nov,Tuesday,80.84
5341,2025-11-05,Electronics,318.09,2,Credit Card,2,Nov,Wednesday,636.18
5342,2025-10-17,Sports,318.54,2,Credit Card,3,Oct,Friday,637.08
5343,2025-11-19,Beauty,493.59,1,PayPal,2,Nov,Wednesday,493.59
5344,2025-05-14,Home & Kitchen,205.04,2,PayPal,2,May,Wednesday,410.08
5345,2025-07-26,Home & Kitchen,172.63,1,Debit Card,5,Jul,Saturday,172.63
5346,2025-10-10,Beauty,315.97,1,UPI,4,Oct,Friday,315.97
5347,2025-09-23,Electronics,414.55,1,Debit Card,4,Sep,Tuesday,414.55
5348,2025-03-14,Beauty,469.02,3,Debit Card,1,Mar,Friday,1407.06
5349,2025-12-18,Electronics,403.53,5,Credit Card,3,Dec,Thursday,2017.6499999999999
5350,2025-02-17,Clothing,219.07,5,Debit Card,5,Feb,Monday,1095.35
5351,2025-11-22,Home & Kitchen,321.11,4,Debit Card,3,Nov,Saturday,1284.44
5352,2025-08-21,Electronics,429.59,1,Credit Card,1,Aug,Thursday,429.59
5353,2025-04-10,Sports,250.4,3,Credit Card,1,Apr,Thursday,751.2
5354,2025-02-28,Sports,116.18,2,UPI,5,Feb,Friday,232.36
5355,2025-09-15,Home & Kitchen,93.16,2,UPI,1,Sep,Monday,186.32
5356,2025-03-06,Beauty,10.08,4,UPI,5,Mar,Thursday,40.32
5357,2025-03-24,Beauty,361.94,4,PayPal,1,Mar,Monday,1447.76
5358,2025-06-03,Electronics,64.44,1,Credit Card,4,Jun,Tuesday,64.44
5359,2025-09-23,Beauty,129.48,1,PayPal,5,Sep,Tuesday,129.48
5360,2025-11-05,Home & Kitchen,155.96,2,PayPal,4,Nov,Wednesday,311.92
5361,2025-03-20,Electronics,284.59,2,UPI,4,Mar,Thursday,569.18
5362,2025-11-11,Clothing,205.0,2,Credit Card,5,Nov,Tuesday,410.0
5363,2025-05-30,Beauty,340.59,2,PayPal,3,May,Friday,681.18
5364,2025-02-17,Beauty,37.26,5,Debit Card,2,Feb,Monday,186.29999999999998
5365,2025-09-05,Electronics,70.73,1,Debit Card,1,Sep,Friday,70.73
5366,2025-10-05,Sports,254.61,1,Credit Card,1,Oct,Sunday,254.61
5367,2025-12-22,Beauty,175.11,2,PayPal,3,Dec,Monday,350.22
5368,2025-04-08,Home & Kitchen,154.95,3,UPI,2,Apr,Tuesday,464.84999999999997
5369,2025-01-25,Beauty,42.84,2,PayPal,3,Jan,Saturday,85.68
5370,2025-10-11,Clothing,448.9,4,Debit Card,2,Oct,Saturday,1795.6
5371,2025-10-28,Beauty,348.99,3,Debit Card,5,Oct,Tuesday,1046.97
5372,2025-03-09,Sports,69.59,4,UPI,5,Mar,Sunday,278.36
5373,2025-01-07,Beauty,41.87,3,Credit Card,4,Jan,Tuesday,125.60999999999999
5374,2025-11-01,Electronics,487.69,4,PayPal,4,Nov,Saturday,1950.76
5375,2025-05-17,Beauty,343.77,2,Debit Card,5,May,Saturday,687.54
5376,2025-06-13,Sports,214.55,2,PayPal,4,Jun,Friday,429.1
5377,2025-03-24,Electronics,353.85,3,UPI,5,Mar,Monday,1061.5500000000002
5378,2025-05-18,Home & Kitchen,380.6,4,UPI,3,May,Sunday,1522.4
5379,2025-03-14,Electronics,392.18,5,Credit Card,1,Mar,Friday,1960.9
5380,2025-08-25,Clothing,244.16,3,UPI,5,Aug,Monday,732.48
5381,2025-02-15,Electronics,220.64,3,Credit Card,5,Feb,Saturday,661.92
5382,2025-04-16,Home & Kitchen,15.4,1,PayPal,5,Apr,Wednesday,15.4
5383,2025-10-15,Beauty,464.01,3,Debit Card,4,Oct,Wednesday,1392.03
5384,2025-09-19,Electronics,305.62,5,Debit Card,4,Sep,Friday,1528.1
5385,2025-06-25,Electronics,109.55,2,Credit Card,4,Jun,Wednesday,219.1
5386,2025-06-15,Electronics,460.61,4,Debit Card,4,Jun,Sunday,1842.44
5387,2025-05-25,Electronics,458.32,1,Credit Card,3,May,Sunday,458.32
5388,2025-11-26,Home & Kitchen,494.7,4,Credit Card,5,Nov,Wednesday,1978.8
5389,2025-10-10,Sports,438.29,2,PayPal,3,Oct,Friday,876.58
5390,2025-02-23,Sports,498.91,3,PayPal,4,Feb,Sunday,1496.73
5391,2025-06-27,Electronics,129.9,5,UPI,3,Jun,Friday,649.5
5392,2025-09-01,Home & Kitchen,422.7,1,Credit Card,5,Sep,Monday,422.7
5393,2025-12-07,Home & Kitchen,413.28,5,PayPal,5,Dec,Sunday,2066.3999999999996
5394,2025-05-07,Electronics,123.16,5,Credit Card,4,May,Wednesday,615.8
5395,2025-09-28,Clothing,58.23,5,Credit Card,5,Sep,Sunday,291.15
5396,2025-05-12,Electronics,489.92,5,Credit Card,3,May,Monday,2449.6
5397,2025-04-03,Clothing,155.05,2,PayPal,2,Apr,Thursday,310.1
5398,2025-03-14,Electronics,436.74,5,Credit Card,5,Mar,Friday,2183.7
5399,2025-09-05,Clothing,12.02,5,Credit Card,3,Sep,Friday,60.099999999999994
5400,2025-12-14,Clothing,20.3,2,UPI,3,Dec,Sunday,40.6
5401,2025-09-30,Electronics,238.28,4,Credit Card,3,Sep,Tuesday,953.12
5402,2025-02-12,Clothing,126.97,2,UPI,5,Feb,Wednesday,253.94
5403,2025-02-10,Beauty,348.02,3,Credit Card,2,Feb,Monday,1044.06
5404,2025-06-19,Sports,287.13,2,UPI,4,Jun,Thursday,574.26
5405,2025-07-31,Home & Kitchen,47.97,4,PayPal,4,Jul,Thursday,191.88
5406,2025-06-17,Clothing,89.69,3,PayPal,5,Jun,Tuesday,269.07
5407,2025-02-08,Clothing,200.14,3,Debit Card,5,Feb,Saturday,600.42
5408,2025-09-02,Home & Kitchen,100.95,1,Credit Card,1,Sep,Tuesday,100.95
5409,2025-05-31,Clothing,398.19,5,Debit Card,2,May,Saturday,1990.95
5410,2025-04-21,Home & Kitchen,213.87,3,Debit Card,3,Apr,Monday,641.61
5411,2025-02-16,Electronics,55.78,3,UPI,3,Feb,Sunday,167.34
5412,2025-03-04,Beauty,247.33,4,PayPal,4,Mar,Tuesday,989.32
5413,2025-08-13,Beauty,54.51,3,Credit Card,5,Aug,Wednesday,163.53
5414,2025-03-10,Sports,73.18,4,Credit Card,2,Mar,Monday,292.72
5415,2025-10-26,Clothing,127.41,5,UPI,4,Oct,Sunday,637.05
5416,2025-10-17,Sports,431.17,1,Debit Card,2,Oct,Friday,431.17
5417,2025-10-23,Electronics,463.06,1,UPI,5,Oct,Thursday,463.06
5418,2025-07-22,Beauty,414.87,5,Debit Card,3,Jul,Tuesday,2074.35
5419,2025-03-02,Electronics,173.7,5,Credit Card,1,Mar,Sunday,868.5
5420,2025-11-14,Electronics,143.5,2,UPI,2,Nov,Friday,287.0
5421,2025-11-10,Clothing,279.09,3,Debit Card,3,Nov,Monday,837.27
5422,2025-06-10,Electronics,363.71,3,UPI,2,Jun,Tuesday,1091.1299999999999
5423,2025-11-27,Beauty,496.75,3,PayPal,2,Nov,Thursday,1490.25
5424,2025-01-16,Sports,74.47,4,UPI,2,Jan,Thursday,297.88
5425,2025-12-04,Beauty,34.15,2,Credit Card,5,Dec,Thursday,68.3
5426,2025-04-04,Clothing,350.23,3,UPI,4,Apr,Friday,1050.69
5427,2025-10-31,Beauty,417.79,4,Credit Card,2,Oct,Friday,1671.16
5428,2025-05-18,Home & Kitchen,424.71,4,Credit Card,5,May,Sunday,1698.84
5429,2025-12-04,Sports,342.45,1,UPI,1,Dec,Thursday,342.45
5430,2025-02-07,Home & Kitchen,477.47,4,UPI,4,Feb,Friday,1909.88
5431,2025-05-07,Home & Kitchen,260.39,5,UPI,5,May,Wednesday,1301.9499999999998
5432,2025-10-02,Clothing,457.77,4,PayPal,1,Oct,Thursday,1831.08
5433,2025-06-13,Electronics,484.23,5,PayPal,4,Jun,Friday,2421.15
5434,2025-11-15,Home & Kitchen,425.11,5,Debit Card,5,Nov,Saturday,2125.55
5435,2025-03-18,Beauty,161.78,1,UPI,1,Mar,Tuesday,161.78
5436,2025-06-23,Electronics,106.15,1,Debit Card,5,Jun,Monday,106.15
5437,2025-12-24,Beauty,278.58,4,Debit Card,1,Dec,Wednesday,1114.32
5438,2025-11-17,Beauty,231.98,1,Credit Card,2,Nov,Monday,231.98
5439,2025-04-01,Electronics,440.1,1,Debit Card,2,Apr,Tuesday,440.1
5440,2025-08-26,Electronics,59.02,3,UPI,4,Aug,Tuesday,177.06
5441,2025-09-21,Beauty,136.29,4,PayPal,1,Sep,Sunday,545.16
5442,2025-06-28,Clothing,378.38,4,Debit Card,2,Jun,Saturday,1513.52
5443,2025-07-28,Sports,56.54,4,Debit Card,4,Jul,Monday,226.16
5444,2025-03-14,Sports,167.17,1,PayPal,3,Mar,Friday,167.17
5445,2025-04-17,Clothing,199.71,1,Debit Card,2,Apr,Thursday,199.71
5446,2025-12-11,Electronics,315.07,5,UPI,2,Dec,Thursday,1575.35
5447,2025-10-22,Beauty,87.48,2,Debit Card,5,Oct,Wednesday,174.96
5448,2025-10-11,Sports,431.7,2,Credit Card,3,Oct,Saturday,863.4
5449,2025-12-19,Beauty,229.3,2,Debit Card,1,Dec,Friday,458.6
5450,2025-07-01,Clothing,459.34,3,Credit Card,4,Jul,Tuesday,1378.02
5451,2025-02-06,Beauty,239.26,1,PayPal,3,Feb,Thursday,239.26
5452,2025-05-17,Clothing,144.77,5,PayPal,1,May,Saturday,723.85
5453,2025-12-04,Electronics,79.5,5,Debit Card,2,Dec,Thursday,397.5
5454,2025-02-25,Clothing,11.84,2,Debit Card,4,Feb,Tuesday,23.68
5455,2025-07-06,Clothing,270.76,3,PayPal,4,Jul,Sunday,812.28
5456,2025-12-07,Sports,62.51,3,Credit Card,3,Dec,Sunday,187.53
5457,2025-09-15,Beauty,201.95,2,PayPal,5,Sep,Monday,403.9
5458,2025-02-27,Sports,298.74,2,PayPal,1,Feb,Thursday,597.48
5459,2025-12-29,Home & Kitchen,145.09,1,Credit Card,3,Dec,Monday,145.09
5460,2025-05-03,Clothing,95.86,3,PayPal,5,May,Saturday,287.58
5461,2025-07-07,Home & Kitchen,389.61,5,Debit Card,5,Jul,Monday,1948.0500000000002
5462,2025-08-18,Sports,473.93,2,Debit Card,5,Aug,Monday,947.86
5463,2025-06-17,Beauty,59.22,1,PayPal,4,Jun,Tuesday,59.22
5464,2025-04-24,Sports,86.24,5,Debit Card,1,Apr,Thursday,431.2
5465,2025-09-09,Beauty,480.41,3,UPI,1,Sep,Tuesday,1441.23
5466,2025-04-17,Beauty,28.51,2,PayPal,3,Apr,Thursday,57.02
5467,2025-02-06,Electronics,489.04,2,UPI,2,Feb,Thursday,978.08
5468,2025-12-01,Clothing,12.28,1,PayPal,3,Dec,Monday,12.28
5469,2025-04-02,Sports,438.1,1,PayPal,1,Apr,Wednesday,438.1
5470,2025-01-18,Beauty,160.59,3,UPI,4,Jan,Saturday,481.77
5471,2025-12-20,Sports,469.91,2,PayPal,3,Dec,Saturday,939.82
5472,2025-03-04,Sports,165.3,1,Debit Card,2,Mar,Tuesday,165.3
5473,2025-05-30,Beauty,330.61,2,UPI,3,May,Friday,661.22
5474,2025-05-19,Home & Kitchen,49.22,3,PayPal,5,May,Monday,147.66
5475,2025-07-05,Clothing,128.74,2,Debit Card,2,Jul,Saturday,257.48
5476,2025-07-04,Clothing,389.1,5,UPI,5,Jul,Friday,1945.5
5477,2025-07-24,Electronics,269.06,2,UPI,4,Jul,Thursday,538.12
5478,2025-09-17,Electronics,464.7,4,Debit Card,1,Sep,Wednesday,1858.8
5479,2025-08-02,Electronics,220.09,4,PayPal,3,Aug,Saturday,880.36
5480,2025-09-13,Clothing,436.21,3,PayPal,3,Sep,Saturday,1308.6299999999999
5481,2025-05-15,Home & Kitchen,229.99,3,UPI,5,May,Thursday,689.97
5482,2025-03-02,Clothing,489.83,3,Credit Card,5,Mar,Sunday,1469.49
5483,2025-12-29,Clothing,480.32,5,PayPal,1,Dec,Monday,2401.6
5484,2025-11-06,Clothing,171.28,5,PayPal,3,Nov,Thursday,856.4
5485,2025-03-29,Clothing,444.1,2,Debit Card,1,Mar,Saturday,888.2
5486,2025-11-20,Home & Kitchen,425.33,1,Credit Card,5,Nov,Thursday,425.33
5487,2025-07-26,Electronics,113.23,4,Credit Card,5,Jul,Saturday,452.92
5488,2025-05-09,Sports,315.9,4,UPI,2,May,Friday,1263.6
5489,2025-11-07,Electronics,45.61,4,Debit Card,5,Nov,Friday,182.44
5490,2025-01-03,Electronics,419.99,2,Debit Card,5,Jan,Friday,839.98
5491,2025-08-30,Sports,95.53,2,PayPal,1,Aug,Saturday,191.06
5492,2025-05-01,Clothing,44.7,3,UPI,2,May,Thursday,134.10000000000002
5493,2025-04-12,Home & Kitchen,206.11,1,PayPal,2,Apr,Saturday,206.11
5494,2025-02-07,Home & Kitchen,292.69,3,Credit Card,3,Feb,Friday,878.0699999999999
5495,2025-12-07,Electronics,428.91,2,Debit Card,4,Dec,Sunday,857.82
5496,2025-05-13,Sports,487.38,5,UPI,3,May,Tuesday,2436.9
5497,2025-07-21,Beauty,225.35,3,PayPal,3,Jul,Monday,676.05
5498,2025-12-14,Clothing,39.62,2,PayPal,3,Dec,Sunday,79.24
5499,2025-01-21,Electronics,377.07,2,Credit Card,2,Jan,Tuesday,754.14
5500,2025-08-30,Home & Kitchen,286.93,5,Debit Card,1,Aug,Saturday,1434.65
5501,2025-04-19,Sports,229.47,5,Credit Card,5,Apr,Saturday,1147.35
5502,2025-10-30,Sports,161.54,5,PayPal,2,Oct,Thursday,807.6999999999999
5503,2025-03-25,Electronics,256.18,1,Debit Card,5,Mar,Tuesday,256.18
5504,2025-03-24,Beauty,175.95,2,Debit Card,5,Mar,Monday,351.9
5505,2025-10-18,Home & Kitchen,380.94,5,Credit Card,4,Oct,Saturday,1904.7
5506,2025-03-10,Electronics,276.51,1,Debit Card,3,Mar,Monday,276.51
5507,2025-05-09,Beauty,439.66,4,Credit Card,4,May,Friday,1758.64
5508,2025-07-15,Sports,276.34,4,Debit Card,3,Jul,Tuesday,1105.36
5509,2025-05-20,Clothing,126.75,4,Debit Card,2,May,Tuesday,507.0
5510,2025-10-10,Home & Kitchen,427.04,2,UPI,5,Oct,Friday,854.08
5511,2025-11-08,Home & Kitchen,283.04,1,Debit Card,4,Nov,Saturday,283.04
5512,2025-08-22,Beauty,111.35,1,PayPal,2,Aug,Friday,111.35
5513,2025-01-23,Electronics,315.52,4,UPI,2,Jan,Thursday,1262.08
5514,2025-06-02,Sports,185.28,3,Credit Card,3,Jun,Monday,555.84
5515,2025-10-04,Beauty,423.76,4,PayPal,5,Oct,Saturday,1695.04
5516,2025-03-02,Clothing,232.12,2,Credit Card,3,Mar,Sunday,464.24
5517,2025-11-15,Clothing,365.96,4,Credit Card,3,Nov,Saturday,1463.84
5518,2025-02-21,Clothing,56.81,4,PayPal,2,Feb,Friday,227.24
5519,2025-12-10,Beauty,204.05,1,Credit Card,3,Dec,Wednesday,204.05
5520,2025-06-02,Sports,491.79,4,UPI,1,Jun,Monday,1967.16
5521,2025-08-25,Home & Kitchen,406.15,5,PayPal,5,Aug,Monday,2030.75
5522,2025-11-07,Electronics,88.37,5,Credit Card,3,Nov,Friday,441.85
5523,2025-10-29,Home & Kitchen,146.1,3,Credit Card,3,Oct,Wednesday,438.29999999999995
5524,2025-02-01,Sports,171.61,2,Debit Card,4,Feb,Saturday,343.22
5525,2025-02-24,Home & Kitchen,328.68,2,Debit Card,5,Feb,Monday,657.36
5526,2025-12-18,Beauty,380.93,1,Credit Card,5,Dec,Thursday,380.93
5527,2025-02-05,Clothing,377.27,2,PayPal,3,Feb,Wednesday,754.54
5528,2025-04-20,Sports,259.84,3,UPI,1,Apr,Sunday,779.52
5529,2025-06-26,Sports,407.3,5,Credit Card,4,Jun,Thursday,2036.5
5530,2025-12-28,Home & Kitchen,224.17,1,Credit Card,1,Dec,Sunday,224.17
5531,2025-11-10,Beauty,70.7,5,Credit Card,3,Nov,Monday,353.5
5532,2025-10-22,Home & Kitchen,286.58,3,Debit Card,5,Oct,Wednesday,859.74
5533,2025-12-02,Home & Kitchen,476.63,1,PayPal,5,Dec,Tuesday,476.63
5534,2025-04-07,Sports,398.57,4,Credit Card,1,Apr,Monday,1594.28
5535,2025-08-01,Home & Kitchen,293.56,2,Debit Card,2,Aug,Friday,587.12
5536,2025-11-13,Clothing,326.93,3,Credit Card,3,Nov,Thursday,980.79
5537,2025-05-17,Home & Kitchen,465.98,1,Credit Card,5,May,Saturday,465.98
5538,2025-01-06,Clothing,219.89,5,PayPal,2,Jan,Monday,1099.4499999999998
5539,2025-04-19,Sports,172.38,1,Debit Card,5,Apr,Saturday,172.38
5540,2025-02-04,Beauty,488.85,4,UPI,5,Feb,Tuesday,1955.4
5541,2025-02-08,Clothing,433.09,3,PayPal,2,Feb,Saturday,1299.27
5542,2025-05-30,Beauty,168.29,1,UPI,1,May,Friday,168.29
5543,2025-04-28,Beauty,237.25,3,Debit Card,3,Apr,Monday,711.75
5544,2025-09-18,Clothing,213.39,3,Debit Card,2,Sep,Thursday,640.17
5545,2025-03-28,Sports,83.06,5,UPI,2,Mar,Friday,415.3
5546,2025-03-17,Electronics,479.33,2,Debit Card,5,Mar,Monday,958.66
5547,2025-11-09,Beauty,208.11,4,PayPal,2,Nov,Sunday,832.44
5548,2025-08-02,Beauty,438.91,1,Credit Card,3,Aug,Saturday,438.91
5549,2025-10-12,Sports,102.78,2,UPI,1,Oct,Sunday,205.56
5550,2025-08-27,Sports,278.46,5,Credit Card,1,Aug,Wednesday,1392.3
5551,2025-06-14,Home & Kitchen,21.74,2,UPI,1,Jun,Saturday,43.48
5552,2025-03-28,Sports,384.47,3,Credit Card,3,Mar,Friday,1153.41
5553,2025-05-21,Beauty,294.65,3,Credit Card,5,May,Wednesday,883.9499999999999
5554,2025-06-09,Clothing,316.54,4,PayPal,3,Jun,Monday,1266.16
5555,2025-02-15,Electronics,35.34,1,Credit Card,2,Feb,Saturday,35.34
5556,2025-04-22,Home & Kitchen,113.41,1,UPI,4,Apr,Tuesday,113.41
5557,2025-02-14,Clothing,46.42,5,Credit Card,4,Feb,Friday,232.10000000000002
5558,2025-09-04,Electronics,151.57,4,Debit Card,4,Sep,Thursday,606.28
5559,2025-04-14,Electronics,317.45,1,Credit Card,1,Apr,Monday,317.45
5560,2025-03-26,Electronics,287.43,3,Credit Card,3,Mar,Wednesday,862.29
5561,2025-05-14,Clothing,309.95,4,Debit Card,3,May,Wednesday,1239.8
5562,2025-04-18,Home & Kitchen,279.13,2,Debit Card,1,Apr,Friday,558.26
5563,2025-01-18,Home & Kitchen,143.78,4,UPI,2,Jan,Saturday,575.12
5564,2025-04-04,Electronics,129.81,4,Debit Card,4,Apr,Friday,519.24
5565,2025-05-30,Clothing,77.16,1,Debit Card,4,May,Friday,77.16
5566,2025-09-03,Electronics,426.04,5,UPI,1,Sep,Wednesday,2130.2000000000003
5567,2025-10-16,Sports,312.07,5,UPI,4,Oct,Thursday,1560.35
5568,2025-07-28,Home & Kitchen,101.39,1,Credit Card,5,Jul,Monday,101.39
5569,2025-05-06,Beauty,96.83,1,PayPal,3,May,Tuesday,96.83
5570,2025-08-23,Electronics,437.79,1,UPI,4,Aug,Saturday,437.79
5571,2025-05-02,Sports,373.94,5,Debit Card,4,May,Friday,1869.7
5572,2025-05-18,Home & Kitchen,333.11,1,Credit Card,5,May,Sunday,333.11
5573,2025-04-25,Clothing,209.36,2,Debit Card,2,Apr,Friday,418.72
5574,2025-06-11,Home & Kitchen,138.37,2,UPI,2,Jun,Wednesday,276.74
5575,2025-07-20,Clothing,489.93,3,PayPal,5,Jul,Sunday,1469.79
5576,2025-08-22,Clothing,400.65,2,Credit Card,2,Aug,Friday,801.3
5577,2025-01-28,Electronics,157.87,4,UPI,1,Jan,Tuesday,631.48
5578,2025-01-11,Electronics,425.31,3,UPI,5,Jan,Saturday,1275.93
5579,2025-07-25,Home & Kitchen,381.88,2,Debit Card,3,Jul,Friday,763.76
5580,2025-06-16,Sports,155.57,4,PayPal,3,Jun,Monday,622.28
5581,2025-09-04,Home & Kitchen,219.01,2,UPI,3,Sep,Thursday,438.02
5582,2025-02-16,Beauty,101.12,4,Debit Card,4,Feb,Sunday,404.48
5583,2025-09-03,Clothing,64.42,1,Credit Card,5,Sep,Wednesday,64.42
5584,2025-05-07,Clothing,364.15,4,Debit Card,5,May,Wednesday,1456.6
5585,2025-05-27,Electronics,141.08,1,Credit Card,2,May,Tuesday,141.08
5586,2025-04-28,Sports,411.83,4,Debit Card,5,Apr,Monday,1647.32
5587,2025-06-01,Electronics,497.85,4,PayPal,5,Jun,Sunday,1991.4
5588,2025-03-13,Beauty,47.54,2,Debit Card,2,Mar,Thursday,95.08
5589,2025-12-29,Home & Kitchen,241.79,4,PayPal,5,Dec,Monday,967.16
5590,2025-05-17,Home & Kitchen,403.01,2,PayPal,5,May,Saturday,806.02
5591,2025-06-24,Sports,396.59,4,Credit Card,1,Jun,Tuesday,1586.36
5592,2025-10-16,Electronics,382.4,5,Debit Card,2,Oct,Thursday,1912.0
5593,2025-01-19,Electronics,181.01,3,Debit Card,1,Jan,Sunday,543.03
5594,2025-07-14,Beauty,232.39,2,Debit Card,4,Jul,Monday,464.78
5595,2025-11-26,Home & Kitchen,301.53,2,PayPal,2,Nov,Wednesday,603.06
5596,2025-06-24,Electronics,487.23,1,UPI,5,Jun,Tuesday,487.23
5597,2025-12-20,Sports,170.5,5,Debit Card,5,Dec,Saturday,852.5
5598,2025-05-21,Home & Kitchen,462.34,1,Debit Card,1,May,Wednesday,462.34
5599,2025-09-03,Beauty,141.98,5,UPI,1,Sep,Wednesday,709.9
5600,2025-04-03,Sports,494.65,5,Credit Card,4,Apr,Thursday,2473.25
5601,2025-08-27,Clothing,338.43,4,Debit Card,4,Aug,Wednesday,1353.72
5602,2025-07-24,Beauty,237.12,1,UPI,5,Jul,Thursday,237.12
5603,2025-02-17,Sports,310.56,3,Debit Card,3,Feb,Monday,931.6800000000001
5604,2025-09-02,Electronics,143.54,5,PayPal,4,Sep,Tuesday,717.6999999999999
5605,2025-11-16,Clothing,144.35,5,UPI,5,Nov,Sunday,721.75
5606,2025-11-13,Beauty,65.64,2,PayPal,4,Nov,Thursday,131.28
5607,2025-10-22,Electronics,65.88,4,UPI,2,Oct,Wednesday,263.52
5608,2025-05-08,Clothing,180.36,3,Credit Card,1,May,Thursday,541.08
5609,2025-12-10,Home & Kitchen,383.8,5,PayPal,5,Dec,Wednesday,1919.0
5610,2025-10-09,Electronics,307.91,2,Debit Card,4,Oct,Thursday,615.82
5611,2025-01-17,Sports,60.27,1,UPI,1,Jan,Friday,60.27
5612,2025-03-12,Beauty,427.6,5,Debit Card,3,Mar,Wednesday,2138.0
5613,2025-09-26,Clothing,304.67,2,Credit Card,4,Sep,Friday,609.34
5614,2025-11-21,Electronics,480.82,1,UPI,5,Nov,Friday,480.82
5615,2025-10-09,Home & Kitchen,338.39,4,Credit Card,2,Oct,Thursday,1353.56
5616,2025-11-01,Beauty,95.84,1,UPI,1,Nov,Saturday,95.84
5617,2025-01-07,Beauty,242.15,5,PayPal,1,Jan,Tuesday,1210.75
5618,2025-11-10,Electronics,327.76,3,Debit Card,2,Nov,Monday,983.28
5619,2025-11-01,Home & Kitchen,23.85,1,PayPal,5,Nov,Saturday,23.85
5620,2025-04-13,Clothing,17.31,3,PayPal,3,Apr,Sunday,51.92999999999999
5621,2025-11-05,Electronics,73.41,3,PayPal,2,Nov,Wednesday,220.23
5622,2025-07-12,Clothing,133.32,1,PayPal,3,Jul,Saturday,133.32
5623,2025-08-29,Beauty,220.48,4,UPI,5,Aug,Friday,881.92
5624,2025-03-03,Clothing,248.85,1,Debit Card,4,Mar,Monday,248.85
5625,2025-01-17,Home & Kitchen,77.63,2,UPI,4,Jan,Friday,155.26
5626,2025-06-20,Sports,339.96,3,UPI,5,Jun,Friday,1019.8799999999999
5627,2025-01-25,Home & Kitchen,302.11,5,UPI,3,Jan,Saturday,1510.5500000000002
5628,2025-09-08,Clothing,154.29,3,PayPal,2,Sep,Monday,462.87
5629,2025-09-10,Electronics,16.69,5,Credit Card,5,Sep,Wednesday,83.45
5630,2025-07-26,Beauty,48.05,2,PayPal,5,Jul,Saturday,96.1
5631,2025-01-29,Sports,201.93,2,UPI,4,Jan,Wednesday,403.86
5632,2025-04-27,Electronics,85.45,2,PayPal,2,Apr,Sunday,170.9
5633,2025-10-09,Electronics,194.64,1,Debit Card,4,Oct,Thursday,194.64
5634,2025-05-24,Home & Kitchen,317.81,3,Debit Card,3,May,Saturday,953.4300000000001
5635,2025-01-25,Clothing,278.15,5,PayPal,3,Jan,Saturday,1390.75
5636,2025-11-06,Home & Kitchen,123.28,2,PayPal,1,Nov,Thursday,246.56
5637,2025-06-05,Clothing,178.47,2,Credit Card,5,Jun,Thursday,356.94
5638,2025-03-14,Home & Kitchen,310.88,5,PayPal,2,Mar,Friday,1554.4
5639,2025-04-30,Electronics,431.82,3,PayPal,2,Apr,Wednesday,1295.46
5640,2025-11-08,Beauty,379.07,3,Credit Card,4,Nov,Saturday,1137.21
5641,2025-11-17,Clothing,281.17,5,PayPal,4,Nov,Monday,1405.8500000000001
5642,2025-04-03,Sports,187.52,4,PayPal,2,Apr,Thursday,750.08
5643,2025-03-27,Sports,188.88,3,PayPal,4,Mar,Thursday,566.64
5644,2025-12-02,Electronics,440.91,5,PayPal,1,Dec,Tuesday,2204.55
5645,2025-12-30,Home & Kitchen,29.23,5,PayPal,5,Dec,Tuesday,146.15
5646,2025-04-28,Home & Kitchen,494.11,2,UPI,1,Apr,Monday,988.22
5647,2025-08-21,Electronics,335.54,5,PayPal,3,Aug,Thursday,1677.7
5648,2025-07-18,Sports,343.76,1,Credit Card,2,Jul,Friday,343.76
5649,2025-07-25,Sports,28.62,2,PayPal,1,Jul,Friday,57.24
5650,2025-12-05,Home & Kitchen,306.71,2,UPI,1,Dec,Friday,613.42
5651,2025-05-27,Clothing,247.54,3,Credit Card,4,May,Tuesday,742.62
5652,2025-09-28,Beauty,61.83,4,Credit Card,4,Sep,Sunday,247.32
5653,2025-05-19,Clothing,146.18,3,PayPal,4,May,Monday,438.54
5654,2025-06-30,Sports,446.25,1,Debit Card,3,Jun,Monday,446.25
5655,2025-01-30,Clothing,279.49,2,UPI,1,Jan,Thursday,558.98
5656,2025-02-26,Beauty,212.57,2,Debit Card,5,Feb,Wednesday,425.14
5657,2025-08-20,Clothing,45.61,5,PayPal,4,Aug,Wednesday,228.05
5658,2025-05-26,Clothing,359.92,4,UPI,3,May,Monday,1439.68
5659,2025-02-17,Clothing,354.4,4,Debit Card,3,Feb,Monday,1417.6
5660,2025-07-13,Clothing,310.88,5,UPI,4,Jul,Sunday,1554.4
5661,2025-08-12,Electronics,260.03,1,PayPal,2,Aug,Tuesday,260.03
5662,2025-05-16,Sports,222.55,4,UPI,1,May,Friday,890.2
5663,2025-01-22,Beauty,300.7,2,PayPal,4,Jan,Wednesday,601.4
5664,2025-01-06,Sports,124.36,1,Debit Card,5,Jan,Monday,124.36
5665,2025-07-23,Electronics,471.22,3,UPI,1,Jul,Wednesday,1413.66
5666,2025-08-27,Electronics,298.51,3,Credit Card,3,Aug,Wednesday,895.53
5667,2025-07-04,Electronics,162.48,1,PayPal,5,Jul,Friday,162.48
5668,2025-12-26,Electronics,230.34,2,UPI,1,Dec,Friday,460.68
5669,2025-10-19,Clothing,404.79,3,Credit Card,5,Oct,Sunday,1214.3700000000001
5670,2025-12-01,Sports,89.19,2,Credit Card,3,Dec,Monday,178.38
5671,2025-08-08,Home & Kitchen,153.49,5,Credit Card,4,Aug,Friday,767.45
5672,2025-04-26,Beauty,342.96,4,Credit Card,5,Apr,Saturday,1371.84
5673,2025-11-09,Electronics,164.59,1,PayPal,4,Nov,Sunday,164.59
5674,2025-02-18,Sports,398.33,4,UPI,3,Feb,Tuesday,1593.32
5675,2025-06-22,Electronics,73.92,5,Credit Card,3,Jun,Sunday,369.6
5676,2025-03-23,Electronics,383.72,3,UPI,5,Mar,Sunday,1151.16
5677,2025-11-18,Electronics,43.49,2,UPI,5,Nov,Tuesday,86.98
5678,2025-11-29,Electronics,16.17,2,Debit Card,3,Nov,Saturday,32.34
5679,2025-02-14,Electronics,450.13,5,UPI,5,Feb,Friday,2250.65
5680,2025-12-01,Beauty,294.86,1,PayPal,5,Dec,Monday,294.86
5681,2025-01-20,Sports,182.4,4,PayPal,5,Jan,Monday,729.6
5682,2025-08-09,Electronics,123.97,3,Credit Card,5,Aug,Saturday,371.90999999999997
5683,2025-05-03,Electronics,312.27,1,UPI,1,May,Saturday,312.27
5684,2025-08-22,Electronics,259.41,5,PayPal,3,Aug,Friday,1297.0500000000002
5685,2025-08-09,Electronics,495.88,5,PayPal,3,Aug,Saturday,2479.4
5686,2025-11-19,Clothing,491.78,2,PayPal,2,Nov,Wednesday,983.56
5687,2025-12-05,Clothing,321.16,3,Credit Card,4,Dec,Friday,963.48
5688,2025-01-03,Home & Kitchen,227.01,1,PayPal,2,Jan,Friday,227.01
5689,2025-07-01,Electronics,250.66,2,UPI,5,Jul,Tuesday,501.32
5690,2025-07-25,Home & Kitchen,344.41,3,PayPal,5,Jul,Friday,1033.23
5691,2025-11-16,Beauty,59.77,4,PayPal,1,Nov,Sunday,239.08
5692,2025-02-09,Home & Kitchen,170.89,4,Credit Card,1,Feb,Sunday,683.56
5693,2025-02-28,Sports,46.88,2,UPI,1,Feb,Friday,93.76
5694,2025-03-03,Clothing,45.95,1,PayPal,1,Mar,Monday,45.95
5695,2025-05-12,Clothing,105.96,3,UPI,1,May,Monday,317.88
5696,2025-03-01,Electronics,247.77,4,UPI,1,Mar,Saturday,991.08
5697,2025-11-27,Electronics,394.54,4,PayPal,1,Nov,Thursday,1578.16
5698,2025-05-02,Beauty,247.89,1,Credit Card,1,May,Friday,247.89
5699,2025-04-17,Beauty,174.38,2,UPI,1,Apr,Thursday,348.76
5700,2025-04-06,Sports,50.35,5,Debit Card,3,Apr,Sunday,251.75
5701,2025-12-13,Electronics,279.64,3,PayPal,1,Dec,Saturday,838.92
5702,2025-08-23,Electronics,142.92,4,UPI,4,Aug,Saturday,571.68
5703,2025-03-03,Beauty,311.32,5,UPI,1,Mar,Monday,1556.6
5704,2025-09-13,Beauty,488.82,1,UPI,5,Sep,Saturday,488.82
5705,2025-02-18,Beauty,64.54,2,PayPal,5,Feb,Tuesday,129.08
5706,2025-12-14,Clothing,113.94,3,Debit Card,1,Dec,Sunday,341.82
5707,2025-06-08,Home & Kitchen,241.82,1,UPI,1,Jun,Sunday,241.82
5708,2025-05-04,Home & Kitchen,484.62,2,UPI,5,May,Sunday,969.24
5709,2025-11-13,Electronics,388.19,1,Credit Card,4,Nov,Thursday,388.19
5710,2025-07-26,Clothing,450.13,4,PayPal,2,Jul,Saturday,1800.52
5711,2025-02-17,Beauty,173.52,4,PayPal,3,Feb,Monday,694.08
5712,2025-05-16,Electronics,496.1,5,UPI,5,May,Friday,2480.5
5713,2025-07-20,Clothing,60.39,1,Credit Card,1,Jul,Sunday,60.39
5714,2025-09-07,Sports,35.96,4,UPI,3,Sep,Sunday,143.84
5715,2025-11-10,Clothing,429.25,2,UPI,1,Nov,Monday,858.5
5716,2025-12-23,Electronics,464.36,5,PayPal,2,Dec,Tuesday,2321.8
5717,2025-11-14,Home & Kitchen,54.39,3,Credit Card,2,Nov,Friday,163.17000000000002
5718,2025-10-22,Beauty,65.58,1,UPI,5,Oct,Wednesday,65.58
5719,2025-11-10,Sports,26.26,4,PayPal,3,Nov,Monday,105.04
5720,2025-07-28,Clothing,61.21,2,UPI,3,Jul,Monday,122.42
5721,2025-12-21,Electronics,112.62,1,UPI,2,Dec,Sunday,112.62
5722,2025-07-30,Electronics,485.34,2,Credit Card,1,Jul,Wednesday,970.68
5723,2025-07-11,Beauty,337.25,5,Credit Card,5,Jul,Friday,1686.25
5724,2025-02-13,Electronics,391.49,4,Credit Card,4,Feb,Thursday,1565.96
5725,2025-01-29,Electronics,390.31,4,UPI,2,Jan,Wednesday,1561.24
5726,2025-02-28,Beauty,272.19,5,Debit Card,2,Feb,Friday,1360.95
5727,2025-03-12,Sports,400.77,2,Credit Card,5,Mar,Wednesday,801.54
5728,2025-04-02,Home & Kitchen,301.95,1,Debit Card,1,Apr,Wednesday,301.95
5729,2025-09-22,Home & Kitchen,164.13,2,Debit Card,3,Sep,Monday,328.26
5730,2025-08-08,Clothing,284.94,1,Debit Card,2,Aug,Friday,284.94
5731,2025-08-03,Sports,271.42,5,PayPal,5,Aug,Sunday,1357.1000000000001
5732,2025-10-04,Clothing,413.49,3,UPI,5,Oct,Saturday,1240.47
5733,2025-03-05,Home & Kitchen,491.05,1,Credit Card,5,Mar,Wednesday,491.05
5734,2025-12-12,Beauty,211.41,4,UPI,3,Dec,Friday,845.64
5735,2025-10-19,Electronics,384.06,4,UPI,2,Oct,Sunday,1536.24
5736,2025-09-02,Home & Kitchen,58.88,4,PayPal,5,Sep,Tuesday,235.52
5737,2025-03-03,Sports,390.65,2,PayPal,3,Mar,Monday,781.3
5738,2025-11-28,Home & Kitchen,191.99,2,PayPal,1,Nov,Friday,383.98
5739,2025-06-19,Sports,29.3,2,UPI,4,Jun,Thursday,58.6
5740,2025-09-26,Sports,187.99,4,Debit Card,2,Sep,Friday,751.96
5741,2025-09-24,Sports,309.21,1,UPI,3,Sep,Wednesday,309.21
5742,2025-02-23,Clothing,68.43,4,PayPal,4,Feb,Sunday,273.72
5743,2025-01-16,Beauty,462.78,1,UPI,4,Jan,Thursday,462.78
5744,2025-01-08,Home & Kitchen,48.06,2,PayPal,3,Jan,Wednesday,96.12
5745,2025-04-14,Beauty,465.7,3,PayPal,3,Apr,Monday,1397.1
5746,2025-02-28,Electronics,356.5,2,Credit Card,3,Feb,Friday,713.0
5747,2025-11-09,Home & Kitchen,171.56,5,Debit Card,5,Nov,Sunday,857.8
5748,2025-02-09,Beauty,201.47,1,PayPal,1,Feb,Sunday,201.47
5749,2025-08-25,Beauty,373.0,3,Credit Card,5,Aug,Monday,1119.0
5750,2025-04-04,Electronics,304.72,2,Debit Card,4,Apr,Friday,609.44
5751,2025-08-10,Sports,339.11,3,PayPal,4,Aug,Sunday,1017.33
5752,2025-07-23,Home & Kitchen,200.69,4,Debit Card,4,Jul,Wednesday,802.76
5753,2025-05-18,Home & Kitchen,249.03,1,Debit Card,3,May,Sunday,249.03
5754,2025-10-27,Electronics,495.04,5,UPI,2,Oct,Monday,2475.2000000000003
5755,2025-07-26,Sports,114.82,4,Credit Card,5,Jul,Saturday,459.28
5756,2025-12-02,Home & Kitchen,214.75,3,Debit Card,2,Dec,Tuesday,644.25
5757,2025-03-22,Home & Kitchen,152.99,2,UPI,1,Mar,Saturday,305.98
5758,2025-08-06,Home & Kitchen,384.9,1,Debit Card,1,Aug,Wednesday,384.9
5759,2025-01-02,Sports,384.37,5,UPI,5,Jan,Thursday,1921.85
5760,2025-06-27,Electronics,153.3,2,PayPal,4,Jun,Friday,306.6
5761,2025-12-12,Home & Kitchen,49.88,5,PayPal,1,Dec,Friday,249.4
5762,2025-10-06,Beauty,15.6,1,UPI,2,Oct,Monday,15.6
5763,2025-05-26,Sports,219.45,3,PayPal,2,May,Monday,658.3499999999999
5764,2025-11-14,Clothing,211.07,5,PayPal,3,Nov,Friday,1055.35
5765,2025-08-12,Electronics,494.31,1,PayPal,4,Aug,Tuesday,494.31
5766,2025-03-03,Beauty,240.2,5,Debit Card,3,Mar,Monday,1201.0
5767,2025-10-21,Home & Kitchen,135.65,2,UPI,5,Oct,Tuesday,271.3
5768,2025-08-27,Clothing,446.7,5,Credit Card,1,Aug,Wednesday,2233.5
5769,2025-07-14,Electronics,250.62,2,Credit Card,3,Jul,Monday,501.24
5770,2025-06-15,Sports,303.6,2,UPI,3,Jun,Sunday,607.2
5771,2025-08-10,Clothing,56.88,1,Debit Card,5,Aug,Sunday,56.88
5772,2025-03-02,Clothing,197.63,4,PayPal,2,Mar,Sunday,790.52
5773,2025-05-09,Beauty,472.67,5,PayPal,2,May,Friday,2363.35
5774,2025-06-22,Electronics,298.86,3,Debit Card,5,Jun,Sunday,896.58
5775,2025-06-05,Beauty,178.81,2,Credit Card,2,Jun,Thursday,357.62
5776,2025-04-20,Beauty,316.58,4,UPI,5,Apr,Sunday,1266.32
5777,2025-09-26,Home & Kitchen,456.1,2,UPI,2,Sep,Friday,912.2
5778,2025-12-22,Sports,144.26,4,Debit Card,5,Dec,Monday,577.04
5779,2025-10-05,Clothing,257.51,4,PayPal,2,Oct,Sunday,1030.04
5780,2025-03-15,Electronics,479.76,3,PayPal,3,Mar,Saturday,1439.28
5781,2025-07-26,Sports,94.47,4,PayPal,3,Jul,Saturday,377.88
5782,2025-10-06,Sports,362.64,3,UPI,2,Oct,Monday,1087.92
5783,2025-11-22,Electronics,311.1,1,Credit Card,5,Nov,Saturday,311.1
5784,2025-12-06,Sports,343.04,2,UPI,3,Dec,Saturday,686.08
5785,2025-12-23,Home & Kitchen,182.1,3,Debit Card,1,Dec,Tuesday,546.3
5786,2025-12-06,Sports,163.8,2,UPI,2,Dec,Saturday,327.6
5787,2025-07-23,Home & Kitchen,345.26,5,Debit Card,1,Jul,Wednesday,1726.3
5788,2025-06-10,Clothing,115.62,1,UPI,1,Jun,Tuesday,115.62
5789,2025-01-28,Clothing,215.63,5,Credit Card,4,Jan,Tuesday,1078.15
5790,2025-09-14,Beauty,102.21,5,Debit Card,1,Sep,Sunday,511.04999999999995
5791,2025-06-14,Home & Kitchen,14.07,4,PayPal,1,Jun,Saturday,56.28
5792,2025-03-04,Clothing,485.33,4,PayPal,4,Mar,Tuesday,1941.32
5793,2025-01-22,Sports,221.53,5,UPI,4,Jan,Wednesday,1107.65
5794,2025-03-11,Electronics,484.98,4,UPI,4,Mar,Tuesday,1939.92
5795,2025-04-06,Electronics,78.76,2,Credit Card,5,Apr,Sunday,157.52
5796,2025-06-12,Home & Kitchen,297.81,4,Credit Card,4,Jun,Thursday,1191.24
5797,2025-03-20,Beauty,108.48,5,PayPal,5,Mar,Thursday,542.4
5798,2025-01-05,Sports,397.14,4,UPI,2,Jan,Sunday,1588.56
5799,2025-11-12,Home & Kitchen,394.01,4,Debit Card,5,Nov,Wednesday,1576.04
5800,2025-04-30,Electronics,65.18,3,Credit Card,2,Apr,Wednesday,195.54000000000002
5801,2025-10-29,Home & Kitchen,456.91,3,Debit Card,4,Oct,Wednesday,1370.73
5802,2025-06-27,Sports,105.37,5,Debit Card,4,Jun,Friday,526.85
5803,2025-06-25,Clothing,310.36,2,Credit Card,2,Jun,Wednesday,620.72
5804,2025-08-05,Sports,492.96,1,UPI,3,Aug,Tuesday,492.96
5805,2025-02-25,Clothing,442.37,1,Debit Card,5,Feb,Tuesday,442.37
5806,2025-07-06,Clothing,478.72,5,UPI,1,Jul,Sunday,2393.6000000000004
5807,2025-08-20,Clothing,177.87,2,Debit Card,4,Aug,Wednesday,355.74
5808,2025-09-12,Home & Kitchen,61.73,2,UPI,5,Sep,Friday,123.46
5809,2025-04-14,Electronics,102.29,2,UPI,5,Apr,Monday,204.58
5810,2025-03-18,Home & Kitchen,255.24,3,UPI,4,Mar,Tuesday,765.72
5811,2025-08-18,Electronics,398.68,5,UPI,2,Aug,Monday,1993.4
5812,2025-09-15,Sports,83.58,1,Credit Card,4,Sep,Monday,83.58
5813,2025-09-21,Beauty,333.27,2,Debit Card,5,Sep,Sunday,666.54
5814,2025-11-27,Sports,168.55,5,UPI,3,Nov,Thursday,842.75
5815,2025-07-01,Home & Kitchen,177.19,1,PayPal,2,Jul,Tuesday,177.19
5816,2025-09-13,Home & Kitchen,334.34,3,Debit Card,4,Sep,Saturday,1003.02
5817,2025-02-07,Electronics,238.83,4,Debit Card,1,Feb,Friday,955.32
5818,2025-06-25,Home & Kitchen,407.9,1,UPI,4,Jun,Wednesday,407.9
5819,2025-01-27,Clothing,86.4,1,Debit Card,5,Jan,Monday,86.4
5820,2025-10-03,Home & Kitchen,397.07,1,PayPal,5,Oct,Friday,397.07
5821,2025-05-20,Electronics,41.48,4,PayPal,1,May,Tuesday,165.92
5822,2025-10-26,Electronics,105.09,2,PayPal,2,Oct,Sunday,210.18
5823,2025-10-14,Clothing,331.51,4,Debit Card,5,Oct,Tuesday,1326.04
5824,2025-04-01,Electronics,428.91,1,Debit Card,2,Apr,Tuesday,428.91
5825,2025-03-02,Beauty,133.81,3,UPI,2,Mar,Sunday,401.43
5826,2025-12-31,Sports,170.32,1,Debit Card,4,Dec,Wednesday,170.32
5827,2025-12-13,Home & Kitchen,273.19,3,Debit Card,2,Dec,Saturday,819.5699999999999
5828,2025-06-12,Beauty,113.67,5,UPI,5,Jun,Thursday,568.35
5829,2025-12-17,Home & Kitchen,407.47,3,PayPal,5,Dec,Wednesday,1222.41
5830,2025-05-23,Beauty,389.08,1,UPI,3,May,Friday,389.08
5831,2025-09-10,Home & Kitchen,81.19,4,Credit Card,2,Sep,Wednesday,324.76
5832,2025-09-26,Clothing,237.28,1,Debit Card,3,Sep,Friday,237.28
5833,2025-10-18,Electronics,389.67,1,Debit Card,4,Oct,Saturday,389.67
5834,2025-07-06,Electronics,175.29,5,Credit Card,3,Jul,Sunday,876.4499999999999
5835,2025-10-31,Clothing,320.22,2,Credit Card,2,Oct,Friday,640.44
5836,2025-10-18,Beauty,34.6,1,Credit Card,5,Oct,Saturday,34.6
5837,2025-03-27,Sports,308.26,5,UPI,4,Mar,Thursday,1541.3
5838,2025-06-15,Beauty,84.8,4,PayPal,2,Jun,Sunday,339.2
5839,2025-04-24,Electronics,416.99,5,UPI,4,Apr,Thursday,2084.95
5840,2025-12-22,Sports,184.17,5,Credit Card,1,Dec,Monday,920.8499999999999
5841,2025-07-02,Home & Kitchen,147.96,3,UPI,2,Jul,Wednesday,443.88
5842,2025-07-26,Sports,422.04,2,Debit Card,1,Jul,Saturday,844.08
5843,2025-09-13,Beauty,34.57,2,UPI,3,Sep,Saturday,69.14
5844,2025-08-23,Clothing,204.34,4,Credit Card,2,Aug,Saturday,817.36
5845,2025-12-21,Home & Kitchen,191.3,5,Debit Card,1,Dec,Sunday,956.5
5846,2025-01-03,Beauty,149.55,4,PayPal,5,Jan,Friday,598.2
5847,2025-07-27,Home & Kitchen,456.76,4,UPI,3,Jul,Sunday,1827.04
5848,2025-07-16,Sports,377.95,2,UPI,2,Jul,Wednesday,755.9
5849,2025-12-07,Electronics,41.32,2,Credit Card,2,Dec,Sunday,82.64
5850,2025-05-05,Beauty,360.2,2,PayPal,5,May,Monday,720.4
5851,2025-05-18,Clothing,268.38,1,Debit Card,5,May,Sunday,268.38
5852,2025-12-05,Sports,451.43,5,Credit Card,1,Dec,Friday,2257.15
5853,2025-01-25,Beauty,163.34,4,Credit Card,1,Jan,Saturday,653.36
5854,2025-03-09,Clothing,291.34,5,UPI,1,Mar,Sunday,1456.6999999999998
5855,2025-03-02,Beauty,255.37,4,PayPal,4,Mar,Sunday,1021.48
5856,2025-01-29,Sports,249.88,4,Credit Card,3,Jan,Wednesday,999.52
5857,2025-01-19,Beauty,233.49,4,UPI,2,Jan,Sunday,933.96
5858,2025-06-20,Home & Kitchen,110.76,4,Debit Card,3,Jun,Friday,443.04
5859,2025-03-15,Sports,380.3,3,Credit Card,5,Mar,Saturday,1140.9
5860,2025-03-02,Beauty,231.15,3,Debit Card,3,Mar,Sunday,693.45
5861,2025-06-02,Electronics,479.67,1,Debit Card,3,Jun,Monday,479.67
5862,2025-10-03,Beauty,137.8,2,UPI,1,Oct,Friday,275.6
5863,2025-02-17,Home & Kitchen,344.54,4,PayPal,5,Feb,Monday,1378.16
5864,2025-07-30,Clothing,470.95,5,Debit Card,3,Jul,Wednesday,2354.75
5865,2025-12-09,Clothing,335.09,3,Credit Card,2,Dec,Tuesday,1005.27
5866,2025-05-19,Clothing,436.92,2,PayPal,1,May,Monday,873.84
5867,2025-04-20,Electronics,415.47,1,PayPal,3,Apr,Sunday,415.47
5868,2025-07-02,Home & Kitchen,186.46,2,UPI,5,Jul,Wednesday,372.92
5869,2025-01-28,Sports,304.06,4,Credit Card,2,Jan,Tuesday,1216.24
5870,2025-07-16,Clothing,86.57,2,Credit Card,5,Jul,Wednesday,173.14
5871,2025-07-10,Home & Kitchen,272.41,4,UPI,5,Jul,Thursday,1089.64
5872,2025-11-11,Beauty,122.91,3,UPI,5,Nov,Tuesday,368.73
5873,2025-02-20,Electronics,374.43,3,PayPal,4,Feb,Thursday,1123.29
5874,2025-05-29,Home & Kitchen,268.75,4,Debit Card,2,May,Thursday,1075.0
5875,2025-09-25,Home & Kitchen,211.5,5,Debit Card,5,Sep,Thursday,1057.5
5876,2025-02-19,Sports,141.71,3,Debit Card,4,Feb,Wednesday,425.13
5877,2025-09-03,Home & Kitchen,499.36,5,Debit Card,1,Sep,Wednesday,2496.8
5878,2025-04-23,Sports,45.14,4,Credit Card,4,Apr,Wednesday,180.56
5879,2025-06-19,Electronics,31.34,4,Credit Card,1,Jun,Thursday,125.36
5880,2025-06-15,Electronics,116.46,3,UPI,4,Jun,Sunday,349.38
5881,2025-01-14,Beauty,485.83,5,UPI,5,Jan,Tuesday,2429.15
5882,2025-07-22,Sports,489.83,4,Debit Card,4,Jul,Tuesday,1959.32
5883,2025-10-15,Sports,330.91,3,UPI,4,Oct,Wednesday,992.73
5884,2025-07-08,Clothing,441.25,4,Credit Card,5,Jul,Tuesday,1765.0
5885,2025-06-04,Clothing,114.84,2,Debit Card,1,Jun,Wednesday,229.68
5886,2025-02-24,Beauty,486.3,2,Debit Card,5,Feb,Monday,972.6
5887,2025-07-01,Electronics,79.96,3,Credit Card,2,Jul,Tuesday,239.88
5888,2025-07-29,Clothing,59.55,4,PayPal,4,Jul,Tuesday,238.2
5889,2025-03-16,Home & Kitchen,64.98,3,Debit Card,2,Mar,Sunday,194.94
5890,2025-10-04,Electronics,290.83,1,UPI,5,Oct,Saturday,290.83
5891,2025-05-13,Home & Kitchen,392.68,3,PayPal,5,May,Tuesday,1178.04
5892,2025-12-09,Sports,189.67,3,Credit Card,3,Dec,Tuesday,569.01
5893,2025-02-28,Electronics,489.17,2,PayPal,2,Feb,Friday,978.34
5894,2025-12-11,Beauty,222.87,2,PayPal,3,Dec,Thursday,445.74
5895,2025-07-01,Sports,83.72,4,Debit Card,2,Jul,Tuesday,334.88
5896,2025-12-05,Sports,238.32,3,PayPal,3,Dec,Friday,714.96
5897,2025-11-17,Home & Kitchen,342.73,3,UPI,3,Nov,Monday,1028.19
5898,2025-03-05,Sports,417.79,4,Debit Card,2,Mar,Wednesday,1671.16
5899,2025-11-23,Clothing,234.8,5,Credit Card,5,Nov,Sunday,1174.0
5900,2025-09-17,Electronics,300.87,4,UPI,1,Sep,Wednesday,1203.48
5901,2025-07-12,Clothing,141.0,2,Debit Card,5,Jul,Saturday,282.0
5902,2025-05-23,Home & Kitchen,326.5,2,PayPal,1,May,Friday,653.0
5903,2025-04-14,Home & Kitchen,493.13,3,UPI,2,Apr,Monday,1479.3899999999999
5904,2025-08-02,Electronics,34.04,2,Debit Card,4,Aug,Saturday,68.08
5905,2025-08-30,Sports,444.4,4,Debit Card,5,Aug,Saturday,1777.6
5906,2025-07-28,Beauty,285.52,3,Credit Card,3,Jul,Monday,856.56
5907,2025-04-03,Home & Kitchen,133.53,4,Debit Card,5,Apr,Thursday,534.12
5908,2025-05-22,Electronics,477.9,4,Credit Card,2,May,Thursday,1911.6
5909,2025-04-22,Beauty,246.84,3,PayPal,4,Apr,Tuesday,740.52
5910,2025-02-28,Sports,172.53,5,Debit Card,4,Feb,Friday,862.65
5911,2025-02-12,Home & Kitchen,98.93,2,Debit Card,5,Feb,Wednesday,197.86
5912,2025-07-26,Electronics,129.78,1,PayPal,5,Jul,Saturday,129.78
5913,2025-09-25,Electronics,418.1,1,Debit Card,5,Sep,Thursday,418.1
5914,2025-10-23,Electronics,311.06,1,Debit Card,2,Oct,Thursday,311.06
5915,2025-04-28,Home & Kitchen,457.49,2,UPI,1,Apr,Monday,914.98
5916,2025-01-20,Beauty,123.66,5,Credit Card,1,Jan,Monday,618.3
5917,2025-08-10,Electronics,69.36,4,Debit Card,3,Aug,Sunday,277.44
5918,2025-06-15,Sports,12.98,3,Debit Card,2,Jun,Sunday,38.94
5919,2025-05-11,Electronics,258.85,5,Credit Card,4,May,Sunday,1294.25
5920,2025-06-05,Beauty,499.17,1,UPI,3,Jun,Thursday,499.17
5921,2025-07-03,Home & Kitchen,350.53,2,Credit Card,4,Jul,Thursday,701.06
5922,2025-03-31,Electronics,161.11,2,Debit Card,4,Mar,Monday,322.22
5923,2025-04-04,Electronics,439.66,3,PayPal,5,Apr,Friday,1318.98
5924,2025-01-13,Sports,393.04,4,PayPal,4,Jan,Monday,1572.16
5925,2025-11-18,Sports,17.55,5,UPI,4,Nov,Tuesday,87.75
5926,2025-10-20,Electronics,410.26,5,UPI,2,Oct,Monday,2051.3
5927,2025-08-18,Electronics,157.26,5,Debit Card,5,Aug,Monday,786.3
5928,2025-11-18,Sports,83.34,4,UPI,5,Nov,Tuesday,333.36
5929,2025-10-19,Beauty,120.9,4,Debit Card,3,Oct,Sunday,483.6
5930,2025-01-26,Clothing,239.6,4,PayPal,5,Jan,Sunday,958.4
5931,2025-03-16,Clothing,218.19,3,UPI,1,Mar,Sunday,654.5699999999999
5932,2025-12-30,Electronics,151.55,2,Debit Card,2,Dec,Tuesday,303.1
5933,2025-10-26,Sports,94.39,1,Credit Card,3,Oct,Sunday,94.39
5934,2025-05-30,Home & Kitchen,383.49,4,UPI,1,May,Friday,1533.96
5935,2025-05-28,Home & Kitchen,495.15,2,Debit Card,4,May,Wednesday,990.3
5936,2025-01-08,Clothing,391.12,4,Debit Card,1,Jan,Wednesday,1564.48
5937,2025-01-29,Beauty,155.01,1,Credit Card,3,Jan,Wednesday,155.01
5938,2025-10-23,Clothing,129.96,4,PayPal,5,Oct,Thursday,519.84
5939,2025-07-28,Electronics,116.66,2,Credit Card,2,Jul,Monday,233.32
5940,2025-05-08,Beauty,76.98,3,Debit Card,3,May,Thursday,230.94
5941,2025-12-06,Home & Kitchen,280.15,1,Credit Card,1,Dec,Saturday,280.15
5942,2025-04-26,Sports,306.65,2,Credit Card,1,Apr,Saturday,613.3
5943,2025-05-24,Sports,355.7,5,Debit Card,3,May,Saturday,1778.5
5944,2025-11-14,Electronics,343.3,5,PayPal,3,Nov,Friday,1716.5
5945,2025-08-23,Clothing,153.24,5,Credit Card,3,Aug,Saturday,766.2
5946,2025-01-07,Electronics,171.85,3,Credit Card,5,Jan,Tuesday,515.55
5947,2025-02-14,Sports,343.94,4,UPI,3,Feb,Friday,1375.76
5948,2025-08-27,Home & Kitchen,181.23,4,UPI,4,Aug,Wednesday,724.92
5949,2025-06-04,Sports,114.19,4,Debit Card,2,Jun,Wednesday,456.76
5950,2025-06-30,Beauty,193.42,3,Debit Card,2,Jun,Monday,580.26
5951,2025-08-03,Sports,143.32,5,Debit Card,4,Aug,Sunday,716.5999999999999
5952,2025-03-29,Sports,53.27,4,UPI,1,Mar,Saturday,213.08
5953,2025-09-13,Beauty,416.77,3,Debit Card,1,Sep,Saturday,1250.31
5954,2025-03-14,Clothing,428.02,3,Credit Card,1,Mar,Friday,1284.06
5955,2025-06-28,Sports,117.68,2,Credit Card,1,Jun,Saturday,235.36
5956,2025-07-31,Electronics,41.74,4,PayPal,5,Jul,Thursday,166.96
5957,2025-10-20,Sports,372.03,5,Debit Card,4,Oct,Monday,1860.1499999999999
5958,2025-08-22,Electronics,113.65,1,Credit Card,2,Aug,Friday,113.65
5959,2025-08-27,Beauty,202.78,3,Credit Card,4,Aug,Wednesday,608.34
5960,2025-08-11,Sports,41.43,2,PayPal,2,Aug,Monday,82.86
5961,2025-04-29,Beauty,120.87,1,Credit Card,1,Apr,Tuesday,120.87
5962,2025-11-09,Beauty,398.52,3,PayPal,5,Nov,Sunday,1195.56
5963,2025-09-21,Clothing,404.15,2,PayPal,3,Sep,Sunday,808.3
5964,2025-07-26,Sports,111.47,4,UPI,3,Jul,Saturday,445.88
5965,2025-04-05,Electronics,174.6,2,Credit Card,1,Apr,Saturday,349.2
5966,2025-08-10,Electronics,75.78,3,UPI,1,Aug,Sunday,227.34
5967,2025-10-03,Sports,46.34,4,Credit Card,4,Oct,Friday,185.36
5968,2025-08-19,Clothing,496.16,5,UPI,5,Aug,Tuesday,2480.8
5969,2025-11-05,Clothing,331.24,2,PayPal,5,Nov,Wednesday,662.48
5970,2025-04-29,Clothing,275.63,1,PayPal,4,Apr,Tuesday,275.63
5971,2025-09-25,Electronics,385.09,4,PayPal,5,Sep,Thursday,1540.36
5972,2025-09-30,Beauty,421.64,4,PayPal,5,Sep,Tuesday,1686.56
5973,2025-03-05,Clothing,405.29,5,Credit Card,3,Mar,Wednesday,2026.45
5974,2025-10-25,Electronics,18.1,2,Debit Card,5,Oct,Saturday,36.2
5975,2025-12-16,Electronics,101.54,1,Credit Card,1,Dec,Tuesday,101.54
5976,2025-01-11,Beauty,330.9,5,UPI,3,Jan,Saturday,1654.5
5977,2025-04-08,Sports,194.12,2,Credit Card,1,Apr,Tuesday,388.24
5978,2025-03-12,Sports,491.42,1,Credit Card,1,Mar,Wednesday,491.42
5979,2025-12-30,Clothing,336.05,1,UPI,4,Dec,Tuesday,336.05
5980,2025-02-27,Clothing,478.71,3,PayPal,5,Feb,Thursday,1436.1299999999999
5981,2025-10-17,Beauty,108.71,1,UPI,5,Oct,Friday,108.71
5982,2025-09-08,Clothing,433.34,2,UPI,5,Sep,Monday,866.68
5983,2025-10-03,Beauty,167.46,5,Debit Card,5,Oct,Friday,837.3000000000001
5984,2025-02-19,Electronics,494.89,5,Debit Card,3,Feb,Wednesday,2474.45
5985,2025-12-24,Clothing,87.27,3,PayPal,2,Dec,Wednesday,261.81
5986,2025-08-04,Electronics,263.01,2,UPI,1,Aug,Monday,526.02
5987,2025-02-21,Home & Kitchen,398.49,1,UPI,2,Feb,Friday,398.49
5988,2025-09-28,Beauty,221.99,3,UPI,2,Sep,Sunday,665.97
5989,2025-03-25,Home & Kitchen,239.36,4,Credit Card,2,Mar,Tuesday,957.44
5990,2025-10-20,Clothing,493.31,2,Debit Card,3,Oct,Monday,986.62
5991,2025-05-06,Electronics,218.4,3,Debit Card,2,May,Tuesday,655.2
5992,2025-10-23,Clothing,306.0,5,PayPal,3,Oct,Thursday,1530.0
5993,2025-03-13,Home & Kitchen,36.72,3,Debit Card,4,Mar,Thursday,110.16
5994,2025-10-23,Clothing,422.68,4,Debit Card,4,Oct,Thursday,1690.72
5995,2025-08-24,Sports,327.6,2,PayPal,4,Aug,Sunday,655.2
5996,2025-02-25,Home & Kitchen,207.97,3,UPI,3,Feb,Tuesday,623.91
5997,2025-12-26,Clothing,17.92,1,Credit Card,3,Dec,Friday,17.92
5998,2025-04-20,Electronics,299.92,2,PayPal,1,Apr,Sunday,599.84
5999,2025-07-11,Clothing,16.2,3,Debit Card,2,Jul,Friday,48.599999999999994
6000,2025-04-03,Electronics,10.59,3,PayPal,5,Apr,Thursday,31.77
